date,open,high,low,close,volume,Name
2013-02-08,67.7142,68.4014,66.8928,67.8542,158168416,AAPL
2013-02-11,68.0714,69.2771,67.6071,68.5614,129029425,AAPL
2013-02-12,68.5014,68.9114,66.8205,66.8428,151829363,AAPL
2013-02-13,66.7442,67.6628,66.1742,66.7156,118721995,AAPL
2013-02-14,66.3599,67.3771,66.2885,66.6556,88809154,AAPL
2013-02-15,66.9785,67.1656,65.7028,65.7371,97924631,AAPL
2013-02-19,65.8714,66.1042,64.8356,65.7128,108854046,AAPL
2013-02-20,65.3842,65.3842,64.1142,64.1214,118891367,AAPL
2013-02-21,63.7142,64.1671,63.2599,63.7228,111596821,AAPL
2013-02-22,64.1785,64.5142,63.7999,64.4014,82583823,AAPL
2013-02-25,64.8356,65.0171,63.2242,63.2571,92899597,AAPL
2013-02-26,63.4028,64.5056,62.5228,64.1385,125096657,AAPL
2013-02-27,64.0614,64.6342,62.9499,63.5099,146674682,AAPL
2013-02-28,63.4357,63.9814,63.0571,63.0571,80532382,AAPL
2013-03-01,62.5714,62.5971,61.4257,61.4957,137899041,AAPL
2013-03-04,61.1142,61.1714,59.8571,60.0071,145406366,AAPL
2013-03-05,60.2114,62.1699,60.1071,61.5919,159298020,AAPL
2013-03-06,62.0728,62.1785,60.6328,60.8088,114903180,AAPL
2013-03-07,60.6428,61.7157,60.1514,61.5117,116992841,AAPL
2013-03-08,61.3999,62.2042,61.2299,61.6742,97854442,AAPL
2013-03-11,61.3928,62.7157,60.7342,62.5528,118272126,AAPL
2013-03-12,62.2285,62.6971,61.0814,61.2042,116268341,AAPL
2013-03-13,61.2071,62.0714,60.7657,61.1928,101369051,AAPL
2013-03-14,61.8328,62.0914,61.4928,61.7857,75834906,AAPL
2013-03-15,62.5614,63.4614,62.4642,63.3799,160710606,AAPL
2013-03-18,63.0642,65.3514,63.0285,65.1028,150441144,AAPL
2013-03-19,65.6428,65.8528,64.0714,64.9271,131531708,AAPL
2013-03-20,65.3456,65.3756,64.2271,64.5828,77016849,AAPL
2013-03-21,64.3171,65.4256,64.2999,64.6756,95493524,AAPL
2013-03-22,64.9399,66.0142,64.7299,65.9871,98570591,AAPL
2013-03-25,66.3842,67.1356,65.9685,66.2256,125073165,AAPL
2013-03-26,66.4914,66.5485,65.7899,65.8765,73428208,AAPL
2013-03-27,65.2085,65.2571,64.3899,64.5828,81854409,AAPL
2013-03-28,64.2599,64.5455,63.0885,63.2371,110698007,AAPL
2013-04-01,63.1285,63.3854,61.1057,61.2728,97294421,AAPL
2013-04-02,61.0857,62.5914,60.9142,61.3988,132350022,AAPL
2013-04-03,61.6242,62.4685,61.4728,61.7128,90719482,AAPL
2013-04-04,61.9657,62.1428,60.7499,61.1028,89589332,AAPL
2013-04-05,60.6428,60.7071,59.9542,60.4571,95743088,AAPL
2013-04-08,60.6928,61.0714,60.3557,60.8871,75169647,AAPL
2013-04-09,60.9085,61.2142,60.3928,60.9971,76615504,AAPL
2013-04-10,61.1571,62.4371,60.8585,62.2414,93895844,AAPL
2013-04-11,61.9599,62.5699,61.5999,62.0471,82073628,AAPL
2013-04-12,62.0214,62.0214,61.2985,61.3999,59651011,AAPL
2013-04-15,60.9999,61.1271,59.9357,59.9785,79157071,AAPL
2013-04-16,60.2242,60.9442,60.0814,60.8914,76222076,AAPL
2013-04-17,60.0385,60.0857,56.8728,57.5428,236138966,AAPL
2013-04-18,57.8557,57.9699,55.6774,56.0071,166438048,AAPL
2013-04-19,55.4242,57.0857,55.0142,55.7899,152194413,AAPL
2013-04-22,56.0914,57.4571,55.8964,56.9528,107338322,AAPL
2013-04-23,57.7128,58.3401,56.9728,58.0185,160760747,AAPL
2013-04-24,56.2199,59.3214,56.0714,57.9231,242387530,AAPL
2013-04-25,58.7464,59.1342,58.1428,58.3399,95984896,AAPL
2013-04-26,58.5442,59.8241,58.3214,59.6007,191006032,AAPL
2013-04-29,60.0642,61.9452,59.9999,61.4457,159958876,AAPL
2013-04-30,62.1571,63.6071,61.7242,63.2542,172737600,AAPL
2013-05-01,63.4942,63.5614,62.0557,62.7557,126720237,AAPL
2013-05-02,63.1114,64.0842,62.9471,63.6457,105449078,AAPL
2013-05-03,64.4728,64.7471,64.1642,64.2828,90319201,AAPL
2013-05-06,65.1014,66.0285,64.9014,65.8156,124017747,AAPL
2013-05-07,66.4242,66.5356,64.8142,65.5225,120499960,AAPL
2013-05-08,65.5771,66.4814,65.1156,66.2628,118010781,AAPL
2013-05-09,65.6871,66.1428,65.0828,65.2528,99555337,AAPL
2013-05-10,65.4242,65.6728,64.3542,64.7099,83631828,AAPL
2013-05-13,64.5014,65.4142,64.4999,64.9628,79220953,AAPL
2013-05-14,64.8356,65.0285,63.1642,63.4085,111647130,AAPL
2013-05-15,62.7371,62.9999,60.3371,61.2642,185278968,AAPL
2013-05-16,60.4628,62.5499,59.8428,62.0825,150794546,AAPL
2013-05-17,62.7214,62.8699,61.5728,61.8942,106973181,AAPL
2013-05-20,61.7014,63.6857,61.4428,63.2757,112681030,AAPL
2013-05-21,62.5928,63.6399,62.0285,62.8085,113921367,AAPL
2013-05-22,63.4357,64.0499,62.6028,63.0505,110727309,AAPL
2013-05-23,62.2785,63.7371,62.2557,63.1628,88244695,AAPL
2013-05-24,62.9785,63.6657,62.9085,63.5928,69036716,AAPL
2013-05-28,64.2714,64.4442,62.9785,63.0627,96404189,AAPL
2013-05-29,62.8571,63.9285,62.7714,63.5642,82641944,AAPL
2013-05-30,63.6642,64.9285,63.5014,64.5114,88379522,AAPL
2013-05-31,64.6428,65.2999,64.2142,64.2478,95832240,AAPL
2013-06-03,64.3899,64.6228,63.2114,64.3885,92926932,AAPL
2013-06-04,64.7456,64.9185,63.9128,64.1871,72860221,AAPL
2013-06-05,63.6642,64.3885,63.3871,63.5871,72545760,AAPL
2013-06-06,63.6385,63.8571,62.0071,62.6371,104230322,AAPL
2013-06-07,62.3571,63.3199,61.8242,63.1158,101120551,AAPL
2013-06-10,63.5328,64.1541,62.3999,62.6985,112522179,AAPL
2013-06-11,62.2485,63.2514,61.9028,62.5142,71526560,AAPL
2013-06-12,62.7857,63.0357,61.6428,61.7414,66295887,AAPL
2013-06-13,61.7857,62.4485,61.2499,62.2807,71456693,AAPL
2013-06-14,62.1999,62.3271,61.2142,61.4357,67962419,AAPL
2013-06-17,61.6342,62.2428,61.4802,61.7142,64818670,AAPL
2013-06-18,61.6514,62.1285,61.4585,61.6814,48753768,AAPL
2013-06-19,61.6285,61.6657,60.4285,60.4285,77715057,AAPL
2013-06-20,59.8999,60.8542,59.3099,59.5482,89327210,AAPL
2013-06-21,59.7842,59.9999,58.3,59.0714,120286768,AAPL
2013-06-24,58.1999,58.3799,56.8642,57.5057,120104964,AAPL
2013-06-25,57.9571,58.2557,56.9757,57.5185,78534687,AAPL
2013-06-26,57.6999,57.8271,56.5228,56.8671,91924994,AAPL
2013-06-27,57.0357,57.3414,56.2199,56.2542,84297955,AAPL
2013-06-28,55.9085,57.1814,55.5528,56.6471,144619734,AAPL
2013-07-01,57.5271,58.8957,57.3171,58.4599,97743408,AAPL
2013-07-02,58.5657,60.2328,58.4957,59.7842,117442150,AAPL
2013-07-03,60.1228,60.4257,59.6357,60.1142,60232158,AAPL
2013-07-05,60.0557,60.4699,59.3357,59.6314,68505794,AAPL
2013-07-08,60.0157,60.1428,58.6642,59.2928,74521398,AAPL
2013-07-09,59.0857,60.4999,58.6257,60.3357,88142026,AAPL
2013-07-10,59.9428,60.6857,59.7499,60.1042,70107226,AAPL
2013-07-11,60.4214,61.1785,60.1671,61.0411,81571665,AAPL
2013-07-12,61.0928,61.3985,60.4871,60.9299,69882694,AAPL
2013-07-15,60.7157,61.6371,60.6857,61.0628,60478033,AAPL
2013-07-16,60.9314,61.5299,60.5957,61.4564,54033805,AAPL
2013-07-17,61.3857,61.7457,61.1742,61.4728,49743169,AAPL
2013-07-18,61.9114,62.1242,61.5157,61.6797,54696012,AAPL
2013-07-19,61.8714,61.9971,60.6214,60.7071,67174828,AAPL
2013-07-22,61.3514,61.3928,60.7811,60.9014,51946202,AAPL
2013-07-23,60.8571,60.9942,59.8157,59.8557,91062300,AAPL
2013-07-24,62.7042,63.5128,62.1799,62.9299,147978789,AAPL
2013-07-25,62.9571,63.0571,62.2585,62.6428,57371671,AAPL
2013-07-26,62.1857,63.0057,62.0485,62.9985,50031170,AAPL
2013-07-29,62.9714,64.2842,62.8857,63.9699,62021344,AAPL
2013-07-30,64.2799,65.3071,64.1757,64.7599,77257432,AAPL
2013-07-31,64.9985,65.3346,64.2042,64.6471,80637830,AAPL
2013-08-01,65.1075,65.2571,64.7514,65.2394,51461179,AAPL
2013-08-02,65.4299,66.1214,65.2371,66.0771,68467077,AAPL
2013-08-05,66.3842,67.2385,66.0214,67.0642,79589930,AAPL
2013-08-06,66.8599,67.4128,66.0242,66.4642,83715443,AAPL
2013-08-07,66.2571,66.7142,65.9671,66.4256,74663176,AAPL
2013-08-08,66.2649,66.2999,65.4214,65.8585,63946841,AAPL
2013-08-09,65.5199,65.7799,64.8071,64.9214,66772986,AAPL
2013-08-12,65.2656,66.9499,65.2328,66.7656,91008477,AAPL
2013-08-13,67.2771,70.6656,66.8642,69.9385,219634975,AAPL
2013-08-14,71.1256,72.0356,70.4856,71.2142,188602792,AAPL
2013-08-15,70.9171,71.7712,69.869,71.1299,122441893,AAPL
2013-08-16,71.4499,71.8485,71.2656,71.7614,90461889,AAPL
2013-08-19,72.0485,73.3914,71.9999,72.5342,127478547,AAPL
2013-08-20,72.8156,72.9385,71.5456,71.5814,89531771,AAPL
2013-08-21,71.9414,72.4499,71.5999,71.7656,83809726,AAPL
2013-08-22,72.1399,72.2271,71.1714,71.8514,60877852,AAPL
2013-08-23,71.8956,71.9071,71.3356,71.5742,55587686,AAPL
2013-08-26,71.5356,72.8856,71.4999,71.8528,82398085,AAPL
2013-08-27,71.1428,71.7871,69.4714,69.7985,105930335,AAPL
2013-08-28,69.4285,70.8285,69.4285,70.1279,76793066,AAPL
2013-08-29,70.2356,70.9285,70.1614,70.2428,59807748,AAPL
2013-08-30,70.2856,70.4214,69.4999,69.6022,68078395,AAPL
2013-09-03,70.4428,71.5142,69.6214,69.7971,83000148,AAPL
2013-09-04,71.3656,71.7485,70.8971,71.2415,86049453,AAPL
2013-09-05,71.4642,71.5256,70.5199,70.7528,58913211,AAPL
2013-09-06,71.2056,71.3399,69.9928,71.1742,89551595,AAPL
2013-09-09,72.1428,72.5599,71.9256,72.3099,84887432,AAPL
2013-09-10,72.3142,72.4928,69.9285,70.6628,185494435,AAPL
2013-09-11,66.7157,67.6699,66.4014,66.8156,224250866,AAPL
2013-09-12,66.9285,67.9142,66.5728,67.5271,100874816,AAPL
2013-09-13,67.0485,67.4041,66.3856,66.4142,74578903,AAPL
2013-09-16,65.8571,65.9442,63.8885,64.3028,136823442,AAPL
2013-09-17,63.9942,65.6728,63.9285,65.0456,99756489,AAPL
2013-09-18,66.1685,66.6214,65.8085,66.3828,113743049,AAPL
2013-09-19,67.2428,67.9756,67.0356,67.4714,100918377,AAPL
2013-09-20,68.2856,68.3642,66.5714,66.7728,174570949,AAPL
2013-09-23,70.8714,70.9871,68.9428,70.0914,190021706,AAPL
2013-09-24,70.6971,70.7814,69.6885,69.8714,90602953,AAPL
2013-09-25,69.8856,69.9485,68.7757,68.7899,79110192,AAPL
2013-09-26,69.4285,69.7942,69.1285,69.4599,59086559,AAPL
2013-09-27,69.1114,69.2385,68.6742,68.9642,56816676,AAPL
2013-09-30,68.1785,68.8085,67.7729,68.1071,64852879,AAPL
2013-10-01,68.3499,69.8771,68.3401,69.7085,88255013,AAPL
2013-10-02,69.3756,70.2571,69.1071,69.9371,71849680,AAPL
2013-10-03,70.0728,70.3356,68.6769,69.0585,80629248,AAPL
2013-10-04,69.1228,69.2285,68.3714,69.0042,64673329,AAPL
2013-10-07,69.5085,70.3785,69.3356,69.6785,77919884,AAPL
2013-10-08,69.9914,70.0914,68.6485,68.7056,72418815,AAPL
2013-10-09,69.2342,69.6842,68.3256,69.5125,75311488,AAPL
2013-10-10,70.1885,70.3399,69.5771,69.9482,69650490,AAPL
2013-10-11,69.5699,70.5485,69.3085,70.4016,66934938,AAPL
2013-10-14,69.9756,71.0828,69.9071,70.8628,65474542,AAPL
2013-10-15,71.0721,71.7142,70.7885,71.2399,80018603,AAPL
2013-10-16,71.5414,71.7899,71.3185,71.5876,62775013,AAPL
2013-10-17,71.4256,72.1114,71.3828,72.0714,63398335,AAPL
2013-10-18,72.2842,72.7514,72.2442,72.6985,72635570,AAPL
2013-10-21,73.1099,74.8999,73.0742,74.4802,99526945,AAPL
2013-10-22,75.2006,75.4927,72.5756,74.2667,133515753,AAPL
2013-10-23,74.1428,75.0956,74.1428,74.9942,78431122,AAPL
2013-10-24,74.9999,76.0671,74.6356,75.9871,96191095,AAPL
2013-10-25,75.9021,76.1756,75.0156,75.1368,84448133,AAPL
2013-10-28,75.5771,75.8571,74.7442,75.6965,137610123,AAPL
2013-10-29,76.6099,77.0356,73.5056,73.8111,158952115,AAPL
2013-10-30,74.2299,75.3599,73.8599,74.9851,88540697,AAPL
2013-10-31,74.9999,75.3556,74.4671,74.6716,68923785,AAPL
2013-11-01,74.8599,74.9714,73.6914,74.2899,68722304,AAPL
2013-11-04,74.4428,75.2599,74.1156,75.2499,61157033,AAPL
2013-11-05,74.9399,75.5549,74.7142,75.0641,66368071,AAPL
2013-11-06,74.8785,74.9799,74.0285,74.4171,55844152,AAPL
2013-11-07,74.2256,74.7414,73.1971,73.2131,65655100,AAPL
2013-11-08,73.5114,74.4471,73.2271,74.3656,69829543,AAPL
2013-11-11,74.2842,74.5242,73.4871,74.1496,56863303,AAPL
2013-11-12,73.9528,74.8456,73.8571,74.2871,51114651,AAPL
2013-11-13,73.9999,74.6071,73.8514,74.3762,49304927,AAPL
2013-11-14,74.6871,75.6114,74.5528,75.4514,70605087,AAPL
2013-11-15,75.2256,75.5842,74.9271,74.9986,79479764,AAPL
2013-11-18,74.9985,75.3128,74.0285,74.0898,61236224,AAPL
2013-11-19,74.1471,74.7685,73.9956,74.2214,52234707,AAPL
2013-11-20,74.1756,74.3456,73.4756,73.5714,48545798,AAPL
2013-11-21,73.9428,74.4585,73.3814,74.4479,65506861,AAPL
2013-11-22,74.2171,74.5942,74.0756,74.2571,55931232,AAPL
2013-11-25,74.4314,75.1242,74.4285,74.8199,57348403,AAPL
2013-11-26,74.8742,76.5914,74.8571,76.1999,100345728,AAPL
2013-11-27,76.6156,77.9999,76.1999,77.9942,90861841,AAPL
2013-11-29,78.4971,79.7613,78.2585,79.4385,79532215,AAPL
2013-12-02,79.7142,80.6185,78.6885,78.7471,118135885,AAPL
2013-12-03,79.7571,80.9113,79.6685,80.9031,112741734,AAPL
2013-12-04,80.7856,81.3128,80.1171,80.7142,94452666,AAPL
2013-12-05,81.8071,82.1622,80.9156,81.1286,111895315,AAPL
2013-12-06,80.8271,80.9642,79.9385,80.0028,86088352,AAPL
2013-12-09,80.1285,81.3685,80.1285,80.9185,80123533,AAPL
2013-12-10,80.5113,81.1256,80.1713,80.7928,69567610,AAPL
2013-12-11,80.9999,81.5671,79.9556,80.1942,89929693,AAPL
2013-12-12,80.3058,80.7628,80.0042,80.0771,65572318,AAPL
2013-12-13,80.4071,80.4113,79.0956,79.2042,83205283,AAPL
2013-12-16,79.2885,80.3769,79.2871,79.6428,70648452,AAPL
2013-12-17,79.4013,79.9199,79.0535,79.2842,57475649,AAPL
2013-12-18,78.5285,78.7785,76.9714,78.6813,141465807,AAPL
2013-12-19,78.4999,78.5713,77.6757,77.7799,80239369,AAPL
2013-12-20,77.9185,78.8013,77.831,78.4314,109103435,AAPL
2013-12-23,81.1428,81.5313,80.3942,81.4413,125326831,AAPL
2013-12-24,81.4128,81.6971,80.8613,81.0956,41888735,AAPL
2013-12-26,81.1571,81.3571,80.4822,80.5571,51002035,AAPL
2013-12-27,80.5456,80.6299,79.9285,80.0128,56471317,AAPL
2013-12-30,79.6371,80.0128,78.9029,79.2171,63407722,AAPL
2013-12-31,79.1671,80.1828,79.1428,80.1456,55819372,AAPL
2014-01-02,79.3828,79.5756,78.8601,79.0185,58791957,AAPL
2014-01-03,78.9799,79.0999,77.2042,77.2828,98303870,AAPL
2014-01-06,76.7785,78.1142,76.2285,77.7042,103359151,AAPL
2014-01-07,77.7599,77.9942,76.8464,77.1481,79432766,AAPL
2014-01-08,76.9728,77.9371,76.9556,77.6371,64686685,AAPL
2014-01-09,78.1142,78.1228,76.4785,76.6455,69905199,AAPL
2014-01-10,77.1185,77.2571,75.8728,76.1342,76320664,AAPL
2014-01-13,75.7014,77.4999,75.6971,76.5328,94860843,AAPL
2014-01-14,76.8885,78.1042,76.8085,78.0556,83734371,AAPL
2014-01-15,79.0742,80.0285,78.8085,79.6228,98472619,AAPL
2014-01-16,79.2713,79.5499,78.8113,79.1785,57471330,AAPL
2014-01-17,78.7828,78.8671,77.1285,77.2385,108426689,AAPL
2014-01-21,77.2842,78.5813,77.2028,78.4385,82255544,AAPL
2014-01-22,78.702,79.6128,78.2585,78.7871,95219334,AAPL
2014-01-23,78.5628,79.4999,77.8294,79.4542,100978346,AAPL
2014-01-24,79.1428,79.3742,77.8214,78.0099,108384437,AAPL
2014-01-27,78.5813,79.2571,77.9642,78.6428,144219152,AAPL
2014-01-28,72.6799,73.5714,71.7242,72.3571,266833581,AAPL
2014-01-29,71.9928,72.4814,71.2314,71.5356,125942796,AAPL
2014-01-30,71.7914,72.3571,70.9571,71.3974,169762789,AAPL
2014-01-31,70.7399,71.6471,70.5071,71.5142,116336444,AAPL
2014-02-03,71.8014,72.5328,71.3285,71.6471,100620772,AAPL
2014-02-04,72.2642,72.7799,71.8228,72.6842,94273543,AAPL
2014-02-05,72.3656,73.6114,72.3216,73.2271,82322156,AAPL
2014-02-06,72.8656,73.3571,72.5442,73.2156,64497223,AAPL
2014-02-07,74.4828,74.7042,73.9114,74.2399,93638601,AAPL
2014-02-10,74.0942,75.9985,73.9999,75.5699,86451022,AAPL
2014-02-11,75.8014,76.8214,75.6428,76.5656,70672252,AAPL
2014-02-12,76.7071,77.0799,76.1771,76.5599,77127064,AAPL
2014-02-13,76.3799,77.8356,76.3142,77.7756,76960156,AAPL
2014-02-14,77.4956,77.9971,77.3156,77.7128,68468036,AAPL
2014-02-18,77.9999,78.7413,77.9442,77.9985,65306248,AAPL
2014-02-19,77.8214,78.1271,76.3356,76.7671,78554420,AAPL
2014-02-20,76.1414,76.7142,75.5714,75.8785,76529103,AAPL
2014-02-21,76.1132,76.3671,74.9428,75.0356,69757247,AAPL
2014-02-24,74.7356,75.7028,74.6314,75.3642,72364950,AAPL
2014-02-25,75.6256,75.6521,74.4285,74.5799,58247350,AAPL
2014-02-26,74.8014,74.9999,73.6571,73.9071,69131286,AAPL
2014-02-27,73.8771,75.5399,73.7214,75.3814,75557321,AAPL
2014-02-28,75.5828,76.1071,74.5885,75.1771,93074653,AAPL
2014-03-03,74.7742,75.8071,74.6871,75.3942,59667923,AAPL
2014-03-04,75.8571,76.0914,75.3956,75.8914,64884834,AAPL
2014-03-05,75.8456,76.3928,75.5899,76.0514,50065519,AAPL
2014-03-06,76.1128,76.3485,75.4428,75.8214,46423111,AAPL
2014-03-07,75.8699,75.9971,75.1499,75.7771,55415241,AAPL
2014-03-10,75.4799,76.1899,75.4769,75.8456,44691430,AAPL
2014-03-11,76.4928,76.9628,76.0842,76.5842,70198849,AAPL
2014-03-12,76.3585,76.7642,75.9999,76.6585,50195460,AAPL
2014-03-13,76.7771,77.0942,75.5942,75.8071,64435609,AAPL
2014-03-14,75.5414,75.8414,74.7142,74.9556,59299492,AAPL
2014-03-17,75.3856,75.7099,75.1214,75.2485,49886074,AAPL
2014-03-18,75.1285,75.9956,75.0285,75.9142,52411863,AAPL
2014-03-19,76.0371,76.6056,75.5714,75.8942,56188958,AAPL
2014-03-20,75.6985,76.0956,75.3356,75.5285,52099537,AAPL
2014-03-21,75.9899,76.2499,75.1899,76.1242,93612169,AAPL
2014-03-24,76.9171,77.2142,76.4371,77.0271,88924871,AAPL
2014-03-25,77.3571,77.9642,77.0842,77.8556,70573356,AAPL
2014-03-26,78.0742,78.4285,76.9799,77.1114,74942224,AAPL
2014-03-27,77.1449,77.3571,76.4457,76.7799,55507676,AAPL
2014-03-28,76.9028,76.9913,76.3214,76.6942,50141063,AAPL
2014-03-31,77.0328,77.2585,76.5614,76.6771,42167188,AAPL
2014-04-01,76.8228,77.4099,76.6814,77.3785,50189685,AAPL
2014-04-02,77.4828,77.6399,77.1799,77.5071,44792195,AAPL
2014-04-03,77.3414,77.4999,76.8056,76.9699,40648111,AAPL
2014-04-04,77.1156,77.1428,75.7971,75.9742,68812485,AAPL
2014-04-07,75.4314,75.8428,74.5556,74.7814,72462530,AAPL
2014-04-08,75.0271,75.1599,74.0999,74.7771,60971883,AAPL
2014-04-09,74.6628,75.7842,74.5742,75.7599,51542722,AAPL
2014-04-10,75.8114,76.0342,74.7385,74.7828,59912818,AAPL
2014-04-11,74.1428,74.6899,73.8771,74.2299,67975012,AAPL
2014-04-14,74.5571,74.5942,73.8871,74.5256,51445177,AAPL
2014-04-15,74.3242,74.5199,73.0471,73.9942,66622577,AAPL
2014-04-16,74.0071,74.4414,73.4478,74.1442,53732994,AAPL
2014-04-17,74.2856,75.3942,74.1714,74.9914,71106721,AAPL
2014-04-21,75.0485,76.0199,74.8514,75.8814,45668931,AAPL
2014-04-22,75.4728,75.9751,75.2144,75.9569,50664453,AAPL
2014-04-23,75.5799,75.8756,74.9214,74.9642,98735259,AAPL
2014-04-24,81.1728,81.4285,80.1042,81.1099,189978082,AAPL
2014-04-25,80.6471,81.7128,80.5656,81.7056,97568814,AAPL
2014-04-28,81.8285,85.1071,81.7928,84.8699,167371680,AAPL
2014-04-29,84.8199,85.1399,84.2156,84.6185,84344673,AAPL
2014-04-30,84.6628,85.6328,84.2571,84.2985,114220883,AAPL
2014-05-01,84.5713,84.9713,83.7656,84.4971,61052418,AAPL
2014-05-02,84.6199,84.8856,84.2442,84.6542,47878572,AAPL
2014-05-05,84.3056,85.8571,84.2856,85.8513,71766758,AAPL
2014-05-06,85.9713,86.3442,84.9156,84.9156,93641373,AAPL
2014-05-07,85.0356,85.3271,83.9613,84.6185,70715988,AAPL
2014-05-08,84.0356,84.9156,83.7713,83.9985,57574363,AAPL
2014-05-09,83.5056,83.7499,82.9042,83.6488,72899498,AAPL
2014-05-12,83.9271,84.8085,83.9142,84.6899,53324677,AAPL
2014-05-13,84.5713,84.9342,84.3856,84.8228,39934594,AAPL
2014-05-14,84.6328,85.3428,84.5342,84.8385,41600846,AAPL
2014-05-15,84.9571,85.2285,84.0056,84.1171,57711731,AAPL
2014-05-16,84.0899,85.3613,83.6285,85.3585,69091834,AAPL
2014-05-19,85.4071,86.7613,85.3328,86.3699,79439024,AAPL
2014-05-20,86.3585,86.6285,85.8185,86.3871,58708986,AAPL
2014-05-21,86.2613,86.6713,86.0085,86.6156,49249914,AAPL
2014-05-22,86.6571,87.1213,86.2999,86.7528,50218945,AAPL
2014-05-23,86.7499,87.8184,86.6385,87.7328,58052491,AAPL
2014-05-27,87.9828,89.4085,87.9471,89.3756,87216605,AAPL
2014-05-28,89.4313,89.9756,89.1113,89.1442,78921885,AAPL
2014-05-29,89.6928,90.9813,89.6813,90.7685,94118633,AAPL
2014-05-30,91.1399,92.0242,89.8428,90.4285,141005137,AAPL
2014-06-02,90.5656,90.6899,88.9285,89.8071,92337903,AAPL
2014-06-03,89.7799,91.2485,89.7499,91.0771,73231620,AAPL
2014-06-04,91.0628,92.5556,90.8728,92.1171,83870521,AAPL
2014-06-05,92.3142,92.767,91.8013,92.4785,75951141,AAPL
2014-06-06,92.8428,93.037,92.0671,92.2242,87620911,AAPL
2014-06-09,92.7,93.88,91.75,93.7,75414804,AAPL
2014-06-10,94.73,95.05,93.57,94.25,62777042,AAPL
2014-06-11,94.13,94.76,93.47,93.86,45681114,AAPL
2014-06-12,94.04,94.12,91.9,92.29,54748791,AAPL
2014-06-13,92.2,92.44,90.88,91.28,54525280,AAPL
2014-06-16,91.51,92.75,91.45,92.2,35561270,AAPL
2014-06-17,92.31,92.7,91.8,92.08,29726347,AAPL
2014-06-18,92.27,92.29,91.35,92.18,33514108,AAPL
2014-06-19,92.29,92.3,91.3389,91.86,35527686,AAPL
2014-06-20,91.85,92.55,90.9,90.91,100898066,AAPL
2014-06-23,91.32,91.62,90.6,90.83,43694391,AAPL
2014-06-24,90.75,91.74,90.19,90.28,39036087,AAPL
2014-06-25,90.21,90.7,89.65,90.36,36868541,AAPL
2014-06-26,90.37,91.05,89.8,90.9,32629359,AAPL
2014-06-27,90.82,92.0,90.77,91.98,64028803,AAPL
2014-06-30,92.1,93.725,92.09,92.93,49589028,AAPL
2014-07-01,93.52,94.07,93.13,93.52,38223477,AAPL
2014-07-02,93.865,94.06,93.09,93.48,28465073,AAPL
2014-07-03,93.67,94.1,93.2,94.03,22891753,AAPL
2014-07-07,94.14,95.99,94.1,95.968,56467939,AAPL
2014-07-08,96.27,96.8,93.92,95.35,65221678,AAPL
2014-07-09,95.44,95.95,94.76,95.39,36436440,AAPL
2014-07-10,93.76,95.55,93.52,95.035,39685552,AAPL
2014-07-11,95.36,95.89,94.8625,95.22,34018228,AAPL
2014-07-14,95.86,96.89,95.65,96.45,42810155,AAPL
2014-07-15,96.8,96.85,95.03,95.32,45696176,AAPL
2014-07-16,96.97,97.1,94.74,94.78,53502415,AAPL
2014-07-17,95.03,95.279,92.57,93.0899,57298243,AAPL
2014-07-18,93.62,94.74,93.02,94.43,49987593,AAPL
2014-07-21,94.99,95.0,93.72,93.939,39079002,AAPL
2014-07-22,94.68,94.89,94.12,94.72,55196597,AAPL
2014-07-23,95.42,97.88,95.17,97.19,92917719,AAPL
2014-07-24,97.035,97.32,96.42,97.03,45728843,AAPL
2014-07-25,96.85,97.84,96.64,97.671,43469117,AAPL
2014-07-28,97.82,99.24,97.55,99.02,55317689,AAPL
2014-07-29,99.33,99.44,98.25,98.38,43143095,AAPL
2014-07-30,98.44,98.7,97.67,98.15,33010001,AAPL
2014-07-31,97.16,97.45,95.33,95.6,56842647,AAPL
2014-08-01,94.9,96.62,94.81,96.13,48511286,AAPL
2014-08-04,96.37,96.58,95.17,95.59,39958144,AAPL
2014-08-05,95.36,95.68,94.36,95.12,55932663,AAPL
2014-08-06,94.75,95.48,94.71,94.96,38558342,AAPL
2014-08-07,94.93,95.95,94.1,94.48,46711179,AAPL
2014-08-08,94.26,94.82,93.28,94.74,41865193,AAPL
2014-08-11,95.27,96.08,94.8355,95.99,36584844,AAPL
2014-08-12,96.04,96.88,95.61,95.97,33795352,AAPL
2014-08-13,96.15,97.24,96.04,97.24,31866088,AAPL
2014-08-14,97.33,97.57,96.8,97.5,28115566,AAPL
2014-08-15,97.9,98.19,96.86,97.98,48951331,AAPL
2014-08-18,98.49,99.37,97.98,99.16,47572413,AAPL
2014-08-19,99.41,100.68,99.32,100.53,69399270,AAPL
2014-08-20,100.44,101.09,99.95,100.57,52699192,AAPL
2014-08-21,100.57,100.94,100.11,100.58,33478198,AAPL
2014-08-22,100.29,101.47,100.19,101.32,44183834,AAPL
2014-08-25,101.79,102.17,101.28,101.54,40270173,AAPL
2014-08-26,101.42,101.5,100.86,100.889,33151984,AAPL
2014-08-27,101.02,102.57,100.7,102.13,52369011,AAPL
2014-08-28,101.59,102.78,101.56,102.25,68459801,AAPL
2014-08-29,102.86,102.9,102.2,102.5,44595247,AAPL
2014-09-02,103.06,103.74,102.72,103.3,53564262,AAPL
2014-09-03,103.1,103.2,98.58,98.94,125420521,AAPL
2014-09-04,98.85,100.09,97.79,98.12,85718221,AAPL
2014-09-05,98.8,99.39,98.31,98.97,58457035,AAPL
2014-09-08,99.3,99.31,98.05,98.36,46356742,AAPL
2014-09-09,99.08,103.08,96.14,97.99,189846255,AAPL
2014-09-10,98.01,101.11,97.76,101.0,100869587,AAPL
2014-09-11,100.41,101.44,99.62,101.43,62399743,AAPL
2014-09-12,101.21,102.19,101.08,101.66,64096903,AAPL
2014-09-15,102.81,103.05,101.44,101.63,61316516,AAPL
2014-09-16,99.8,101.26,98.89,100.86,66908133,AAPL
2014-09-17,101.27,101.8,100.5922,101.58,60926498,AAPL
2014-09-18,101.93,102.35,101.56,101.79,37299435,AAPL
2014-09-19,102.29,102.35,100.88,100.96,70902406,AAPL
2014-09-22,101.8,102.14,100.58,101.06,52788426,AAPL
2014-09-23,100.6,102.94,100.54,102.64,63402196,AAPL
2014-09-24,102.16,102.85,101.2,101.75,60171828,AAPL
2014-09-25,100.51,100.71,97.72,97.87,100091990,AAPL
2014-09-26,98.53,100.75,98.4,100.75,62370501,AAPL
2014-09-29,98.65,100.435,98.63,100.11,49766312,AAPL
2014-09-30,100.81,101.54,100.53,100.75,55264139,AAPL
2014-10-01,100.59,100.69,98.7,99.18,51491286,AAPL
2014-10-02,99.27,100.22,98.04,99.9,47757828,AAPL
2014-10-03,99.44,100.21,99.04,99.62,43469585,AAPL
2014-10-06,99.95,100.65,99.42,99.62,37051182,AAPL
2014-10-07,99.43,100.12,98.73,98.75,42094183,AAPL
2014-10-08,98.76,101.11,98.31,100.8,57404674,AAPL
2014-10-09,101.54,102.38,100.61,101.02,77376525,AAPL
2014-10-10,100.69,102.03,100.3,100.73,66331592,AAPL
2014-10-13,101.33,101.78,99.81,99.81,53583368,AAPL
2014-10-14,100.39,100.52,98.57,98.75,63688562,AAPL
2014-10-15,97.97,99.15,95.18,97.54,100933600,AAPL
2014-10-16,95.55,97.72,95.41,96.26,72154523,AAPL
2014-10-17,97.5,99.0,96.81,97.67,68179688,AAPL
2014-10-20,98.315,99.96,98.22,99.76,77517279,AAPL
2014-10-21,103.02,103.02,101.27,102.47,94623904,AAPL
2014-10-22,102.84,104.11,102.6,102.99,68263146,AAPL
2014-10-23,104.08,105.051,103.63,104.83,71074674,AAPL
2014-10-24,105.18,105.49,104.53,105.22,47053916,AAPL
2014-10-27,104.85,105.48,104.7,105.11,34187701,AAPL
2014-10-28,105.4,106.74,105.35,106.74,48060949,AAPL
2014-10-29,106.65,107.37,106.36,107.34,52687879,AAPL
2014-10-30,106.959,107.35,105.9,106.98,40654793,AAPL
2014-10-31,108.01,108.04,107.21,108.0,44639285,AAPL
2014-11-03,108.22,110.3,108.01,109.4,52282550,AAPL
2014-11-04,109.36,109.49,107.72,108.6,41574365,AAPL
2014-11-05,109.1,109.3,108.125,108.86,37435905,AAPL
2014-11-06,108.6,108.79,107.8,108.7,34968457,AAPL
2014-11-07,108.75,109.32,108.55,109.01,33691535,AAPL
2014-11-10,109.02,109.33,108.67,108.83,27195547,AAPL
2014-11-11,108.7,109.75,108.4,109.7,27442252,AAPL
2014-11-12,109.38,111.43,109.37,111.25,46942431,AAPL
2014-11-13,111.8,113.45,111.6,112.82,59522855,AAPL
2014-11-14,113.15,114.19,113.05,114.18,44063595,AAPL
2014-11-17,114.27,117.28,113.3,113.99,46746712,AAPL
2014-11-18,113.94,115.69,113.89,115.47,44223978,AAPL
2014-11-19,115.44,115.74,113.8,114.67,41869160,AAPL
2014-11-20,114.91,116.86,114.85,116.31,43395537,AAPL
2014-11-21,117.51,117.57,116.03,116.47,57179298,AAPL
2014-11-24,116.85,118.77,116.62,118.625,47450824,AAPL
2014-11-25,119.07,119.75,117.45,117.6,68840440,AAPL
2014-11-26,117.94,119.1,117.83,119.0,40831886,AAPL
2014-11-28,119.27,119.4,118.05,118.93,24814402,AAPL
2014-12-01,118.81,119.25,111.27,115.07,83814037,AAPL
2014-12-02,113.5,115.75,112.75,114.63,59348940,AAPL
2014-12-03,115.75,116.35,115.11,115.93,43063440,AAPL
2014-12-04,115.77,117.2,115.29,115.49,42155776,AAPL
2014-12-05,115.99,116.08,114.64,115.0,38318895,AAPL
2014-12-08,114.1,114.648,111.62,112.4,57664850,AAPL
2014-12-09,110.19,114.3,109.35,114.12,60208036,AAPL
2014-12-10,114.41,114.85,111.54,111.95,44565318,AAPL
2014-12-11,112.26,113.8,111.34,111.62,41471578,AAPL
2014-12-12,110.46,111.87,109.58,109.73,56028138,AAPL
2014-12-15,110.7,111.6,106.35,108.225,67218082,AAPL
2014-12-16,106.37,110.16,106.26,106.745,60790733,AAPL
2014-12-17,107.12,109.84,106.82,109.41,53411773,AAPL
2014-12-18,111.87,112.65,110.66,112.65,59006218,AAPL
2014-12-19,112.26,113.24,111.66,111.78,88429770,AAPL
2014-12-22,112.16,113.49,111.97,112.94,45167549,AAPL
2014-12-23,113.23,113.33,112.46,112.54,26028419,AAPL
2014-12-24,112.58,112.71,112.01,112.01,14479611,AAPL
2014-12-26,112.1,114.52,112.01,113.99,33720951,AAPL
2014-12-29,113.79,114.77,113.7,113.91,27598920,AAPL
2014-12-30,113.64,113.92,112.11,112.52,29881477,AAPL
2014-12-31,112.82,113.13,110.21,110.38,41403351,AAPL
2015-01-02,111.39,111.44,107.35,109.33,53204626,AAPL
2015-01-05,108.29,108.65,105.41,106.25,64285491,AAPL
2015-01-06,106.54,107.43,104.63,106.26,65797116,AAPL
2015-01-07,107.2,108.2,106.695,107.75,40105934,AAPL
2015-01-08,109.23,112.15,108.7,111.89,59364547,AAPL
2015-01-09,112.67,113.25,110.21,112.01,53699527,AAPL
2015-01-12,112.6,112.63,108.8,109.25,49650790,AAPL
2015-01-13,111.43,112.8,108.91,110.22,67091928,AAPL
2015-01-14,109.04,110.49,108.5,109.8,48956588,AAPL
2015-01-15,110.0,110.06,106.66,106.82,60013996,AAPL
2015-01-16,107.03,107.58,105.2,105.99,78513345,AAPL
2015-01-20,107.84,108.9667,106.5,108.72,49899907,AAPL
2015-01-21,108.95,111.06,108.27,109.55,48575897,AAPL
2015-01-22,110.26,112.47,109.72,112.4,53796409,AAPL
2015-01-23,112.3,113.75,111.53,112.98,46464828,AAPL
2015-01-26,113.74,114.3626,112.8,113.1,55614979,AAPL
2015-01-27,112.42,112.48,109.03,109.14,95568749,AAPL
2015-01-28,117.625,118.12,115.31,115.31,146477063,AAPL
2015-01-29,116.32,119.19,115.56,118.9,84436432,AAPL
2015-01-30,118.4,120.0,116.85,117.16,83745461,AAPL
2015-02-02,118.05,119.17,116.08,118.63,62739100,AAPL
2015-02-03,118.5,119.09,117.61,118.65,51915749,AAPL
2015-02-04,118.5,120.51,118.309,119.56,70149743,AAPL
2015-02-05,120.02,120.23,119.25,119.94,42246245,AAPL
2015-02-06,120.02,120.25,118.45,118.93,43706567,AAPL
2015-02-09,118.55,119.84,118.43,119.72,38889797,AAPL
2015-02-10,120.17,122.15,120.16,122.02,62008506,AAPL
2015-02-11,122.77,124.92,122.5,124.88,73561797,AAPL
2015-02-12,126.06,127.48,125.57,126.46,74474466,AAPL
2015-02-13,127.28,127.28,125.65,127.08,54272219,AAPL
2015-02-17,127.49,128.88,126.92,127.83,63152405,AAPL
2015-02-18,127.625,128.78,127.45,128.715,44891737,AAPL
2015-02-19,128.48,129.03,128.33,128.45,37362381,AAPL
2015-02-20,128.62,129.5,128.05,129.495,48948419,AAPL
2015-02-23,130.02,133.0,129.66,133.0,70974110,AAPL
2015-02-24,132.94,133.6,131.17,132.17,69228130,AAPL
2015-02-25,131.56,131.6,128.15,128.79,74711746,AAPL
2015-02-26,128.785,130.87,126.61,130.415,91287529,AAPL
2015-02-27,130.0,130.57,128.24,128.46,62014847,AAPL
2015-03-02,129.25,130.28,128.3,129.09,48096663,AAPL
2015-03-03,128.96,129.52,128.09,129.36,37816283,AAPL
2015-03-04,129.1,129.56,128.32,128.54,31666340,AAPL
2015-03-05,128.58,128.75,125.76,126.41,56517146,AAPL
2015-03-06,128.4,129.37,126.26,126.6,72842060,AAPL
2015-03-09,127.96,129.57,125.06,127.14,88528487,AAPL
2015-03-10,126.41,127.22,123.8,124.51,68856582,AAPL
2015-03-11,124.75,124.77,122.11,122.24,68938974,AAPL
2015-03-12,122.31,124.9,121.63,124.45,48362719,AAPL
2015-03-13,124.4,125.3951,122.58,123.59,51827283,AAPL
2015-03-16,123.88,124.95,122.87,124.95,35874300,AAPL
2015-03-17,125.9,127.32,125.65,127.04,51023104,AAPL
2015-03-18,127.0,129.16,126.37,128.47,65270945,AAPL
2015-03-19,128.75,129.2451,127.4,127.495,45809490,AAPL
2015-03-20,128.25,128.4,125.16,125.9,68695136,AAPL
2015-03-23,127.12,127.85,126.52,127.21,37709674,AAPL
2015-03-24,127.23,128.04,126.56,126.69,32842304,AAPL
2015-03-25,126.54,126.82,123.38,123.38,51655177,AAPL
2015-03-26,122.76,124.88,122.6,124.24,47572869,AAPL
2015-03-27,124.57,124.7,122.91,123.25,39546151,AAPL
2015-03-30,124.05,126.4,124.0,126.37,47099670,AAPL
2015-03-31,126.09,126.49,124.355,124.43,42090553,AAPL
2015-04-01,124.82,125.12,123.1,124.25,40621437,AAPL
2015-04-02,125.03,125.56,124.19,125.32,32220131,AAPL
2015-04-06,124.47,127.51,124.33,127.35,37193975,AAPL
2015-04-07,127.64,128.1218,125.98,126.01,35012268,AAPL
2015-04-08,125.85,126.4,124.97,125.6,37329243,AAPL
2015-04-09,125.85,126.58,124.66,126.56,32483974,AAPL
2015-04-10,125.95,127.21,125.26,127.1,40187953,AAPL
2015-04-13,128.37,128.57,126.61,126.85,36365123,AAPL
2015-04-14,127.0,127.29,125.91,126.3,25524593,AAPL
2015-04-15,126.41,127.13,126.01,126.78,28970419,AAPL
2015-04-16,126.28,127.1,126.11,126.17,28368987,AAPL
2015-04-17,125.55,126.14,124.46,124.75,51957046,AAPL
2015-04-20,125.57,128.12,125.17,127.6,47054310,AAPL
2015-04-21,128.1,128.2,126.67,126.91,32435057,AAPL
2015-04-22,126.99,128.87,126.32,128.62,37654505,AAPL
2015-04-23,128.3,130.42,128.14,129.67,45770902,AAPL
2015-04-24,130.49,130.63,129.23,130.28,44525905,AAPL
2015-04-27,132.31,133.13,131.15,132.65,96954207,AAPL
2015-04-28,134.455,134.54,129.57,130.56,118923970,AAPL
2015-04-29,130.16,131.59,128.3,128.64,63386083,AAPL
2015-04-30,127.5,127.88,124.58,125.15,83195423,AAPL
2015-05-01,126.1,130.13,125.3,128.95,58512638,AAPL
2015-05-04,129.5,130.57,128.26,128.7,50988278,AAPL
2015-05-05,128.15,128.4498,125.78,125.8,49271416,AAPL
2015-05-06,126.56,126.75,123.36,125.01,72141010,AAPL
2015-05-07,124.77,126.08,124.02,125.26,43940895,AAPL
2015-05-08,126.68,127.62,126.11,127.62,55550382,AAPL
2015-05-11,127.39,127.56,125.625,126.32,42035757,AAPL
2015-05-12,125.6,126.88,124.82,125.865,48160032,AAPL
2015-05-13,126.15,127.19,125.87,126.01,34694235,AAPL
2015-05-14,127.41,128.95,127.16,128.95,45203456,AAPL
2015-05-15,129.07,129.49,128.21,128.77,38208034,AAPL
2015-05-18,128.38,130.72,128.36,130.19,50882918,AAPL
2015-05-19,130.69,130.88,129.64,130.07,44633240,AAPL
2015-05-20,130.0,130.98,129.34,130.06,36454932,AAPL
2015-05-21,130.07,131.63,129.83,131.39,39730364,AAPL
2015-05-22,131.6,132.97,131.4,132.54,45595972,AAPL
2015-05-26,132.6,132.91,129.12,129.62,70697560,AAPL
2015-05-27,130.34,132.26,130.05,132.045,45833246,AAPL
2015-05-28,131.86,131.95,131.1,131.78,30733309,AAPL
2015-05-29,131.23,131.45,129.9,130.28,50884452,AAPL
2015-06-01,131.2,131.39,130.05,130.535,32112797,AAPL
2015-06-02,129.86,130.655,129.32,129.96,33667627,AAPL
2015-06-03,130.66,130.94,129.9,130.12,30983542,AAPL
2015-06-04,129.58,130.58,128.91,129.36,38450118,AAPL
2015-06-05,129.5,129.69,128.36,128.65,35626800,AAPL
2015-06-08,128.9,129.21,126.83,127.8,52674786,AAPL
2015-06-09,126.7,128.08,125.62,127.42,56075420,AAPL
2015-06-10,127.92,129.34,127.85,128.88,39087250,AAPL
2015-06-11,129.18,130.18,128.475,128.59,35390887,AAPL
2015-06-12,128.185,128.33,127.11,127.17,36886246,AAPL
2015-06-15,126.1,127.24,125.71,126.92,43988946,AAPL
2015-06-16,127.03,127.85,126.37,127.6,31494131,AAPL
2015-06-17,127.72,127.88,126.74,127.3,32918071,AAPL
2015-06-18,127.23,128.31,127.22,127.88,35407220,AAPL
2015-06-19,127.71,127.82,126.4,126.6,54716887,AAPL
2015-06-22,127.49,128.06,127.08,127.61,34039345,AAPL
2015-06-23,127.48,127.61,126.8792,127.03,30268863,AAPL
2015-06-24,127.21,129.8,127.12,128.11,55280855,AAPL
2015-06-25,128.86,129.2,127.5,127.5,31938100,AAPL
2015-06-26,127.67,127.99,126.51,126.75,44066841,AAPL
2015-06-29,125.46,126.47,124.48,124.53,49161427,AAPL
2015-06-30,125.57,126.12,124.86,125.425,44370682,AAPL
2015-07-01,126.9,126.94,125.99,126.6,30238811,AAPL
2015-07-02,126.43,126.69,125.77,126.44,27210952,AAPL
2015-07-06,124.94,126.23,124.85,126.0,28060431,AAPL
2015-07-07,125.89,126.15,123.77,125.69,46946811,AAPL
2015-07-08,124.48,124.64,122.54,122.57,60761614,AAPL
2015-07-09,123.85,124.06,119.22,120.07,78595038,AAPL
2015-07-10,121.94,123.85,121.21,123.28,61354474,AAPL
2015-07-13,125.03,125.755,124.32,125.66,41440538,AAPL
2015-07-14,126.04,126.37,125.04,125.61,31768139,AAPL
2015-07-15,125.72,127.15,125.58,126.82,33649200,AAPL
2015-07-16,127.74,128.57,127.35,128.51,36222447,AAPL
2015-07-17,129.08,129.62,128.31,129.62,46164710,AAPL
2015-07-20,130.97,132.97,130.7,132.07,58900203,AAPL
2015-07-21,132.85,132.92,130.32,130.75,76756427,AAPL
2015-07-22,121.99,125.5,121.99,125.22,115450607,AAPL
2015-07-23,126.2,127.09,125.06,125.16,50999452,AAPL
2015-07-24,125.32,125.74,123.9,124.5,42162332,AAPL
2015-07-27,123.09,123.61,122.12,122.77,44455540,AAPL
2015-07-28,123.38,123.91,122.55,123.38,33618097,AAPL
2015-07-29,123.15,123.5,122.27,122.99,37011653,AAPL
2015-07-30,122.32,122.5699,121.71,122.37,33628268,AAPL
2015-07-31,122.6,122.6425,120.91,121.3,42884953,AAPL
2015-08-03,121.5,122.57,117.52,118.44,69975968,AAPL
2015-08-04,117.42,117.7,113.25,114.64,124138623,AAPL
2015-08-05,112.95,117.44,112.1,115.4,99312613,AAPL
2015-08-06,115.97,116.5,114.115,115.13,52903040,AAPL
2015-08-07,114.58,116.25,114.5,115.52,38670405,AAPL
2015-08-10,116.53,119.99,116.53,119.72,54951597,AAPL
2015-08-11,117.81,118.18,113.33,113.49,97082814,AAPL
2015-08-12,112.53,115.42,109.63,115.24,101685610,AAPL
2015-08-13,116.04,116.4,114.54,115.15,48535789,AAPL
2015-08-14,114.32,116.31,114.01,115.96,42929516,AAPL
2015-08-17,116.04,117.65,115.5,117.16,40884745,AAPL
2015-08-18,116.43,117.44,116.01,116.5,34560708,AAPL
2015-08-19,116.1,116.52,114.68,115.01,48286510,AAPL
2015-08-20,114.08,114.35,111.63,112.65,68501622,AAPL
2015-08-21,110.43,111.9,105.645,105.76,128275471,AAPL
2015-08-24,94.87,108.8,92.0,103.12,162206292,AAPL
2015-08-25,111.11,111.11,103.5,103.74,103601599,AAPL
2015-08-26,107.085,109.89,105.05,109.69,96774611,AAPL
2015-08-27,112.25,113.24,110.02,112.92,84616056,AAPL
2015-08-28,112.17,113.31,111.54,113.29,53164407,AAPL
2015-08-31,112.13,114.53,112.0,112.76,56229271,AAPL
2015-09-01,110.18,111.88,107.36,107.72,76845860,AAPL
2015-09-02,110.0,112.34,109.131,112.34,61888812,AAPL
2015-09-03,112.49,112.78,110.04,110.37,53233940,AAPL
2015-09-04,108.97,110.45,108.51,109.27,49996311,AAPL
2015-09-08,111.65,112.56,110.32,112.31,54843626,AAPL
2015-09-09,113.76,114.02,109.77,110.15,85010804,AAPL
2015-09-10,110.27,113.2825,109.9,112.57,62892831,AAPL
2015-09-11,111.79,114.21,111.76,114.21,49915473,AAPL
2015-09-14,116.58,116.89,114.86,115.31,58363431,AAPL
2015-09-15,115.93,116.53,114.42,116.28,43341155,AAPL
2015-09-16,116.25,116.54,115.44,116.41,37173489,AAPL
2015-09-17,115.66,116.49,113.715,113.92,64112641,AAPL
2015-09-18,112.21,114.3,111.87,113.45,74285291,AAPL
2015-09-21,113.67,115.37,113.66,115.21,50221965,AAPL
2015-09-22,113.38,114.18,112.5201,113.4,50346159,AAPL
2015-09-23,113.63,114.72,113.3,114.32,35756716,AAPL
2015-09-24,113.25,115.5,112.37,115.0,50219475,AAPL
2015-09-25,116.44,116.69,114.02,114.71,56151926,AAPL
2015-09-28,113.85,114.57,112.44,112.44,52109011,AAPL
2015-09-29,112.83,113.51,107.86,109.06,73365384,AAPL
2015-09-30,110.17,111.54,108.73,110.3,66473033,AAPL
2015-10-01,109.07,109.62,107.31,109.58,63929100,AAPL
2015-10-02,108.01,111.0136,107.55,110.38,58019758,AAPL
2015-10-05,109.88,111.3698,109.07,110.78,52064743,AAPL
2015-10-06,110.63,111.74,109.765,111.31,48856977,AAPL
2015-10-07,111.74,111.77,109.41,110.78,46765550,AAPL
2015-10-08,110.19,110.19,108.21,109.5,61979577,AAPL
2015-10-09,110.0,112.28,109.49,112.12,52766140,AAPL
2015-10-12,112.73,112.75,111.44,111.6,30467204,AAPL
2015-10-13,110.82,112.45,110.68,111.79,33049256,AAPL
2015-10-14,111.29,111.52,109.56,110.21,44462449,AAPL
2015-10-15,110.93,112.1,110.49,111.86,37673452,AAPL
2015-10-16,111.78,112.0,110.53,111.04,39232609,AAPL
2015-10-19,110.8,111.75,110.11,111.73,29759153,AAPL
2015-10-20,111.34,114.17,110.82,113.77,48967763,AAPL
2015-10-21,114.0,115.58,113.7,113.76,42326974,AAPL
2015-10-22,114.33,115.5,114.1,115.5,41654089,AAPL
2015-10-23,116.7,119.228,116.33,119.08,59366914,AAPL
2015-10-26,118.08,118.13,114.92,115.28,66333781,AAPL
2015-10-27,115.4,116.54,113.99,114.55,69884400,AAPL
2015-10-28,116.93,119.3,116.06,119.27,85551352,AAPL
2015-10-29,118.7,120.69,118.27,120.53,51227334,AAPL
2015-10-30,120.99,121.22,119.45,119.5,49365254,AAPL
2015-11-02,119.87,121.36,119.61,121.18,32203267,AAPL
2015-11-03,120.79,123.49,120.7,122.57,45518976,AAPL
2015-11-04,123.13,123.82,121.62,122.0,44886050,AAPL
2015-11-05,121.85,122.69,120.18,120.92,39552680,AAPL
2015-11-06,121.11,121.81,120.62,121.06,33042283,AAPL
2015-11-09,120.96,121.81,120.05,120.57,33871405,AAPL
2015-11-10,116.9,118.07,116.061,116.77,59127931,AAPL
2015-11-11,116.37,117.42,115.21,116.11,45217971,AAPL
2015-11-12,116.26,116.82,115.65,115.72,32525579,AAPL
2015-11-13,115.2,115.57,112.27,112.34,45812403,AAPL
2015-11-16,111.38,114.24,111.0,114.175,38106701,AAPL
2015-11-17,114.92,115.05,113.32,113.69,27616939,AAPL
2015-11-18,115.76,117.49,115.5,117.29,46674697,AAPL
2015-11-19,117.64,119.75,116.76,118.78,43295820,AAPL
2015-11-20,119.2,119.92,118.85,119.3,34287096,AAPL
2015-11-23,119.27,119.73,117.34,117.75,32482528,AAPL
2015-11-24,117.33,119.35,117.12,118.88,42803172,AAPL
2015-11-25,119.21,119.23,117.92,118.03,21388308,AAPL
2015-11-27,118.29,118.41,117.6,117.81,13046445,AAPL
2015-11-30,117.99,119.41,117.75,118.3,39180322,AAPL
2015-12-01,118.75,118.81,116.86,117.34,34852374,AAPL
2015-12-02,117.05,118.11,116.08,116.28,33386563,AAPL
2015-12-03,116.55,116.79,114.22,115.2,41569509,AAPL
2015-12-04,115.29,119.25,115.11,119.03,57776977,AAPL
2015-12-07,118.98,119.86,117.81,118.28,32084249,AAPL
2015-12-08,117.52,118.6,116.86,118.23,34309450,AAPL
2015-12-09,117.64,117.69,115.08,115.62,46361357,AAPL
2015-12-10,116.04,116.94,115.51,116.17,29212727,AAPL
2015-12-11,115.19,115.39,112.851,113.18,46886161,AAPL
2015-12-14,112.18,112.68,109.79,112.48,65003609,AAPL
2015-12-15,111.94,112.8,110.35,110.49,53323105,AAPL
2015-12-16,111.07,111.99,108.8,111.34,56238467,AAPL
2015-12-17,112.02,112.25,108.98,108.98,44772827,AAPL
2015-12-18,108.91,109.52,105.81,106.03,96453327,AAPL
2015-12-21,107.28,107.37,105.57,107.33,47590610,AAPL
2015-12-22,107.4,107.72,106.451,107.23,32789367,AAPL
2015-12-23,107.27,108.85,107.2,108.61,32657354,AAPL
2015-12-24,109.0,109.0,107.95,108.03,13596680,AAPL
2015-12-28,107.59,107.69,106.1807,106.82,26704210,AAPL
2015-12-29,106.96,109.43,106.86,108.74,30931243,AAPL
2015-12-30,108.58,108.7,107.18,107.32,25213777,AAPL
2015-12-31,107.01,107.03,104.82,105.26,40912316,AAPL
2016-01-04,102.61,105.368,102.0,105.35,67649387,AAPL
2016-01-05,105.75,105.85,102.41,102.71,55790992,AAPL
2016-01-06,100.56,102.37,99.87,100.7,68457388,AAPL
2016-01-07,98.68,100.13,96.43,96.45,81094428,AAPL
2016-01-08,98.55,99.11,96.76,96.96,70798016,AAPL
2016-01-11,98.97,99.06,97.34,98.53,49739377,AAPL
2016-01-12,100.55,100.69,98.8399,99.96,49154227,AAPL
2016-01-13,100.32,101.19,97.3,97.39,62439631,AAPL
2016-01-14,97.96,100.48,95.74,99.52,63170127,AAPL
2016-01-15,96.2,97.71,95.36,97.13,79833891,AAPL
2016-01-19,98.41,98.65,95.5,96.66,53087747,AAPL
2016-01-20,95.1,98.1897,93.42,96.79,72334416,AAPL
2016-01-21,97.06,97.88,94.94,96.3,52161463,AAPL
2016-01-22,98.63,101.46,98.37,101.42,65800467,AAPL
2016-01-25,101.52,101.53,99.21,99.44,51794525,AAPL
2016-01-26,99.93,100.88,98.07,99.99,75077002,AAPL
2016-01-27,96.04,96.6289,93.34,93.42,133369674,AAPL
2016-01-28,93.79,94.52,92.39,94.09,55678825,AAPL
2016-01-29,94.79,97.34,94.35,97.34,64416504,AAPL
2016-02-01,96.47,96.71,95.4,96.43,40943541,AAPL
2016-02-02,95.42,96.04,94.28,94.48,37357215,AAPL
2016-02-03,95.0,96.84,94.08,96.35,45964294,AAPL
2016-02-04,95.86,97.33,95.19,96.6,46471652,AAPL
2016-02-05,96.52,96.92,93.69,94.02,46418064,AAPL
2016-02-08,93.13,95.7,93.04,95.01,54021375,AAPL
2016-02-09,94.29,95.94,93.93,94.99,44331195,AAPL
2016-02-10,95.92,96.35,94.1,94.27,42343601,AAPL
2016-02-11,93.79,94.72,92.59,93.7,50074711,AAPL
2016-02-12,94.19,94.5,93.01,93.99,40351381,AAPL
2016-02-16,95.02,96.85,94.61,96.64,49057916,AAPL
2016-02-17,96.67,98.21,96.15,98.12,44863243,AAPL
2016-02-18,98.84,98.89,96.091,96.26,39020983,AAPL
2016-02-19,96.0,96.7599,95.8,96.04,35374173,AAPL
2016-02-22,96.31,96.9,95.92,96.88,34280758,AAPL
2016-02-23,96.4,96.5,94.55,94.69,31942633,AAPL
2016-02-24,93.98,96.38,93.32,96.1,36255745,AAPL
2016-02-25,96.05,96.76,95.25,96.76,27582659,AAPL
2016-02-26,97.2,98.0237,96.58,96.91,28991131,AAPL
2016-02-29,96.86,98.23,96.65,96.69,35216277,AAPL
2016-03-01,97.65,100.77,97.42,100.53,50407147,AAPL
2016-03-02,100.51,100.89,99.64,100.75,33169560,AAPL
2016-03-03,100.58,101.7099,100.45,101.5,36955742,AAPL
2016-03-04,102.37,103.75,101.37,103.01,46055100,AAPL
2016-03-07,102.39,102.83,100.96,101.87,35915810,AAPL
2016-03-08,100.78,101.76,100.4,101.03,31561889,AAPL
2016-03-09,101.31,101.58,100.27,101.12,27201683,AAPL
2016-03-10,101.41,102.24,100.15,101.17,33513577,AAPL
2016-03-11,102.24,102.28,101.5,102.26,27408237,AAPL
2016-03-14,101.91,102.91,101.78,102.52,25076062,AAPL
2016-03-15,103.96,105.18,103.85,104.58,40067734,AAPL
2016-03-16,104.61,106.31,104.59,105.97,38303493,AAPL
2016-03-17,105.52,106.47,104.96,105.8,34420705,AAPL
2016-03-18,106.34,106.5,105.19,105.92,44205171,AAPL
2016-03-21,105.93,107.65,105.1401,105.91,35502678,AAPL
2016-03-22,105.25,107.29,105.21,106.72,32444375,AAPL
2016-03-23,106.48,107.07,105.9,106.13,25703495,AAPL
2016-03-24,105.47,106.25,104.89,105.67,26132955,AAPL
2016-03-28,106.0,106.19,105.06,105.19,19411372,AAPL
2016-03-29,104.89,107.79,104.88,107.68,31190083,AAPL
2016-03-30,108.65,110.42,108.6,109.56,45601149,AAPL
2016-03-31,109.72,109.9,108.88,108.99,25888449,AAPL
2016-04-01,108.78,110.0,108.2,109.99,25873950,AAPL
2016-04-04,110.42,112.19,110.27,111.12,37356204,AAPL
2016-04-05,109.51,110.73,109.42,109.81,26578652,AAPL
2016-04-06,110.23,110.98,109.2,110.96,26404077,AAPL
2016-04-07,109.95,110.42,108.121,108.54,31801870,AAPL
2016-04-08,108.91,109.77,108.17,108.66,23581740,AAPL
2016-04-11,108.97,110.61,108.83,109.02,29407518,AAPL
2016-04-12,109.34,110.5,108.66,110.44,27232325,AAPL
2016-04-13,110.8,112.34,110.8,112.04,33257316,AAPL
2016-04-14,111.62,112.39,111.33,112.1,25473923,AAPL
2016-04-15,112.11,112.3,109.73,109.85,46938969,AAPL
2016-04-18,108.89,108.95,106.94,107.48,60821461,AAPL
2016-04-19,107.88,108.0,106.23,106.91,32384879,AAPL
2016-04-20,106.64,108.09,106.06,107.13,30611030,AAPL
2016-04-21,106.93,106.93,105.52,105.97,31552525,AAPL
2016-04-22,105.01,106.48,104.62,105.68,33683121,AAPL
2016-04-25,105.0,105.65,104.51,105.08,28031588,AAPL
2016-04-26,103.91,105.3,103.91,104.35,56016165,AAPL
2016-04-27,96.0,98.71,95.68,97.82,114602142,AAPL
2016-04-28,97.61,97.88,94.25,94.83,82242690,AAPL
2016-04-29,93.99,94.72,92.51,93.74,68531478,AAPL
2016-05-02,93.965,94.08,92.4,93.64,48160104,AAPL
2016-05-03,94.2,95.74,93.68,95.18,56831277,AAPL
2016-05-04,95.2,95.9,93.82,94.19,41025475,AAPL
2016-05-05,94.0,94.07,92.68,93.24,35890500,AAPL
2016-05-06,93.37,93.45,91.85,92.72,43699886,AAPL
2016-05-09,93.0,93.77,92.59,92.79,32936436,AAPL
2016-05-10,93.33,93.57,92.11,93.42,33686836,AAPL
2016-05-11,93.48,93.57,92.46,92.51,28719109,AAPL
2016-05-12,92.72,92.78,89.47,90.34,76314690,AAPL
2016-05-13,90.0,91.67,90.0,90.52,44392765,AAPL
2016-05-16,92.39,94.39,91.65,93.88,61259756,AAPL
2016-05-17,94.55,94.7,93.01,93.49,46916939,AAPL
2016-05-18,94.16,95.21,93.89,94.56,42062391,AAPL
2016-05-19,94.64,94.64,93.57,94.2,30442100,AAPL
2016-05-20,94.64,95.43,94.52,95.22,32025968,AAPL
2016-05-23,95.87,97.19,95.67,96.43,38018643,AAPL
2016-05-24,97.22,98.09,96.84,97.9,35140174,AAPL
2016-05-25,98.67,99.74,98.11,99.62,38642108,AAPL
2016-05-26,99.68,100.73,98.64,100.41,56331159,AAPL
2016-05-27,99.44,100.47,99.245,100.35,36341240,AAPL
2016-05-31,99.6,100.4,98.82,99.86,42307212,AAPL
2016-06-01,99.02,99.54,98.33,98.46,29173285,AAPL
2016-06-02,97.6,97.84,96.63,97.72,40191600,AAPL
2016-06-03,97.79,98.27,97.45,97.92,28504888,AAPL
2016-06-06,97.99,101.89,97.55,98.63,23292504,AAPL
2016-06-07,99.25,99.87,98.96,99.03,22409450,AAPL
2016-06-08,99.02,99.56,98.68,98.94,20848131,AAPL
2016-06-09,98.5,99.99,98.46,99.65,26601354,AAPL
2016-06-10,98.53,99.3457,98.48,98.83,31712936,AAPL
2016-06-13,98.69,99.12,97.1,97.34,38020494,AAPL
2016-06-14,97.32,98.475,96.75,97.46,31931944,AAPL
2016-06-15,97.82,98.41,97.03,97.14,29445227,AAPL
2016-06-16,96.45,97.75,96.07,97.55,31326815,AAPL
2016-06-17,96.62,96.65,95.3,95.33,61008219,AAPL
2016-06-20,96.0,96.57,95.03,95.1,34411901,AAPL
2016-06-21,94.94,96.35,94.676,95.91,35546358,AAPL
2016-06-22,96.25,96.89,95.35,95.55,29219122,AAPL
2016-06-23,95.94,96.29,95.25,96.1,32240187,AAPL
2016-06-24,92.91,94.655,92.65,93.4,75311356,AAPL
2016-06-27,93.0,93.05,91.5,92.04,46622188,AAPL
2016-06-28,92.9,93.66,92.14,93.59,40444914,AAPL
2016-06-29,93.97,94.55,93.63,94.4,36531006,AAPL
2016-06-30,94.44,95.77,94.3,95.6,35836356,AAPL
2016-07-01,95.49,96.465,95.33,95.89,26026540,AAPL
2016-07-05,95.39,95.4,94.46,94.99,27705210,AAPL
2016-07-06,94.6,95.66,94.37,95.53,30949090,AAPL
2016-07-07,95.7,96.5,95.62,95.94,25139558,AAPL
2016-07-08,96.49,96.89,96.05,96.68,28912103,AAPL
2016-07-11,96.75,97.65,96.73,96.98,23794945,AAPL
2016-07-12,97.17,97.7,97.12,97.42,24167463,AAPL
2016-07-13,97.41,97.67,96.84,96.87,25892171,AAPL
2016-07-14,97.39,98.99,97.32,98.79,38918997,AAPL
2016-07-15,98.92,99.3,98.5,98.78,30136990,AAPL
2016-07-18,98.7,100.13,98.6,99.83,36493867,AAPL
2016-07-19,99.56,100.0,99.34,99.87,23779924,AAPL
2016-07-20,100.0,100.46,99.735,99.96,26275968,AAPL
2016-07-21,99.83,101.0,99.13,99.43,32702028,AAPL
2016-07-22,99.26,99.3,98.31,98.66,28313669,AAPL
2016-07-25,98.25,98.84,96.92,97.34,40382921,AAPL
2016-07-26,96.82,97.97,96.42,96.67,56239822,AAPL
2016-07-27,104.265,104.35,102.75,102.95,92344820,AAPL
2016-07-28,102.83,104.45,102.82,104.34,39869839,AAPL
2016-07-29,104.19,104.55,103.68,104.21,27733688,AAPL
2016-08-01,104.41,106.15,104.41,106.05,38167871,AAPL
2016-08-02,106.05,106.07,104.0,104.48,33816556,AAPL
2016-08-03,104.81,105.84,104.77,105.79,30202641,AAPL
2016-08-04,105.58,106.0,105.28,105.87,27408650,AAPL
2016-08-05,106.27,107.65,106.18,107.48,40553402,AAPL
2016-08-08,107.52,108.37,107.16,108.37,28037220,AAPL
2016-08-09,108.23,108.94,108.01,108.81,26315204,AAPL
2016-08-10,108.71,108.9,107.76,108.0,24008505,AAPL
2016-08-11,108.52,108.93,107.85,107.93,27484506,AAPL
2016-08-12,107.78,108.44,107.78,108.18,18660434,AAPL
2016-08-15,108.14,109.54,108.08,109.48,25868209,AAPL
2016-08-16,109.63,110.23,109.21,109.38,33794448,AAPL
2016-08-17,109.1,109.37,108.34,109.22,25355976,AAPL
2016-08-18,109.23,109.6,109.02,109.08,21984703,AAPL
2016-08-19,108.77,109.69,108.36,109.36,25368072,AAPL
2016-08-22,108.86,109.1,107.85,108.51,25820230,AAPL
2016-08-23,108.59,109.32,108.53,108.85,21257669,AAPL
2016-08-24,108.565,108.75,107.68,108.03,23675081,AAPL
2016-08-25,107.39,107.88,106.68,107.57,25086248,AAPL
2016-08-26,107.41,107.95,106.31,106.94,27766291,AAPL
2016-08-29,106.62,107.44,106.29,106.82,24970300,AAPL
2016-08-30,105.8,106.5,105.5,106.0,24863945,AAPL
2016-08-31,105.66,106.5699,105.64,106.1,29662406,AAPL
2016-09-01,106.14,106.8,105.62,106.73,26701523,AAPL
2016-09-02,107.7,108.0,106.82,107.73,26802450,AAPL
2016-09-06,107.9,108.3,107.51,107.7,26880391,AAPL
2016-09-07,107.83,108.76,107.07,108.36,42364328,AAPL
2016-09-08,107.25,107.27,105.24,105.52,53002026,AAPL
2016-09-09,104.64,105.72,103.13,103.13,46556984,AAPL
2016-09-12,102.65,105.72,102.53,105.44,45292770,AAPL
2016-09-13,107.51,108.79,107.24,107.95,62176190,AAPL
2016-09-14,108.73,113.03,108.6,111.77,112340318,AAPL
2016-09-15,113.86,115.73,113.49,115.57,90613177,AAPL
2016-09-16,115.12,116.13,114.04,114.92,79886911,AAPL
2016-09-19,115.19,116.18,113.25,113.58,47023046,AAPL
2016-09-20,113.05,114.12,112.51,113.57,34514269,AAPL
2016-09-21,113.85,113.989,112.441,113.55,36003185,AAPL
2016-09-22,114.35,114.94,114.0,114.62,31073984,AAPL
2016-09-23,114.42,114.79,111.55,112.71,52481151,AAPL
2016-09-26,111.64,113.39,111.55,112.88,29869442,AAPL
2016-09-27,113.0,113.18,112.34,113.09,24607412,AAPL
2016-09-28,113.69,114.64,113.43,113.95,29641085,AAPL
2016-09-29,113.16,113.8,111.8,112.18,35886990,AAPL
2016-09-30,112.46,113.37,111.8,113.05,36379106,AAPL
2016-10-03,112.71,113.05,112.28,112.52,21701760,AAPL
2016-10-04,113.06,114.31,112.63,113.0,29736835,AAPL
2016-10-05,113.4,113.66,112.69,113.05,21453089,AAPL
2016-10-06,113.7,114.34,113.13,113.89,28779313,AAPL
2016-10-07,114.31,114.56,113.51,114.06,24358443,AAPL
2016-10-10,115.02,116.75,114.72,116.05,36235956,AAPL
2016-10-11,117.7,118.69,116.2,116.3,64041043,AAPL
2016-10-12,117.35,117.98,116.75,117.34,37586787,AAPL
2016-10-13,116.79,117.44,115.72,116.98,35192406,AAPL
2016-10-14,117.88,118.17,117.13,117.63,35652191,AAPL
2016-10-17,117.33,117.84,116.78,117.55,23624896,AAPL
2016-10-18,118.18,118.21,117.45,117.47,24553478,AAPL
2016-10-19,117.25,117.76,113.8,117.12,20034594,AAPL
2016-10-20,116.86,117.38,116.33,117.06,24125801,AAPL
2016-10-21,116.81,116.91,116.28,116.6,23192665,AAPL
2016-10-24,117.1,117.74,117.0,117.65,23538673,AAPL
2016-10-25,117.95,118.36,117.31,118.25,48128970,AAPL
2016-10-26,114.31,115.7,113.31,115.59,66134219,AAPL
2016-10-27,115.39,115.86,114.1,114.48,34562045,AAPL
2016-10-28,113.87,115.21,113.45,113.72,37861662,AAPL
2016-10-31,113.65,114.23,113.2,113.54,26419398,AAPL
2016-11-01,113.46,113.77,110.53,111.49,43825812,AAPL
2016-11-02,111.4,112.35,111.23,111.59,28331709,AAPL
2016-11-03,110.98,111.46,109.55,109.83,26932602,AAPL
2016-11-04,108.53,110.25,108.11,108.84,30836997,AAPL
2016-11-07,110.08,110.51,109.46,110.41,32560000,AAPL
2016-11-08,110.31,111.72,109.7,111.06,24254179,AAPL
2016-11-09,109.88,111.32,108.05,110.88,59176361,AAPL
2016-11-10,111.09,111.09,105.83,107.79,57134541,AAPL
2016-11-11,107.12,108.87,106.55,108.43,34143898,AAPL
2016-11-14,107.71,107.809,104.08,105.71,51175504,AAPL
2016-11-15,106.57,107.68,106.1593,107.11,32264510,AAPL
2016-11-16,106.7,110.23,106.6,109.99,58840522,AAPL
2016-11-17,109.81,110.35,108.83,109.95,27632003,AAPL
2016-11-18,109.72,110.54,109.66,110.06,28428917,AAPL
2016-11-21,110.12,111.99,110.01,111.73,29264571,AAPL
2016-11-22,111.95,112.42,111.4,111.8,25965534,AAPL
2016-11-23,111.36,111.51,110.33,111.23,27426394,AAPL
2016-11-25,111.13,111.87,110.95,111.79,11475922,AAPL
2016-11-28,111.43,112.465,111.39,111.57,27193983,AAPL
2016-11-29,110.78,112.03,110.07,111.46,28528750,AAPL
2016-11-30,111.6,112.2,110.27,110.52,36162258,AAPL
2016-12-01,110.365,110.94,109.03,109.49,37086862,AAPL
2016-12-02,109.17,110.09,108.85,109.9,26527997,AAPL
2016-12-05,110.0,110.03,108.25,109.11,34324540,AAPL
2016-12-06,109.5,110.36,109.19,109.95,26195462,AAPL
2016-12-07,109.26,111.19,109.16,111.03,29998719,AAPL
2016-12-08,110.86,112.43,110.6,112.12,27068316,AAPL
2016-12-09,112.31,114.7,112.31,113.95,34402627,AAPL
2016-12-12,113.29,115.0,112.49,113.3,26374377,AAPL
2016-12-13,113.84,115.92,113.75,115.19,43733811,AAPL
2016-12-14,115.04,116.2,114.98,115.19,34031834,AAPL
2016-12-15,115.38,116.73,115.23,115.82,46524544,AAPL
2016-12-16,116.47,116.5,115.645,115.97,44351134,AAPL
2016-12-19,115.8,117.38,115.75,116.64,27779423,AAPL
2016-12-20,116.74,117.5,116.68,116.95,21424965,AAPL
2016-12-21,116.8,117.4,116.78,117.06,23783165,AAPL
2016-12-22,116.35,116.51,115.64,116.29,26085854,AAPL
2016-12-23,115.59,116.52,115.59,116.52,14249484,AAPL
2016-12-27,116.52,117.8,116.49,117.26,18296855,AAPL
2016-12-28,117.52,118.0166,116.2,116.76,20905892,AAPL
2016-12-29,116.45,117.1095,116.4,116.73,15039519,AAPL
2016-12-30,116.65,117.2,115.43,115.82,30586265,AAPL
2017-01-03,115.8,116.33,114.76,116.15,28781865,AAPL
2017-01-04,115.85,116.51,115.75,116.02,21118116,AAPL
2017-01-05,115.92,116.8642,115.81,116.61,22193587,AAPL
2017-01-06,116.78,118.16,116.47,117.91,31751900,AAPL
2017-01-09,117.95,119.43,117.94,118.99,33561948,AAPL
2017-01-10,118.77,119.38,118.3,119.11,24462051,AAPL
2017-01-11,118.74,119.93,118.6,119.75,27588593,AAPL
2017-01-12,118.895,119.3,118.21,119.25,27086220,AAPL
2017-01-13,119.11,119.62,118.81,119.04,26111948,AAPL
2017-01-17,118.34,120.24,118.22,120.0,34439843,AAPL
2017-01-18,120.0,120.5,119.71,119.99,23712961,AAPL
2017-01-19,119.4,120.09,119.37,119.78,25597291,AAPL
2017-01-20,120.45,120.45,119.7346,120.0,32597892,AAPL
2017-01-23,120.0,120.81,119.77,120.08,22050218,AAPL
2017-01-24,119.55,120.1,119.5,119.97,23211038,AAPL
2017-01-25,120.42,122.1,120.28,121.88,32586673,AAPL
2017-01-26,121.67,122.44,121.6,121.94,26337576,AAPL
2017-01-27,122.14,122.35,121.6,121.95,20562944,AAPL
2017-01-30,120.93,121.63,120.66,121.63,30377503,AAPL
2017-01-31,121.15,121.39,120.62,121.35,49200993,AAPL
2017-02-01,127.03,130.49,127.01,128.75,111985040,AAPL
2017-02-02,127.975,129.39,127.78,128.53,33710411,AAPL
2017-02-03,128.31,129.19,128.16,129.08,24507301,AAPL
2017-02-06,129.13,130.5,128.9,130.29,26845924,AAPL
2017-02-07,130.54,132.09,130.45,131.53,38183841,AAPL
2017-02-08,131.35,132.22,131.22,132.04,23004072,AAPL
2017-02-09,131.65,132.445,131.12,132.42,28349859,AAPL
2017-02-10,132.46,132.94,132.05,132.12,20065458,AAPL
2017-02-13,133.08,133.82,132.75,133.29,23035421,AAPL
2017-02-14,133.47,135.09,133.25,135.02,33226223,AAPL
2017-02-15,135.52,136.27,134.62,135.51,35623100,AAPL
2017-02-16,135.67,135.9,134.8398,135.345,22584555,AAPL
2017-02-17,135.1,135.83,135.1,135.72,22198197,AAPL
2017-02-21,136.23,136.75,135.98,136.7,24507156,AAPL
2017-02-22,136.43,137.12,136.11,137.11,20836932,AAPL
2017-02-23,137.38,137.48,136.3,136.53,20788186,AAPL
2017-02-24,135.91,136.66,135.28,136.66,21776585,AAPL
2017-02-27,137.14,137.435,136.28,136.93,20257426,AAPL
2017-02-28,137.08,137.435,136.7,136.99,23482860,AAPL
2017-03-01,137.89,140.15,137.595,139.79,36414585,AAPL
2017-03-02,140.0,140.2786,138.76,138.96,26210984,AAPL
2017-03-03,138.78,139.83,138.59,139.78,21571121,AAPL
2017-03-06,139.365,139.77,138.5959,139.34,21750044,AAPL
2017-03-07,139.06,139.98,138.79,139.52,17446297,AAPL
2017-03-08,138.95,139.8,138.82,139.0,18707236,AAPL
2017-03-09,138.74,138.79,137.05,138.68,22155904,AAPL
2017-03-10,139.25,139.3571,138.64,139.14,19612801,AAPL
2017-03-13,138.85,139.43,138.82,139.2,17421717,AAPL
2017-03-14,139.3,139.65,138.84,138.99,15309065,AAPL
2017-03-15,139.41,140.7501,139.025,140.46,25691774,AAPL
2017-03-16,140.72,141.02,140.26,140.69,19231998,AAPL
2017-03-17,141.0,141.0,139.89,139.99,43884952,AAPL
2017-03-20,140.4,141.5,140.23,141.46,21542038,AAPL
2017-03-21,142.11,142.8,139.73,139.84,39529912,AAPL
2017-03-22,139.845,141.6,139.76,141.42,25860165,AAPL
2017-03-23,141.26,141.5844,140.61,140.92,20346301,AAPL
2017-03-24,141.5,141.74,140.35,140.64,22395563,AAPL
2017-03-27,139.39,141.22,138.62,140.88,23575094,AAPL
2017-03-28,140.91,144.04,140.62,143.8,33374805,AAPL
2017-03-29,143.68,144.49,143.19,144.12,29189955,AAPL
2017-03-30,144.19,144.5,143.5,143.93,21207252,AAPL
2017-03-31,143.72,144.27,143.01,143.66,19661651,AAPL
2017-04-03,143.71,144.12,143.05,143.7,19985714,AAPL
2017-04-04,143.25,144.89,143.17,144.77,19891354,AAPL
2017-04-05,144.22,145.46,143.81,144.02,27717854,AAPL
2017-04-06,144.29,144.52,143.45,143.66,21149034,AAPL
2017-04-07,143.73,144.18,143.27,143.34,16658543,AAPL
2017-04-10,143.6,143.8792,142.9,143.17,18933397,AAPL
2017-04-11,142.94,143.35,140.06,141.63,30379376,AAPL
2017-04-12,141.6,142.15,141.01,141.8,20350000,AAPL
2017-04-13,141.91,142.38,141.05,141.05,17822880,AAPL
2017-04-17,141.48,141.88,140.87,141.83,16582094,AAPL
2017-04-18,141.41,142.04,141.11,141.2,14697544,AAPL
2017-04-19,141.88,142.0,140.45,140.68,17328375,AAPL
2017-04-20,141.22,142.92,141.16,142.44,23319562,AAPL
2017-04-21,142.44,142.68,141.85,142.27,17320928,AAPL
2017-04-24,143.5,143.95,143.18,143.64,17134333,AAPL
2017-04-25,143.91,144.9,143.87,144.53,18871501,AAPL
2017-04-26,144.47,144.6,143.3762,143.68,20041241,AAPL
2017-04-27,143.9225,144.16,143.31,143.79,14246347,AAPL
2017-04-28,144.09,144.3,143.27,143.65,20860358,AAPL
2017-05-01,145.1,147.2,144.96,146.58,33602943,AAPL
2017-05-02,147.54,148.09,146.84,147.51,45352194,AAPL
2017-05-03,145.59,147.49,144.27,147.06,45697034,AAPL
2017-05-04,146.52,147.14,145.81,146.53,23371872,AAPL
2017-05-05,146.76,148.98,146.76,148.96,27327725,AAPL
2017-05-08,149.03,153.7,149.03,153.01,48752413,AAPL
2017-05-09,153.87,154.88,153.45,153.99,39130363,AAPL
2017-05-10,153.63,153.94,152.11,153.26,25805692,AAPL
2017-05-11,152.45,154.07,152.31,153.95,27255058,AAPL
2017-05-12,154.7,156.42,154.67,156.1,32527017,AAPL
2017-05-15,156.01,156.65,155.05,155.7,26009719,AAPL
2017-05-16,155.94,156.06,154.72,155.47,20048478,AAPL
2017-05-17,153.6,154.57,149.71,150.25,50767678,AAPL
2017-05-18,151.27,153.34,151.13,152.54,33568215,AAPL
2017-05-19,153.38,153.98,152.63,153.06,26960788,AAPL
2017-05-22,154.0,154.58,152.91,153.99,22966437,AAPL
2017-05-23,154.9,154.9,153.31,153.8,19918871,AAPL
2017-05-24,153.84,154.17,152.67,153.34,19219154,AAPL
2017-05-25,153.73,154.35,153.03,153.87,19235598,AAPL
2017-05-26,154.0,154.24,153.31,153.61,21927637,AAPL
2017-05-30,153.42,154.43,153.33,153.67,20126851,AAPL
2017-05-31,153.97,154.17,152.38,152.76,24451164,AAPL
2017-06-01,153.17,153.33,152.22,153.18,16404088,AAPL
2017-06-02,153.58,155.45,152.89,155.45,27770715,AAPL
2017-06-05,154.34,154.45,153.46,153.93,25331662,AAPL
2017-06-06,153.9,155.81,153.78,154.45,26624926,AAPL
2017-06-07,155.02,155.98,154.48,155.37,21069647,AAPL
2017-06-08,155.25,155.54,154.4,154.99,21250798,AAPL
2017-06-09,155.19,155.19,146.02,148.98,64882657,AAPL
2017-06-12,145.74,146.09,142.51,145.42,72307330,AAPL
2017-06-13,147.16,147.45,145.15,146.59,34165445,AAPL
2017-06-14,147.5,147.5,143.84,145.16,31531232,AAPL
2017-06-15,143.32,144.4798,142.21,144.29,32165373,AAPL
2017-06-16,143.78,144.5,142.2,142.27,50361093,AAPL
2017-06-19,143.66,146.74,143.66,146.34,32541404,AAPL
2017-06-20,146.87,146.87,144.94,145.01,24900073,AAPL
2017-06-21,145.52,146.0693,144.61,145.87,21265751,AAPL
2017-06-22,145.77,146.7,145.1199,145.63,19106294,AAPL
2017-06-23,145.13,147.16,145.11,146.28,35439389,AAPL
2017-06-26,147.17,148.28,145.38,145.82,25692361,AAPL
2017-06-27,145.01,146.16,143.62,143.73,24761891,AAPL
2017-06-28,144.49,146.11,143.1601,145.83,22082432,AAPL
2017-06-29,144.71,145.13,142.28,143.68,31499368,AAPL
2017-06-30,144.45,144.96,143.78,144.02,23024107,AAPL
2017-07-03,144.88,145.3001,143.1,143.5,14277848,AAPL
2017-07-05,143.69,144.79,142.7237,144.09,21569557,AAPL
2017-07-06,143.02,143.5,142.41,142.73,24128782,AAPL
2017-07-07,142.9,144.75,142.9,144.18,19201712,AAPL
2017-07-10,144.11,145.95,143.37,145.06,21090636,AAPL
2017-07-11,144.73,145.85,144.38,145.53,19781836,AAPL
2017-07-12,145.87,146.18,144.82,145.74,24884478,AAPL
2017-07-13,145.5,148.49,145.44,147.77,25199373,AAPL
2017-07-14,147.97,149.33,147.33,149.04,20132061,AAPL
2017-07-17,148.82,150.9,148.57,149.56,23793456,AAPL
2017-07-18,149.2,150.13,148.67,150.08,17868792,AAPL
2017-07-19,150.48,151.42,149.95,151.02,20922969,AAPL
2017-07-20,151.5,151.74,150.19,150.34,17243748,AAPL
2017-07-21,149.99,150.44,148.88,150.27,26252630,AAPL
2017-07-24,150.58,152.44,149.9,152.09,21493160,AAPL
2017-07-25,151.8,153.84,151.8,152.74,18853932,AAPL
2017-07-26,153.35,153.93,153.06,153.46,15780951,AAPL
2017-07-27,153.75,153.99,147.3,150.56,32476337,AAPL
2017-07-28,149.89,150.23,149.19,149.5,17213653,AAPL
2017-07-31,149.9,150.33,148.13,148.73,19845920,AAPL
2017-08-01,157.06,158.92,156.6701,158.59,21194042,AAPL
2017-08-02,159.28,159.75,156.16,157.14,69936800,AAPL
2017-08-03,157.05,157.21,155.02,155.57,27097296,AAPL
2017-08-04,156.07,157.4,155.69,156.39,20559852,AAPL
2017-08-07,157.06,158.92,156.6701,158.81,21870321,AAPL
2017-08-08,158.6,161.83,158.27,160.08,36205896,AAPL
2017-08-09,159.26,161.27,159.11,161.06,26131530,AAPL
2017-08-10,159.9,160.0,154.63,155.32,40804273,AAPL
2017-08-11,156.6,158.5728,156.07,157.48,26257096,AAPL
2017-08-14,159.32,160.21,158.75,159.85,22122734,AAPL
2017-08-15,160.66,162.195,160.14,161.6,29465487,AAPL
2017-08-16,161.94,162.51,160.15,160.95,27671612,AAPL
2017-08-17,160.52,160.71,157.84,157.86,27940565,AAPL
2017-08-18,157.86,159.5,156.72,157.5,27428069,AAPL
2017-08-21,157.5,157.89,155.1101,157.21,26368528,AAPL
2017-08-22,158.23,160.0,158.02,159.78,21604585,AAPL
2017-08-23,159.07,160.47,158.88,159.98,19399081,AAPL
2017-08-24,160.43,160.74,158.55,159.27,19818918,AAPL
2017-08-25,159.65,160.56,159.27,159.86,25480063,AAPL
2017-08-28,160.14,162.0,159.93,161.47,25965972,AAPL
2017-08-29,160.1,163.12,160.0,162.91,29516910,AAPL
2017-08-30,163.8,163.89,162.61,163.35,27269584,AAPL
2017-08-31,163.64,164.52,163.48,164.0,26785096,AAPL
2017-09-01,164.8,164.94,163.63,164.05,16591051,AAPL
2017-09-05,163.75,164.25,160.56,162.08,29536314,AAPL
2017-09-06,162.71,162.99,160.52,161.91,21651726,AAPL
2017-09-07,162.09,162.24,160.36,161.26,21928502,AAPL
2017-09-08,160.86,161.15,158.53,158.63,28611535,AAPL
2017-09-11,160.5,162.05,159.89,161.5,31580798,AAPL
2017-09-12,162.61,163.96,158.77,160.86,71714046,AAPL
2017-09-13,159.87,159.96,157.91,159.65,44907361,AAPL
2017-09-14,158.99,159.4,158.09,158.28,23760749,AAPL
2017-09-15,158.47,160.97,158.0,159.88,49114602,AAPL
2017-09-18,160.11,160.5,157.995,158.67,28269435,AAPL
2017-09-19,159.51,159.77,158.44,158.73,20810632,AAPL
2017-09-20,157.9,158.26,153.83,156.07,52951364,AAPL
2017-09-21,155.8,155.8,152.75,153.39,37511661,AAPL
2017-09-22,152.02,152.27,150.56,151.89,46645443,AAPL
2017-09-25,149.99,151.83,149.16,150.55,44387336,AAPL
2017-09-26,151.78,153.92,151.69,153.14,36660045,AAPL
2017-09-27,153.8,154.7189,153.54,154.23,25504227,AAPL
2017-09-28,153.89,154.28,152.7,153.28,22005455,AAPL
2017-09-29,153.21,154.13,152.0,154.12,26299810,AAPL
2017-10-02,154.26,154.45,152.72,153.81,18698842,AAPL
2017-10-03,154.01,155.09,153.91,154.48,16230293,AAPL
2017-10-04,153.63,153.86,152.46,153.48,20163750,AAPL
2017-10-05,154.18,155.44,154.05,155.39,21283769,AAPL
2017-10-06,154.97,155.49,154.56,155.3,17407558,AAPL
2017-10-09,155.81,156.73,155.485,155.84,16262923,AAPL
2017-10-10,156.055,158.0,155.1,155.9,15617014,AAPL
2017-10-11,155.97,156.98,155.75,156.55,16905640,AAPL
2017-10-12,156.35,157.37,155.7299,156.0,16125054,AAPL
2017-10-13,156.73,157.28,156.41,156.99,16394188,AAPL
2017-10-16,157.9,160.0,157.65,159.88,24121452,AAPL
2017-10-17,159.78,160.87,159.23,160.47,18997275,AAPL
2017-10-18,160.42,160.71,159.6,159.76,16374164,AAPL
2017-10-19,156.75,157.08,155.02,155.98,42584166,AAPL
2017-10-20,156.61,157.75,155.96,156.25,23974146,AAPL
2017-10-23,156.89,157.69,155.5,156.17,21984327,AAPL
2017-10-24,156.29,157.42,156.2,157.1,17757230,AAPL
2017-10-25,156.91,157.55,155.27,156.41,21207098,AAPL
2017-10-26,157.23,157.8295,156.78,157.41,17000469,AAPL
2017-10-27,159.29,163.6,158.7,163.05,44454160,AAPL
2017-10-30,163.89,168.07,163.72,166.72,44700772,AAPL
2017-10-31,167.9,169.6499,166.94,169.04,36046828,AAPL
2017-11-01,169.87,169.94,165.61,166.89,33637762,AAPL
2017-11-02,167.64,168.5,165.28,168.11,41393373,AAPL
2017-11-03,174.0,174.26,171.12,172.5,59398631,AAPL
2017-11-06,172.365,174.99,171.72,174.25,35026306,AAPL
2017-11-07,173.91,175.25,173.6,174.81,24361485,AAPL
2017-11-08,174.66,176.24,174.33,176.24,24409527,AAPL
2017-11-09,175.11,176.095,173.14,175.88,29185668,AAPL
2017-11-10,175.11,175.38,174.27,174.67,25145500,AAPL
2017-11-13,173.5,174.5,173.4,173.97,16982080,AAPL
2017-11-14,173.04,173.48,171.18,171.34,24782487,AAPL
2017-11-15,169.97,170.3197,168.38,169.08,29158070,AAPL
2017-11-16,171.18,171.87,170.3,171.1,23637484,AAPL
2017-11-17,171.04,171.39,169.64,170.15,21899544,AAPL
2017-11-20,170.29,170.56,169.56,169.98,16262447,AAPL
2017-11-21,170.78,173.7,170.78,173.14,25131295,AAPL
2017-11-22,173.36,175.0,173.05,174.96,25588925,AAPL
2017-11-24,175.1,175.5,174.6459,174.97,14026673,AAPL
2017-11-27,175.05,175.08,173.34,174.09,20716802,AAPL
2017-11-28,174.3,174.87,171.86,173.07,26428802,AAPL
2017-11-29,172.63,172.92,167.16,169.48,41666364,AAPL
2017-11-30,170.43,172.14,168.44,171.85,41527218,AAPL
2017-12-01,169.95,171.67,168.5,171.05,39759288,AAPL
2017-12-04,172.48,172.62,169.63,169.8,32542385,AAPL
2017-12-05,169.06,171.52,168.4,169.64,27350154,AAPL
2017-12-06,167.5,170.2047,166.46,169.01,28560000,AAPL
2017-12-07,169.03,170.44,168.91,169.32,25673308,AAPL
2017-12-08,170.49,171.0,168.82,169.37,23355231,AAPL
2017-12-11,169.2,172.89,168.79,172.67,35273759,AAPL
2017-12-12,172.15,172.39,171.461,171.7,19409230,AAPL
2017-12-13,172.5,173.54,172.0,172.27,23818447,AAPL
2017-12-14,172.4,173.13,171.65,172.22,20476541,AAPL
2017-12-15,173.63,174.17,172.46,173.97,40169307,AAPL
2017-12-18,174.88,177.2,174.86,176.42,29421114,AAPL
2017-12-19,175.03,175.39,174.09,174.54,27436447,AAPL
2017-12-20,174.87,175.42,173.25,174.35,23475649,AAPL
2017-12-21,174.17,176.02,174.1,175.01,20949896,AAPL
2017-12-22,174.68,175.424,174.5,175.01,16349444,AAPL
2017-12-26,170.8,171.47,169.679,170.57,33185536,AAPL
2017-12-27,170.1,170.78,169.71,170.6,21498213,AAPL
2017-12-28,171.0,171.85,170.48,171.08,16480187,AAPL
2017-12-29,170.52,170.59,169.22,169.23,25999922,AAPL
2018-01-02,170.16,172.3,169.26,172.26,25555934,AAPL
2018-01-03,172.53,174.55,171.96,172.23,29517899,AAPL
2018-01-04,172.54,173.47,172.08,173.03,22434597,AAPL
2018-01-05,173.44,175.37,173.05,175.0,23660018,AAPL
2018-01-08,174.35,175.61,173.93,174.35,20567766,AAPL
2018-01-09,174.55,175.06,173.41,174.33,21583997,AAPL
2018-01-10,173.16,174.3,173.0,174.29,23959895,AAPL
2018-01-11,174.59,175.4886,174.49,175.28,18667729,AAPL
2018-01-12,176.18,177.36,175.65,177.09,25418080,AAPL
2018-01-16,177.9,179.39,176.14,176.19,29565947,AAPL
2018-01-17,176.15,179.25,175.07,179.1,34386836,AAPL
2018-01-18,179.37,180.1,178.25,179.26,31193352,AAPL
2018-01-19,178.61,179.58,177.41,178.46,32425067,AAPL
2018-01-22,177.3,177.78,176.6016,177.0,27108551,AAPL
2018-01-23,177.3,179.44,176.82,177.04,32689146,AAPL
2018-01-24,177.25,177.3,173.2,174.22,51105090,AAPL
2018-01-25,174.505,174.95,170.53,171.11,41529004,AAPL
2018-01-26,172.0,172.0,170.06,171.51,39143011,AAPL
2018-01-29,170.16,170.16,167.07,167.96,50640406,AAPL
2018-01-30,165.525,167.37,164.7,166.97,46048185,AAPL
2018-01-31,166.87,168.4417,166.5,167.43,32478930,AAPL
2018-02-01,167.165,168.62,166.76,167.78,47230787,AAPL
2018-02-02,166.0,166.8,160.1,160.5,86593825,AAPL
2018-02-05,159.1,163.88,156.0,156.49,72738522,AAPL
2018-02-06,154.83,163.72,154.0,163.03,68243838,AAPL
2018-02-07,163.085,163.4,159.0685,159.54,51608580,AAPL
2013-02-08,261.4,265.25,260.555,261.95,3879078,AMZN
2013-02-11,263.2,263.25,256.6,257.21,3403403,AMZN
2013-02-12,259.19,260.16,257.0,258.7,2938660,AMZN
2013-02-13,261.53,269.96,260.3,269.47,5292996,AMZN
2013-02-14,267.37,270.65,265.4,269.24,3462780,AMZN
2013-02-15,267.63,268.92,263.11,265.09,3979832,AMZN
2013-02-19,265.91,270.11,264.5,269.75,2853752,AMZN
2013-02-20,270.2,274.3,266.371,266.41,3528862,AMZN
2013-02-21,265.12,269.48,263.25,265.94,3637396,AMZN
2013-02-22,266.62,267.11,261.61,265.42,3123402,AMZN
2013-02-25,266.94,268.694,259.65,259.87,3032109,AMZN
2013-02-26,260.89,262.04,255.73,259.36,3348011,AMZN
2013-02-27,259.4,265.83,256.86,263.25,2908010,AMZN
2013-02-28,261.81,267.0,260.63,264.27,2667199,AMZN
2013-03-01,263.27,266.6,261.04,265.74,2956724,AMZN
2013-03-04,265.36,273.3,264.14,273.11,3452783,AMZN
2013-03-05,274.0,276.68,269.99,275.59,3685983,AMZN
2013-03-06,275.76,276.489,271.832,273.79,2050452,AMZN
2013-03-07,274.1,274.8,271.85,273.88,1938987,AMZN
2013-03-08,275.0,275.44,271.5,274.19,1879762,AMZN
2013-03-11,273.43,273.99,270.4,271.24,1904465,AMZN
2013-03-12,271.0,277.4,270.3601,274.13,3245906,AMZN
2013-03-13,275.24,276.5,272.64,275.1,1884115,AMZN
2013-03-14,269.67,270.0,263.53,265.74,5226150,AMZN
2013-03-15,264.98,267.26,260.05,261.82,4865572,AMZN
2013-03-18,259.3,261.49,257.12,257.89,2719833,AMZN
2013-03-19,258.4,259.5,252.62,256.41,3738396,AMZN
2013-03-20,258.05,259.76,254.5501,257.278,2734710,AMZN
2013-03-21,256.11,257.0,252.68,253.39,2805646,AMZN
2013-03-22,254.55,257.77,252.07,257.75,3124199,AMZN
2013-03-25,258.58,259.429,254.5,256.02,2513758,AMZN
2013-03-26,257.05,261.48,256.28,260.31,2420504,AMZN
2013-03-27,258.75,265.93,257.9,265.3,2874824,AMZN
2013-03-28,265.82,267.375,264.06,266.49,2473257,AMZN
2013-04-01,266.98,267.4,261.01,261.61,2524725,AMZN
2013-04-02,262.4,265.89,260.55,263.322,2631038,AMZN
2013-04-03,262.12,263.67,257.75,259.03,2413784,AMZN
2013-04-04,259.23,260.41,256.12,259.08,1964377,AMZN
2013-04-05,255.72,256.18,253.67,255.48,2557357,AMZN
2013-04-08,255.92,259.679,255.63,258.95,2295573,AMZN
2013-04-09,258.85,262.61,257.0,261.14,2156507,AMZN
2013-04-10,261.78,265.98,259.32,264.77,2322407,AMZN
2013-04-11,264.74,270.97,264.74,269.85,3090466,AMZN
2013-04-12,270.12,273.27,267.02,272.87,2865875,AMZN
2013-04-15,271.08,275.12,267.1,267.72,3325359,AMZN
2013-04-16,269.31,272.8,268.06,272.34,2137118,AMZN
2013-04-17,270.8,270.85,264.25,267.4,3135091,AMZN
2013-04-18,266.81,266.9899,256.6,259.42,3137451,AMZN
2013-04-19,258.16,262.88,257.5,260.32,2602470,AMZN
2013-04-22,259.35,264.6,258.03,263.55,2119071,AMZN
2013-04-23,264.5,269.87,264.5,268.9,2270594,AMZN
2013-04-24,269.5,271.47,266.81,268.78,1851390,AMZN
2013-04-25,271.53,275.8,270.5,274.7,6011863,AMZN
2013-04-26,269.97,272.02,252.81,254.81,14029220,AMZN
2013-04-29,254.9,257.01,249.15,249.74,7110750,AMZN
2013-04-30,249.3701,254.68,248.56,253.81,4248790,AMZN
2013-05-01,253.9,254.2,245.75,248.23,4391302,AMZN
2013-05-02,248.94,252.93,245.78,252.55,3922605,AMZN
2013-05-03,256.14,259.25,254.7,258.05,3513934,AMZN
2013-05-06,258.09,259.5,253.4201,255.72,2347669,AMZN
2013-05-07,256.31,259.74,252.9101,257.73,3133399,AMZN
2013-05-08,256.87,260.295,255.334,258.68,2676986,AMZN
2013-05-09,258.73,263.55,256.88,260.16,2769255,AMZN
2013-05-10,260.88,263.65,260.21,263.63,3144719,AMZN
2013-05-13,262.77,265.88,262.0,264.51,2149398,AMZN
2013-05-14,264.5,269.4,264.028,268.33,2699755,AMZN
2013-05-15,267.07,269.05,264.56,266.56,2719687,AMZN
2013-05-16,265.96,268.43,263.85,264.12,1643068,AMZN
2013-05-17,265.83,269.98,265.0,269.9,2527271,AMZN
2013-05-20,269.0,271.79,266.5,267.63,2208934,AMZN
2013-05-21,268.74,270.77,267.66,268.86,1740956,AMZN
2013-05-22,267.39,267.59,260.8,262.96,3331960,AMZN
2013-05-23,260.49,263.17,259.59,261.8,2000141,AMZN
2013-05-24,259.85,261.93,258.34,261.74,1696290,AMZN
2013-05-28,266.48,271.1,266.0,267.29,3470157,AMZN
2013-05-29,265.46,268.25,264.844,265.53,1903390,AMZN
2013-05-30,265.71,268.57,265.615,266.83,1667469,AMZN
2013-05-31,266.0,271.91,265.94,269.2,3374188,AMZN
2013-06-03,268.96,269.11,262.95,266.88,2543880,AMZN
2013-06-04,267.0,268.88,263.02,265.7,2088072,AMZN
2013-06-05,265.81,271.66,265.02,267.17,3511955,AMZN
2013-06-06,267.75,270.5,264.21,267.83,2468970,AMZN
2013-06-07,269.74,280.1,269.13,276.87,4632239,AMZN
2013-06-10,276.68,282.47,275.24,281.07,3084405,AMZN
2013-06-11,276.0,278.411,274.24,274.78,3097745,AMZN
2013-06-12,276.6,276.8,270.45,271.67,2237998,AMZN
2013-06-13,271.5,276.8,270.2901,275.79,2649715,AMZN
2013-06-14,275.0,277.07,273.442,273.99,2150543,AMZN
2013-06-17,276.35,280.2,275.65,278.06,2883867,AMZN
2013-06-18,279.08,282.91,278.11,281.76,2146005,AMZN
2013-06-19,281.26,283.34,277.87,278.16,2827248,AMZN
2013-06-20,275.14,278.6,272.39,273.44,2983983,AMZN
2013-06-21,274.57,275.8399,269.79,273.36,4202058,AMZN
2013-06-24,271.29,273.16,265.0,270.61,3863764,AMZN
2013-06-25,272.3,273.47,269.0,272.088,2449510,AMZN
2013-06-26,273.98,277.98,273.5001,277.57,3029016,AMZN
2013-06-27,279.18,280.2,274.54,277.55,2519422,AMZN
2013-06-28,276.19,279.83,276.19,277.69,3193262,AMZN
2013-07-01,279.0,283.29,277.16,282.1,2888140,AMZN
2013-07-02,281.04,286.58,280.59,283.73,3238108,AMZN
2013-07-03,282.6,285.4,282.0,284.03,1380205,AMZN
2013-07-05,285.0,286.3799,282.07,285.88,1985323,AMZN
2013-07-08,286.42,291.67,286.14,290.59,3046664,AMZN
2013-07-09,291.0,292.57,288.01,291.53,2749006,AMZN
2013-07-10,291.41,293.34,289.4,292.33,1822877,AMZN
2013-07-11,294.99,300.69,292.1,299.66,4007201,AMZN
2013-07-12,298.69,307.55,298.5,307.55,4538473,AMZN
2013-07-15,307.27,307.99,304.35,306.57,2245387,AMZN
2013-07-16,307.3,309.39,305.5119,306.87,2660120,AMZN
2013-07-17,306.97,308.8,305.69,308.69,2029681,AMZN
2013-07-18,306.27,306.3408,301.87,304.11,3060805,AMZN
2013-07-19,304.39,305.79,301.91,305.23,2973041,AMZN
2013-07-22,309.25,309.25,302.0,303.48,2520663,AMZN
2013-07-23,303.16,305.06,300.56,301.06,1999344,AMZN
2013-07-24,303.02,303.84,298.04,298.94,1999684,AMZN
2013-07-25,299.0,304.5,296.75,303.4,5394295,AMZN
2013-07-26,299.55,313.62,295.55,312.01,8817434,AMZN
2013-07-29,311.07,313.0,305.9,306.1,3212185,AMZN
2013-07-30,307.72,309.7833,301.57,302.41,3053675,AMZN
2013-07-31,303.91,305.15,301.0,301.22,1891314,AMZN
2013-08-01,303.08,306.21,298.905,305.57,2968844,AMZN
2013-08-02,304.63,305.33,301.5,304.21,2502646,AMZN
2013-08-05,303.4,303.62,298.3,300.99,2233158,AMZN
2013-08-06,300.51,301.36,297.52,300.75,1848951,AMZN
2013-08-07,300.15,300.99,296.15,296.91,1963010,AMZN
2013-08-08,298.52,298.52,292.5501,295.74,2343430,AMZN
2013-08-09,295.68,299.27,294.2987,297.26,1950386,AMZN
2013-08-12,295.79,299.08,295.26,296.69,1504525,AMZN
2013-08-13,295.88,296.37,290.67,293.97,2349902,AMZN
2013-08-14,294.29,294.29,290.54,291.34,1414976,AMZN
2013-08-15,288.79,289.3,285.15,286.47,2261393,AMZN
2013-08-16,286.55,288.33,284.5,284.82,2422856,AMZN
2013-08-19,285.19,289.56,283.48,285.57,2477429,AMZN
2013-08-20,285.88,289.515,285.74,287.09,1585260,AMZN
2013-08-21,285.09,288.5,283.83,284.57,1815346,AMZN
2013-08-22,284.8,289.87,284.8,289.73,1421959,AMZN
2013-08-23,291.21,291.5,287.9,290.01,1967485,AMZN
2013-08-26,290.43,291.0499,285.6207,286.21,1717000,AMZN
2013-08-27,283.87,285.28,279.74,280.93,2475209,AMZN
2013-08-28,280.36,283.0,279.33,281.58,1457146,AMZN
2013-08-29,281.45,285.98,280.0,283.98,1566414,AMZN
2013-08-30,284.59,284.87,280.0,280.98,1534706,AMZN
2013-09-03,284.73,291.39,284.17,288.8,2897569,AMZN
2013-09-04,288.33,295.23,287.58,293.64,2438551,AMZN
2013-09-05,293.63,297.0,292.71,294.1,1818815,AMZN
2013-09-06,295.33,298.88,290.8,295.86,2291973,AMZN
2013-09-09,297.22,299.96,296.6,299.71,1643573,AMZN
2013-09-10,300.55,301.0,297.22,300.36,1778437,AMZN
2013-09-11,298.91,301.86,297.84,299.64,1742677,AMZN
2013-09-12,299.39,302.0,297.661,298.86,1606193,AMZN
2013-09-13,300.14,300.22,296.201,297.92,1350645,AMZN
2013-09-16,299.82,301.0,295.26,296.06,1818071,AMZN
2013-09-17,297.63,304.65,296.0101,304.17,2297156,AMZN
2013-09-18,304.06,312.74,302.91,312.034,2946338,AMZN
2013-09-19,313.77,314.54,311.04,312.06,2350946,AMZN
2013-09-20,312.54,320.57,312.41,316.34,5302279,AMZN
2013-09-23,314.01,315.9,308.771,311.49,1884997,AMZN
2013-09-24,312.43,318.0799,311.28,314.13,2009851,AMZN
2013-09-25,314.53,316.71,310.75,312.65,2008557,AMZN
2013-09-26,313.9,319.37,313.26,318.12,1990182,AMZN
2013-09-27,316.92,317.21,313.35,316.01,1657457,AMZN
2013-09-30,313.41,315.31,311.06,312.64,1624804,AMZN
2013-10-01,314.22,321.0,313.65,320.95,2398193,AMZN
2013-10-02,318.04,321.73,317.52,320.51,2217873,AMZN
2013-10-03,320.39,322.92,313.02,314.76,2674841,AMZN
2013-10-04,315.13,319.2,312.62,319.04,1814976,AMZN
2013-10-07,315.24,315.3399,309.74,310.03,2084585,AMZN
2013-10-08,311.5,311.545,300.27,303.23,3172022,AMZN
2013-10-09,303.42,303.4978,296.5025,298.23,3247549,AMZN
2013-10-10,304.63,306.7,302.5901,305.174,2557138,AMZN
2013-10-11,304.77,310.93,303.84,310.889,2163093,AMZN
2013-10-14,309.22,311.645,307.0,310.7,1939092,AMZN
2013-10-15,309.87,310.79,305.26,306.4,2261554,AMZN
2013-10-16,308.38,310.8,305.554,310.49,2180521,AMZN
2013-10-17,307.07,311.0,305.24,310.77,2648384,AMZN
2013-10-18,319.36,331.89,316.75,328.931,5969814,AMZN
2013-10-21,329.89,330.0,323.8,326.44,2527617,AMZN
2013-10-22,327.72,337.11,325.68,332.54,3942953,AMZN
2013-10-23,330.84,331.72,324.0601,326.756,2818158,AMZN
2013-10-24,329.63,332.6499,326.75,332.21,5884655,AMZN
2013-10-25,358.6,368.4,352.62,363.39,12043903,AMZN
2013-10-28,359.92,362.75,357.2,358.16,3635848,AMZN
2013-10-29,358.96,362.89,356.29,362.7,2190763,AMZN
2013-10-30,362.62,365.0,358.65,361.08,4505005,AMZN
2013-10-31,361.73,366.0,359.0,364.03,2466937,AMZN
2013-11-01,365.63,365.77,356.1,359.002,3332126,AMZN
2013-11-04,360.12,361.0,354.4,358.74,1940496,AMZN
2013-11-05,356.78,360.17,354.84,358.892,2007275,AMZN
2013-11-06,360.45,362.87,354.5,356.18,2288077,AMZN
2013-11-07,355.86,357.9,341.88,343.56,4250065,AMZN
2013-11-08,345.95,351.05,344.04,350.31,2656865,AMZN
2013-11-11,350.59,355.37,348.06,354.378,2262538,AMZN
2013-11-12,352.99,355.4826,347.282,349.53,2344304,AMZN
2013-11-13,347.4,356.22,345.68,356.22,2777832,AMZN
2013-11-14,357.39,368.94,356.43,367.396,4164128,AMZN
2013-11-15,367.63,372.9,365.55,369.17,4494773,AMZN
2013-11-18,370.28,373.49,364.67,366.18,2738214,AMZN
2013-11-19,365.82,368.78,362.5,364.94,1904797,AMZN
2013-11-20,367.56,367.56,360.45,362.57,1772984,AMZN
2013-11-21,364.05,369.25,363.3,368.92,1967041,AMZN
2013-11-22,370.0,374.5,366.31,372.31,2967833,AMZN
2013-11-25,373.82,377.79,373.18,376.64,2972546,AMZN
2013-11-26,377.61,382.5,374.8175,381.37,2730689,AMZN
2013-11-27,383.5,387.0,382.611,386.71,2269656,AMZN
2013-11-29,389.1,394.0999,388.62,393.62,2405985,AMZN
2013-12-02,399.0,399.0,389.1,392.3,4718883,AMZN
2013-12-03,390.11,390.949,383.1,384.66,3707536,AMZN
2013-12-04,383.5,389.69,381.4914,385.96,2355719,AMZN
2013-12-05,386.65,386.65,381.371,384.49,1906452,AMZN
2013-12-06,388.35,388.35,383.83,386.95,1987762,AMZN
2013-12-09,388.11,388.21,382.57,384.89,2766573,AMZN
2013-12-10,383.74,389.06,383.02,387.78,2739875,AMZN
2013-12-11,387.34,388.98,382.0,382.19,2451254,AMZN
2013-12-12,381.26,385.0,379.5,381.25,2123652,AMZN
2013-12-13,385.32,389.42,383.8,384.24,3025145,AMZN
2013-12-16,385.03,391.7,385.0,388.97,2258884,AMZN
2013-12-17,390.65,391.36,386.5,387.65,2348377,AMZN
2013-12-18,389.23,396.3,383.1,395.96,3493635,AMZN
2013-12-19,394.27,397.29,392.6,395.19,2429598,AMZN
2013-12-20,396.55,404.72,395.78,402.2,5038537,AMZN
2013-12-23,403.69,405.0,399.2,402.92,2661823,AMZN
2013-12-24,402.52,403.7249,396.37,399.2,1380373,AMZN
2013-12-26,401.79,404.52,396.81,404.39,1871590,AMZN
2013-12-27,404.65,405.63,396.25,398.08,1987280,AMZN
2013-12-30,399.41,399.92,392.45,393.37,2487812,AMZN
2013-12-31,394.58,398.83,393.8,398.79,1997051,AMZN
2014-01-02,398.8,399.36,394.02,397.97,2140246,AMZN
2014-01-03,398.29,402.71,396.22,396.44,2213512,AMZN
2014-01-06,395.85,397.0,388.42,393.63,3172207,AMZN
2014-01-07,395.04,398.47,394.29,398.03,1916684,AMZN
2014-01-08,398.47,403.0,396.04,401.92,2316903,AMZN
2014-01-09,403.71,406.89,398.44,401.01,2103793,AMZN
2014-01-10,402.53,403.764,393.8,397.66,2681701,AMZN
2014-01-13,397.98,399.78,388.45,390.98,2846507,AMZN
2014-01-14,392.13,398.63,391.29,397.54,2340401,AMZN
2014-01-15,398.94,399.31,392.534,395.87,2678794,AMZN
2014-01-16,393.68,399.29,389.41,395.8,2602506,AMZN
2014-01-17,394.26,403.49,393.66,399.61,4508791,AMZN
2014-01-21,403.0,407.8,401.6,407.05,3122705,AMZN
2014-01-22,408.0,408.06,402.0,404.54,2069759,AMZN
2014-01-23,401.0,406.17,397.79,399.87,3026272,AMZN
2014-01-24,398.16,400.2,387.27,387.6,4513038,AMZN
2014-01-27,390.5,394.1,380.49,386.28,3944752,AMZN
2014-01-28,387.4,394.74,387.12,394.43,2901611,AMZN
2014-01-29,392.16,392.85,383.24,384.2,3399294,AMZN
2014-01-30,393.77,406.25,387.7,403.01,10900116,AMZN
2014-01-31,371.76,375.45,357.76,358.69,16181519,AMZN
2014-02-03,358.98,360.85,340.1,346.15,10290934,AMZN
2014-02-04,349.59,353.9975,344.02,347.95,4821177,AMZN
2014-02-05,346.0,349.37,337.73,346.45,4439010,AMZN
2014-02-06,347.403,354.82,347.403,354.59,3340542,AMZN
2014-02-07,358.98,361.8,352.49,361.08,4347189,AMZN
2014-02-10,361.61,365.0,359.35,360.87,3451093,AMZN
2014-02-11,361.842,363.61,356.25,361.79,3225200,AMZN
2014-02-12,356.43,357.75,346.32,349.25,6599199,AMZN
2014-02-13,347.7,357.2,346.5,357.2,4181445,AMZN
2014-02-14,359.34,359.34,353.35,357.35,3524570,AMZN
2014-02-18,355.28,355.73,349.45,353.65,5000493,AMZN
2014-02-19,352.64,354.54,346.1,347.38,4175393,AMZN
2014-02-20,348.8,350.46,344.38,349.8,3496663,AMZN
2014-02-21,352.44,354.141,346.75,346.76,4212144,AMZN
2014-02-24,345.19,353.0,343.29,351.78,3647182,AMZN
2014-02-25,353.0,361.08,351.58,358.32,3747076,AMZN
2014-02-26,359.86,364.75,357.17,359.8,3622506,AMZN
2014-02-27,357.22,360.59,355.5,360.13,3105442,AMZN
2014-02-28,360.6,365.865,357.084,362.1,3885207,AMZN
2014-03-03,358.735,360.96,354.48,359.78,2798230,AMZN
2014-03-04,363.9,365.68,362.46,363.9,2706843,AMZN
2014-03-05,364.13,372.728,363.9,372.37,3862706,AMZN
2014-03-06,374.05,375.33,368.9,372.16,2927497,AMZN
2014-03-07,374.58,374.99,369.531,372.06,2280358,AMZN
2014-03-10,372.69,372.73,367.0,370.53,2107820,AMZN
2014-03-11,370.99,372.8,367.28,368.82,2248019,AMZN
2014-03-12,366.4,371.16,363.61,370.64,2219663,AMZN
2014-03-13,376.62,383.11,368.08,371.51,6829047,AMZN
2014-03-14,372.8,378.568,371.55,373.74,4402220,AMZN
2014-03-17,375.72,378.85,374.88,375.04,2306821,AMZN
2014-03-18,377.32,379.0,375.0,378.77,2483508,AMZN
2014-03-19,378.77,379.0,369.42,373.23,2646687,AMZN
2014-03-20,370.64,373.0,366.22,368.97,2558460,AMZN
2014-03-21,371.0,372.84,358.4,360.62,5417935,AMZN
2014-03-24,360.09,361.5,348.6,351.85,4879627,AMZN
2014-03-25,354.03,358.97,348.84,354.71,4455703,AMZN
2014-03-26,357.13,357.6,343.4,343.41,4120665,AMZN
2014-03-27,343.15,343.9999,330.88,338.47,5770462,AMZN
2014-03-28,340.05,347.0,336.08,338.29,3986782,AMZN
2014-03-31,342.4,346.29,334.06,336.365,4297487,AMZN
2014-04-01,338.09,344.43,338.0,342.99,3602899,AMZN
2014-04-02,345.99,348.295,340.38,341.96,4465927,AMZN
2014-04-03,341.82,342.5,328.46,333.62,6399299,AMZN
2014-04-04,335.15,335.44,315.61,323.0,12534578,AMZN
2014-04-07,320.99,324.94,313.13,317.76,7077360,AMZN
2014-04-08,321.88,328.0,318.44,327.07,6585583,AMZN
2014-04-09,328.47,332.18,322.5,331.805,5058664,AMZN
2014-04-10,330.6,331.0,316.5,317.11,6133376,AMZN
2014-04-11,314.0,316.5,309.5,311.73,7292028,AMZN
2014-04-14,317.67,320.48,311.28,315.91,4293532,AMZN
2014-04-15,316.7,318.28,305.5,316.08,5399337,AMZN
2014-04-16,321.17,324.0,314.71,323.68,4285901,AMZN
2014-04-17,319.76,328.66,319.76,324.91,4300378,AMZN
2014-04-21,323.97,331.1499,322.31,330.87,3000598,AMZN
2014-04-22,332.0,337.5,328.94,329.32,3714288,AMZN
2014-04-23,333.06,333.13,323.39,324.58,3604586,AMZN
2014-04-24,329.67,337.4,322.95,337.15,9293735,AMZN
2014-04-25,316.25,316.49,302.71,303.83,16186737,AMZN
2014-04-28,304.0,304.39,288.0,296.58,14479803,AMZN
2014-04-29,296.44,301.84,290.45,300.38,6510591,AMZN
2014-04-30,298.1,304.56,298.1,304.13,4090006,AMZN
2014-05-01,304.13,310.48,304.0,307.89,4329167,AMZN
2014-05-02,310.42,313.29,304.31,308.01,3995218,AMZN
2014-05-05,306.37,310.23,305.0,310.05,2520300,AMZN
2014-05-06,309.53,309.81,297.04,297.38,4682327,AMZN
2014-05-07,295.56,296.4,286.68,292.71,7016937,AMZN
2014-05-08,290.82,295.8784,287.23,288.32,3848996,AMZN
2014-05-09,290.57,293.68,284.38,292.24,4062984,AMZN
2014-05-12,294.3,303.34,294.16,302.86,3735443,AMZN
2014-05-13,302.6,305.6,300.75,304.64,3509937,AMZN
2014-05-14,302.5,304.64,296.66,297.62,3328414,AMZN
2014-05-15,298.02,299.2,290.38,295.19,4299530,AMZN
2014-05-16,292.8,298.88,291.55,297.7,3637649,AMZN
2014-05-19,295.76,299.0,293.81,296.755,2286313,AMZN
2014-05-20,297.1,304.46,296.75,301.19,4096308,AMZN
2014-05-21,302.21,305.96,301.5201,305.01,3409200,AMZN
2014-05-22,305.05,308.54,303.01,304.91,2576888,AMZN
2014-05-23,305.46,312.35,304.9,312.24,3055997,AMZN
2014-05-27,314.41,314.6296,307.38,310.82,4864163,AMZN
2014-05-28,309.5,313.82,307.42,310.16,2726803,AMZN
2014-05-29,310.42,314.87,310.2,313.78,2365679,AMZN
2014-05-30,314.43,314.65,307.57,312.55,4260624,AMZN
2014-06-02,312.59,312.6,307.0,308.84,2205909,AMZN
2014-06-03,305.75,307.92,305.07,307.19,2379273,AMZN
2014-06-04,306.85,309.5,303.84,306.78,2111176,AMZN
2014-06-05,308.1,327.94,306.9,323.57,7803760,AMZN
2014-06-06,325.0,330.88,324.93,329.67,5246723,AMZN
2014-06-09,331.57,333.0,325.65,327.5,3212755,AMZN
2014-06-10,327.65,335.5,327.5,332.41,3668904,AMZN
2014-06-11,336.0,340.7199,333.8772,335.2,4439178,AMZN
2014-06-12,335.55,335.55,324.66,325.91,4276316,AMZN
2014-06-13,327.05,329.298,323.5262,326.27,2766909,AMZN
2014-06-16,324.86,328.6945,323.52,327.62,2449843,AMZN
2014-06-17,327.54,331.34,325.23,325.62,2924058,AMZN
2014-06-18,328.0,335.75,325.0,334.38,6409334,AMZN
2014-06-19,335.255,338.9,325.98,327.0,5327002,AMZN
2014-06-20,327.76,328.22,320.42,324.2,6056210,AMZN
2014-06-23,323.33,327.55,321.41,327.24,2609628,AMZN
2014-06-24,327.54,329.73,322.738,324.16,2627978,AMZN
2014-06-25,324.33,328.15,321.74,327.44,2328006,AMZN
2014-06-26,328.49,328.65,322.13,325.69,2699908,AMZN
2014-06-27,325.88,326.52,323.27,324.57,2419626,AMZN
2014-06-30,324.98,326.98,322.24,324.78,2672165,AMZN
2014-07-01,325.86,333.2,325.1,332.39,3178548,AMZN
2014-07-02,333.2,336.76,331.66,332.85,2681578,AMZN
2014-07-03,334.83,338.3,333.08,337.492,1944300,AMZN
2014-07-07,337.5,337.55,332.52,333.55,2130028,AMZN
2014-07-08,333.1,333.7397,321.4,323.81,4275447,AMZN
2014-07-09,324.71,330.2,323.15,329.97,3167133,AMZN
2014-07-10,324.34,329.98,322.65,327.92,2665753,AMZN
2014-07-11,334.71,347.0,334.71,346.2,8309079,AMZN
2014-07-14,347.03,355.77,345.356,355.32,5615482,AMZN
2014-07-15,353.72,355.59,349.4,354.44,4176758,AMZN
2014-07-16,355.62,359.32,353.0,355.9,3505023,AMZN
2014-07-17,353.44,356.96,351.38,352.454,3640290,AMZN
2014-07-18,354.4,359.68,352.08,358.66,3410032,AMZN
2014-07-21,358.1,361.71,356.72,359.76,2282741,AMZN
2014-07-22,355.25,362.93,355.25,360.84,2889366,AMZN
2014-07-23,359.05,360.63,356.62,358.14,2688761,AMZN
2014-07-24,359.98,364.85,358.52,358.61,7088655,AMZN
2014-07-25,317.3,324.87,314.76,324.01,17855141,AMZN
2014-07-28,324.25,324.82,316.5,320.41,5933999,AMZN
2014-07-29,321.98,322.8999,319.5,320.0,2885644,AMZN
2014-07-30,321.45,322.73,318.5,322.51,3973213,AMZN
2014-07-31,320.01,320.6836,311.86,312.99,5193770,AMZN
2014-08-01,313.69,315.83,304.588,307.06,7443091,AMZN
2014-08-04,308.84,316.18,308.5,313.65,4208660,AMZN
2014-08-05,313.3,314.55,310.06,312.32,2856294,AMZN
2014-08-06,310.83,315.78,310.2,313.89,2297476,AMZN
2014-08-07,315.21,315.8774,309.655,311.45,2936913,AMZN
2014-08-08,311.94,317.32,310.66,316.8,2708416,AMZN
2014-08-11,318.48,320.38,316.88,318.33,2472819,AMZN
2014-08-12,318.89,321.31,316.95,319.32,1916143,AMZN
2014-08-13,327.6,331.72,326.14,326.28,4938152,AMZN
2014-08-14,327.8,334.09,326.71,333.21,3420646,AMZN
2014-08-15,334.0,335.0,328.32,333.63,3897928,AMZN
2014-08-18,335.48,337.8,333.77,334.53,2488186,AMZN
2014-08-19,334.87,335.81,333.01,335.13,1714120,AMZN
2014-08-20,334.68,337.16,334.022,335.78,1811462,AMZN
2014-08-21,336.48,336.582,332.23,332.91,1975792,AMZN
2014-08-22,332.99,334.08,330.8,331.59,2212965,AMZN
2014-08-25,333.21,336.77,332.71,334.02,1960978,AMZN
2014-08-26,337.0,344.36,334.55,341.83,3654702,AMZN
2014-08-27,342.09,346.67,341.34,343.18,2961767,AMZN
2014-08-28,340.0,341.79,338.8,340.02,2254725,AMZN
2014-08-29,341.76,341.8199,337.68,339.04,1939848,AMZN
2014-09-02,339.98,342.5,337.1587,342.38,2328881,AMZN
2014-09-03,342.54,343.27,337.55,339.0,1998540,AMZN
2014-09-04,343.69,349.38,343.58,345.95,3965557,AMZN
2014-09-05,346.3,346.827,342.5,346.38,2111220,AMZN
2014-09-08,344.54,345.81,339.04,342.34,2960693,AMZN
2014-09-09,341.61,341.76,329.18,329.75,4646832,AMZN
2014-09-10,334.3,334.98,328.82,331.33,3798904,AMZN
2014-09-11,329.94,333.01,326.39,330.52,2721893,AMZN
2014-09-12,329.56,332.89,328.79,331.19,3429727,AMZN
2014-09-15,330.91,331.33,319.0,323.89,4006918,AMZN
2014-09-16,321.07,329.48,320.1,327.76,3265860,AMZN
2014-09-17,327.76,328.0,321.52,324.0,4138950,AMZN
2014-09-18,325.44,327.1,323.7105,325.0,2577706,AMZN
2014-09-19,327.6,332.7559,325.57,331.32,6886382,AMZN
2014-09-22,328.49,329.49,321.06,324.5,3118649,AMZN
2014-09-23,322.46,327.6,321.25,323.63,2353590,AMZN
2014-09-24,324.17,329.44,319.56,328.21,2647232,AMZN
2014-09-25,327.99,328.54,321.4,321.93,2934944,AMZN
2014-09-26,320.6,323.5,317.64,323.21,3639155,AMZN
2014-09-29,320.5,323.75,319.0,321.82,1929589,AMZN
2014-09-30,321.36,323.43,318.51,322.44,2639967,AMZN
2014-10-01,322.04,322.165,315.55,317.46,3096735,AMZN
2014-10-02,316.92,318.53,311.31,318.41,3553944,AMZN
2014-10-03,320.36,325.16,319.53,322.74,3037891,AMZN
2014-10-06,323.5,324.13,319.6,322.2,2294194,AMZN
2014-10-07,319.43,322.0,316.67,316.98,2365698,AMZN
2014-10-08,316.58,324.11,314.14,322.7,3458960,AMZN
2014-10-09,321.49,322.271,314.52,315.37,3589464,AMZN
2014-10-10,314.02,317.77,311.38,311.39,3684314,AMZN
2014-10-13,309.87,313.2,303.47,306.45,4369850,AMZN
2014-10-14,308.0,312.24,305.75,308.31,3385809,AMZN
2014-10-15,304.35,307.9,299.102,305.97,5348254,AMZN
2014-10-16,293.83,306.82,293.83,302.86,4731866,AMZN
2014-10-17,307.15,309.2,302.72,303.64,4409218,AMZN
2014-10-20,302.95,306.53,302.02,306.21,3239490,AMZN
2014-10-21,309.9,315.64,307.07,315.33,3563351,AMZN
2014-10-22,315.43,318.98,312.64,312.97,3130049,AMZN
2014-10-23,313.4,316.8,311.4,313.18,9038193,AMZN
2014-10-24,284.4,293.81,284.0,287.06,19805911,AMZN
2014-10-27,285.7,290.42,285.02,289.97,5950594,AMZN
2014-10-28,289.76,298.0,289.76,295.59,5576646,AMZN
2014-10-29,299.11,299.61,293.0701,294.12,4883259,AMZN
2014-10-30,293.98,299.74,292.36,299.07,4055155,AMZN
2014-10-31,305.15,305.72,301.5,305.46,4551795,AMZN
2014-11-03,306.24,308.01,303.24,305.72,3244150,AMZN
2014-11-04,303.99,304.25,300.17,302.81,3427384,AMZN
2014-11-05,303.01,304.0,294.16,296.52,4674492,AMZN
2014-11-06,296.69,297.0,292.29,296.64,3758121,AMZN
2014-11-07,297.82,299.99,296.29,299.86,2647352,AMZN
2014-11-10,300.0,305.799,300.0,305.11,2809056,AMZN
2014-11-11,305.94,312.38,303.646,312.01,3807333,AMZN
2014-11-12,310.75,312.58,308.79,311.51,2182982,AMZN
2014-11-13,312.0,317.89,311.51,316.48,3686428,AMZN
2014-11-14,317.12,332.88,316.401,327.82,8877785,AMZN
2014-11-17,326.44,328.0,318.03,323.05,4784933,AMZN
2014-11-18,323.99,329.56,323.25,324.93,3551161,AMZN
2014-11-19,327.25,328.4,324.02,326.54,3281614,AMZN
2014-11-20,324.0,332.67,323.33,330.54,3436721,AMZN
2014-11-21,335.42,338.33,331.47,332.63,4466587,AMZN
2014-11-24,334.78,337.39,333.6,335.64,2754186,AMZN
2014-11-25,335.27,336.3325,331.28,335.04,2564989,AMZN
2014-11-26,333.78,334.65,331.75,333.57,1985949,AMZN
2014-11-28,336.03,341.26,336.03,338.64,3051798,AMZN
2014-12-01,338.12,340.64,325.93,326.0,4944861,AMZN
2014-12-02,327.5,327.93,323.25,326.31,2790257,AMZN
2014-12-03,325.73,326.77,314.36,316.5,5689904,AMZN
2014-12-04,315.53,318.59,313.47,316.93,3296642,AMZN
2014-12-05,316.8,316.93,310.84,312.63,3265214,AMZN
2014-12-08,311.57,316.56,304.821,306.64,3639180,AMZN
2014-12-09,302.99,313.639,301.14,312.5,4049506,AMZN
2014-12-10,312.0,313.19,304.68,305.84,3245890,AMZN
2014-12-11,307.89,312.64,306.01,307.36,3272919,AMZN
2014-12-12,303.99,310.6399,303.01,307.32,3162322,AMZN
2014-12-15,308.87,310.86,302.15,306.07,3841577,AMZN
2014-12-16,304.35,304.49,295.01,295.06,6501252,AMZN
2014-12-17,296.37,299.67,293.03,298.88,4433505,AMZN
2014-12-18,304.01,304.5,293.25,297.73,7738067,AMZN
2014-12-19,296.91,301.54,295.52,299.9,8709129,AMZN
2014-12-22,301.94,307.36,301.94,306.54,4003827,AMZN
2014-12-23,306.98,307.49,303.252,306.285,2718359,AMZN
2014-12-24,306.38,307.0,302.875,303.03,1518107,AMZN
2014-12-26,305.0,310.7799,303.81,309.09,2893801,AMZN
2014-12-29,307.85,314.27,306.58,312.04,3009046,AMZN
2014-12-30,309.91,313.94,309.34,310.3,2093023,AMZN
2014-12-31,311.55,312.98,310.01,310.35,2057766,AMZN
2015-01-02,312.58,314.75,306.9601,308.52,2788101,AMZN
2015-01-05,307.01,308.38,300.85,302.19,2774231,AMZN
2015-01-06,302.24,303.0,292.38,295.29,3519034,AMZN
2015-01-07,297.5,301.28,295.33,298.42,2640349,AMZN
2015-01-08,300.32,303.14,296.11,300.46,3088398,AMZN
2015-01-09,301.48,302.87,296.68,296.93,2592360,AMZN
2015-01-12,297.56,298.51,289.281,291.41,3421392,AMZN
2015-01-13,297.48,301.4976,293.23,294.74,4136442,AMZN
2015-01-14,291.93,295.91,286.503,293.27,5538666,AMZN
2015-01-15,294.0,295.9995,286.815,286.95,4419196,AMZN
2015-01-16,286.28,290.79,285.25,290.74,3478176,AMZN
2015-01-20,292.59,293.3599,286.39,289.44,3075081,AMZN
2015-01-21,289.64,306.0,287.26,297.25,10065076,AMZN
2015-01-22,300.0,312.25,300.0,310.32,5362640,AMZN
2015-01-23,308.08,316.93,307.72,312.39,4496419,AMZN
2015-01-26,311.82,313.0,307.5201,309.66,3169665,AMZN
2015-01-27,306.3,310.243,302.625,306.75,2920315,AMZN
2015-01-28,309.81,311.51,303.8,303.91,3063774,AMZN
2015-01-29,304.73,312.8,299.33,311.78,8656567,AMZN
2015-01-30,346.32,359.5,340.74,354.53,23856060,AMZN
2015-02-02,350.05,365.0,350.01,364.47,10231914,AMZN
2015-02-03,360.29,367.817,360.21,363.55,6212565,AMZN
2015-02-04,358.38,367.5,358.23,364.75,4169927,AMZN
2015-02-05,366.0,378.8,365.9,373.89,7247605,AMZN
2015-02-06,374.87,375.9899,371.01,374.28,3892382,AMZN
2015-02-09,371.0,374.41,367.2,370.56,2724630,AMZN
2015-02-10,371.19,374.3,368.51,372.995,2287232,AMZN
2015-02-11,371.23,377.1,371.1,375.14,2786523,AMZN
2015-02-12,375.1,378.51,373.15,377.17,2791050,AMZN
2015-02-13,378.41,383.0,377.01,381.83,3475069,AMZN
2015-02-17,377.72,379.985,372.67,375.43,3673208,AMZN
2015-02-18,373.78,376.74,372.85,373.37,2650610,AMZN
2015-02-19,373.49,381.88,373.43,378.995,2953752,AMZN
2015-02-20,378.62,383.7,375.84,383.66,3258023,AMZN
2015-02-23,383.44,384.54,378.0,380.14,2176989,AMZN
2015-02-24,378.65,380.48,376.16,378.59,1921850,AMZN
2015-02-25,377.27,387.85,376.54,385.37,3174495,AMZN
2015-02-26,384.07,389.37,383.28,384.8,2687107,AMZN
2015-02-27,384.0,385.99,379.79,380.16,2532309,AMZN
2015-03-02,380.85,385.9,379.481,385.655,2139205,AMZN
2015-03-03,383.95,386.1,381.601,384.61,1946498,AMZN
2015-03-04,385.71,387.9,382.19,382.72,2259141,AMZN
2015-03-05,385.61,388.4182,383.89,387.83,2693518,AMZN
2015-03-06,385.52,387.0,378.88,380.09,2627042,AMZN
2015-03-09,378.4,379.33,375.28,378.56,2311390,AMZN
2015-03-10,377.45,377.77,369.18,369.51,3120972,AMZN
2015-03-11,370.61,373.35,366.26,366.37,2495097,AMZN
2015-03-12,368.82,375.5,367.52,374.24,2810001,AMZN
2015-03-13,371.52,373.99,366.68,370.58,2611658,AMZN
2015-03-16,370.38,373.94,366.72,373.35,2354059,AMZN
2015-03-17,371.11,374.5,369.64,371.92,2036961,AMZN
2015-03-18,369.97,375.99,366.7,375.135,2654135,AMZN
2015-03-19,373.87,377.11,372.19,373.24,1915671,AMZN
2015-03-20,376.29,379.37,375.92,378.49,3763553,AMZN
2015-03-23,378.07,381.77,374.94,375.11,2239343,AMZN
2015-03-24,373.99,375.24,372.27,374.09,2228214,AMZN
2015-03-25,375.17,380.5,370.285,370.96,3429497,AMZN
2015-03-26,369.59,371.4,365.65,367.35,2929962,AMZN
2015-03-27,367.11,373.17,366.5734,370.56,2609774,AMZN
2015-03-30,371.87,376.12,371.55,374.59,1820933,AMZN
2015-03-31,373.24,377.7,371.51,372.1,2506122,AMZN
2015-04-01,372.1,373.16,368.34,370.255,2458095,AMZN
2015-04-02,370.5,373.28,369.0,372.25,1875279,AMZN
2015-04-06,370.1,380.2,369.36,377.04,3050709,AMZN
2015-04-07,376.15,379.31,374.03,374.41,1954902,AMZN
2015-04-08,374.66,381.58,374.65,381.2,2636434,AMZN
2015-04-09,380.66,384.42,378.795,383.54,2392328,AMZN
2015-04-10,384.31,387.12,381.3151,382.65,2573519,AMZN
2015-04-13,383.53,385.28,380.14,382.36,1894453,AMZN
2015-04-14,383.51,387.81,381.2101,385.11,2583575,AMZN
2015-04-15,384.65,385.78,381.64,383.45,1933229,AMZN
2015-04-16,383.69,387.45,383.55,386.04,2080418,AMZN
2015-04-17,382.63,383.56,374.4,375.56,3839664,AMZN
2015-04-20,378.55,391.94,377.0,389.51,5016148,AMZN
2015-04-21,391.31,394.6,386.8,391.18,4643524,AMZN
2015-04-22,391.91,394.28,388.0,389.8,3474724,AMZN
2015-04-23,390.21,391.88,386.15,389.99,7979985,AMZN
2015-04-24,439.0,452.65,439.0,445.1,17176904,AMZN
2015-04-27,443.86,446.99,437.41,438.56,5430949,AMZN
2015-04-28,438.51,439.0,428.04,429.31,4140483,AMZN
2015-04-29,426.75,434.24,426.03,429.37,3621688,AMZN
2015-04-30,427.11,431.75,419.24,421.78,3647877,AMZN
2015-05-01,423.82,425.64,416.0,422.87,3565824,AMZN
2015-05-04,424.8,429.77,422.42,423.04,2270448,AMZN
2015-05-05,422.85,427.51,421.02,421.19,2856386,AMZN
2015-05-06,421.43,422.7165,414.55,419.1,2552474,AMZN
2015-05-07,424.15,428.5,422.85,426.88,2766132,AMZN
2015-05-08,430.75,435.2,430.174,433.69,2908838,AMZN
2015-05-11,432.51,439.0,431.37,432.85,2393737,AMZN
2015-05-12,431.08,433.25,426.71,431.02,1947822,AMZN
2015-05-13,429.98,433.528,425.8,426.87,1996328,AMZN
2015-05-14,429.45,433.0,427.01,432.28,1888477,AMZN
2015-05-15,428.0,430.3962,424.3,426.0,4240306,AMZN
2015-05-18,426.0,427.27,421.46,425.24,2390229,AMZN
2015-05-19,424.87,428.24,420.63,421.71,2465240,AMZN
2015-05-20,420.6,427.1,418.36,423.86,2196159,AMZN
2015-05-21,428.0,436.9,428.0,431.63,4121401,AMZN
2015-05-22,431.55,432.44,427.61,427.63,2020629,AMZN
2015-05-26,426.2,427.0,422.0,425.47,2244185,AMZN
2015-05-27,427.45,431.85,425.01,431.42,2231088,AMZN
2015-05-28,429.71,431.35,425.47,426.57,1912436,AMZN
2015-05-29,427.23,432.5,427.23,429.23,3016060,AMZN
2015-06-01,430.4,433.16,426.2,430.92,2253264,AMZN
2015-06-02,430.07,433.23,426.25,430.99,1669845,AMZN
2015-06-03,434.4,438.39,432.75,436.59,2727914,AMZN
2015-06-04,434.4,436.755,429.26,430.78,2510761,AMZN
2015-06-05,429.66,430.8,426.5,426.95,1907855,AMZN
2015-06-08,425.62,426.8,421.425,423.5,2172525,AMZN
2015-06-09,422.96,427.49,419.14,425.48,2288663,AMZN
2015-06-10,426.46,432.2,425.66,430.77,2172333,AMZN
2015-06-11,432.29,438.89,431.47,432.97,2922459,AMZN
2015-06-12,431.25,432.36,428.26,429.92,2054385,AMZN
2015-06-15,427.66,428.05,422.64,423.67,2050987,AMZN
2015-06-16,424.15,427.97,422.67,427.26,2297469,AMZN
2015-06-17,428.36,431.35,424.753,427.81,2185869,AMZN
2015-06-18,430.3,439.73,429.405,439.39,3378360,AMZN
2015-06-19,440.26,444.99,433.24,434.92,4495087,AMZN
2015-06-22,437.0,439.24,434.18,436.29,1823572,AMZN
2015-06-23,435.59,447.04,433.69,445.99,3245049,AMZN
2015-06-24,444.97,446.47,440.23,440.84,2620827,AMZN
2015-06-25,438.07,443.47,436.39,440.1,2237458,AMZN
2015-06-26,441.76,443.49,435.06,438.1,2624479,AMZN
2015-06-29,434.98,437.0,429.0,429.86,2753193,AMZN
2015-06-30,434.2,435.57,430.46,434.09,2596873,AMZN
2015-07-01,439.35,440.0,435.58,437.39,1987076,AMZN
2015-07-02,437.0,438.2,433.48,437.71,1343397,AMZN
2015-07-06,435.23,439.73,433.52,436.04,1903161,AMZN
2015-07-07,435.68,437.73,425.57,436.72,3454248,AMZN
2015-07-08,434.35,435.99,428.83,429.7,2383130,AMZN
2015-07-09,434.9,438.72,434.15,434.39,2271395,AMZN
2015-07-10,440.49,444.72,439.0,443.51,2400981,AMZN
2015-07-13,448.29,457.87,447.54,455.57,3956802,AMZN
2015-07-14,462.32,469.6,458.16,465.57,4736215,AMZN
2015-07-15,463.04,464.7,460.2,461.19,2987399,AMZN
2015-07-16,465.5,475.88,464.8,475.48,4095581,AMZN
2015-07-17,477.7,485.42,477.25,483.01,4932176,AMZN
2015-07-20,492.57,493.2,485.4,488.1,4752491,AMZN
2015-07-21,487.9,488.88,482.55,488.0,3181831,AMZN
2015-07-22,485.99,492.5,484.9,488.27,3114898,AMZN
2015-07-23,491.66,491.66,475.7,482.18,9374431,AMZN
2015-07-24,578.99,580.57,529.35,529.42,21909381,AMZN
2015-07-27,527.75,544.95,526.6,531.41,7490960,AMZN
2015-07-28,536.0,536.39,523.12,526.03,5273092,AMZN
2015-07-29,530.92,532.9655,525.02,529.0,3752634,AMZN
2015-07-30,527.65,539.2,524.29,536.76,3743065,AMZN
2015-07-31,539.09,542.84,534.5201,536.15,3025598,AMZN
2015-08-03,537.45,540.44,529.36,535.03,3014236,AMZN
2015-08-04,529.69,536.95,529.163,531.9,2934590,AMZN
2015-08-05,538.8,539.14,534.119,537.01,2889350,AMZN
2015-08-06,539.3,542.74,527.52,529.46,3820453,AMZN
2015-08-07,529.16,529.4599,518.21,522.62,3969215,AMZN
2015-08-10,528.52,532.2764,523.0,524.0,2615926,AMZN
2015-08-11,523.65,528.98,522.0,527.46,2676600,AMZN
2015-08-12,523.75,527.5,513.06,525.91,4014684,AMZN
2015-08-13,527.37,534.66,525.4846,529.66,2895238,AMZN
2015-08-14,528.25,534.11,528.25,531.52,1994799,AMZN
2015-08-17,531.29,538.74,527.12,535.22,2581680,AMZN
2015-08-18,535.04,539.49,533.0,535.02,2071342,AMZN
2015-08-19,533.74,537.25,529.0,532.92,2324040,AMZN
2015-08-20,530.39,533.25,515.77,515.78,4407990,AMZN
2015-08-21,507.36,512.33,494.47,494.47,6706466,AMZN
2015-08-24,463.58,489.76,451.0,463.37,10097601,AMZN
2015-08-25,487.49,489.44,466.25,466.37,5679329,AMZN
2015-08-26,484.02,503.72,478.76,500.77,6358639,AMZN
2015-08-27,514.03,522.69,507.261,518.37,6114506,AMZN
2015-08-28,517.5,521.5,513.04,518.01,2746708,AMZN
2015-08-31,516.44,519.41,509.07,512.89,3002293,AMZN
2015-09-01,499.14,510.0,493.43,496.54,3864514,AMZN
2015-09-02,505.09,510.86,497.72,510.55,3707116,AMZN
2015-09-03,514.5,515.84,502.57,504.72,3149694,AMZN
2015-09-04,497.65,502.85,495.64,499.0,2692510,AMZN
2015-09-08,508.69,518.35,508.5144,517.54,3810653,AMZN
2015-09-09,524.0,529.95,515.06,516.89,4370657,AMZN
2015-09-10,515.15,526.13,514.78,522.24,2575982,AMZN
2015-09-11,521.07,529.44,520.605,529.44,3227862,AMZN
2015-09-14,529.44,532.45,518.58,521.38,3130241,AMZN
2015-09-15,523.25,527.92,517.2,522.37,2865933,AMZN
2015-09-16,521.98,528.3,518.52,527.39,2252790,AMZN
2015-09-17,526.98,546.97,526.57,538.87,4169484,AMZN
2015-09-18,534.62,546.237,531.35,540.26,6160075,AMZN
2015-09-21,544.33,549.78,539.59,548.39,3283313,AMZN
2015-09-22,539.71,543.55,532.66,538.4,3841748,AMZN
2015-09-23,538.3,541.21,534.0,536.07,2237571,AMZN
2015-09-24,530.55,534.56,522.87,533.75,3500964,AMZN
2015-09-25,542.57,542.8,521.4,524.25,4030998,AMZN
2015-09-28,520.02,520.28,494.3337,504.06,5434532,AMZN
2015-09-29,506.0,511.48,490.5,496.07,4457532,AMZN
2015-09-30,505.44,512.8,501.6724,511.89,4004681,AMZN
2015-10-01,511.0,520.8,506.0,520.72,3768483,AMZN
2015-10-02,512.99,532.6,508.1,532.54,4597795,AMZN
2015-10-05,536.99,545.91,536.0,543.68,3391359,AMZN
2015-10-06,545.5,551.5,533.33,537.48,4547519,AMZN
2015-10-07,541.79,542.0,529.0,541.94,3812087,AMZN
2015-10-08,536.71,539.386,519.89,533.16,4676440,AMZN
2015-10-09,534.48,541.79,530.27,539.8,3537364,AMZN
2015-10-12,539.96,550.82,539.8,550.19,2776103,AMZN
2015-10-13,546.26,553.2,543.1,548.9,2938044,AMZN
2015-10-14,551.34,552.25,539.68,544.83,3582060,AMZN
2015-10-15,547.75,563.0,547.0,562.44,4937034,AMZN
2015-10-16,565.27,570.94,560.31,570.76,4315792,AMZN
2015-10-19,570.76,579.0,567.38,573.15,4375420,AMZN
2015-10-20,572.0,573.0,555.28,560.88,4346209,AMZN
2015-10-21,563.87,565.25,552.52,555.77,3361655,AMZN
2015-10-22,562.7,569.146,556.67,563.91,7779372,AMZN
2015-10-23,617.68,619.45,595.36,599.03,10692667,AMZN
2015-10-26,602.3,609.85,596.29,608.61,4269715,AMZN
2015-10-27,608.6,614.71,605.53,611.01,3787136,AMZN
2015-10-28,612.3,617.23,609.5,617.1,3926200,AMZN
2015-10-29,617.7,627.54,615.39,626.55,3896026,AMZN
2015-10-30,626.01,630.72,625.28,625.9,3874363,AMZN
2015-11-02,627.13,628.63,620.41,628.35,2816479,AMZN
2015-11-03,629.53,629.89,622.0,625.31,3246910,AMZN
2015-11-04,627.76,645.93,627.35,640.95,4840501,AMZN
2015-11-05,647.1,657.0,643.0901,655.65,4723825,AMZN
2015-11-06,655.0,662.26,652.0,659.37,4092165,AMZN
2015-11-09,658.65,661.955,647.8477,655.49,4048823,AMZN
2015-11-10,651.01,660.0,647.262,659.68,3489483,AMZN
2015-11-11,663.25,675.96,663.25,673.25,5387309,AMZN
2015-11-12,673.0,675.64,664.22,665.6,4284678,AMZN
2015-11-13,663.57,667.0,640.45,642.35,6261076,AMZN
2015-11-16,640.92,649.99,622.29,647.81,7435934,AMZN
2015-11-17,650.65,653.25,641.0,643.3,4320177,AMZN
2015-11-18,646.51,664.88,646.37,663.54,4469769,AMZN
2015-11-19,664.99,672.86,659.0,661.27,4705237,AMZN
2015-11-20,667.94,668.87,657.57,668.45,3896135,AMZN
2015-11-23,671.5,682.77,668.45,678.99,4385057,AMZN
2015-11-24,674.14,675.8,661.2125,671.15,4543417,AMZN
2015-11-25,675.0,679.7,671.24,675.34,2697889,AMZN
2015-11-27,680.8,680.99,672.1,673.26,1966801,AMZN
2015-11-30,675.9,681.29,664.6,664.8,5693172,AMZN
2015-12-01,673.75,681.0,667.86,679.06,4751152,AMZN
2015-12-02,681.0,684.82,674.25,676.01,4273526,AMZN
2015-12-03,679.44,682.79,661.48,666.25,5064736,AMZN
2015-12-04,666.0,674.775,661.4,672.64,4534796,AMZN
2015-12-07,674.74,675.46,660.5,669.83,3732814,AMZN
2015-12-08,663.13,679.99,659.79,677.33,3651908,AMZN
2015-12-09,678.0,679.0,655.68,664.79,5158172,AMZN
2015-12-10,665.59,668.526,659.56,662.32,3455472,AMZN
2015-12-11,651.23,657.88,639.62,640.15,5474420,AMZN
2015-12-14,641.75,658.585,635.27,657.91,4361273,AMZN
2015-12-15,665.03,671.5,657.35,658.64,4753415,AMZN
2015-12-16,663.56,677.35,659.32,675.77,3964470,AMZN
2015-12-17,680.0,682.5,670.65,670.65,3681645,AMZN
2015-12-18,668.65,676.84,664.13,664.14,6841304,AMZN
2015-12-21,668.5,669.9,658.93,664.51,3250900,AMZN
2015-12-22,666.83,668.49,659.26,663.15,2667795,AMZN
2015-12-23,666.5,666.597,656.63,663.7,2722922,AMZN
2015-12-24,663.35,664.68,660.6,662.79,1092970,AMZN
2015-12-28,665.56,675.5,665.5,675.2,3783555,AMZN
2015-12-29,677.98,696.44,677.8893,693.97,5734996,AMZN
2015-12-30,691.89,695.49,686.375,689.07,3519003,AMZN
2015-12-31,686.08,687.75,675.89,675.89,3749560,AMZN
2016-01-04,656.29,657.715,627.51,636.99,9314519,AMZN
2016-01-05,646.86,646.91,627.65,633.79,5822603,AMZN
2016-01-06,622.0,639.79,620.31,632.65,5329197,AMZN
2016-01-07,621.8,630.0,605.21,607.94,7074915,AMZN
2016-01-08,619.66,624.14,606.0,607.05,5512915,AMZN
2016-01-11,612.48,619.85,598.57,617.74,4891551,AMZN
2016-01-12,625.25,625.99,612.2415,617.89,4724100,AMZN
2016-01-13,620.88,620.88,579.16,581.81,7655239,AMZN
2016-01-14,580.25,602.25,569.88,593.0,7237978,AMZN
2016-01-15,572.24,584.62,565.3,570.18,7784523,AMZN
2016-01-19,577.09,584.0,566.45,574.48,4807165,AMZN
2016-01-20,564.36,578.45,547.18,571.77,7966406,AMZN
2016-01-21,573.58,588.81,568.22,575.02,4952217,AMZN
2016-01-22,588.73,600.1,584.1079,596.38,5120144,AMZN
2016-01-25,597.99,608.5,594.56,596.53,4396079,AMZN
2016-01-26,603.45,604.5,590.38,601.25,3765655,AMZN
2016-01-27,601.99,603.39,578.78,583.35,5152853,AMZN
2016-01-28,608.37,638.06,597.55,635.35,14015171,AMZN
2016-01-29,571.98,593.0,570.0,587.0,14677550,AMZN
2016-02-01,578.15,581.8,570.31,574.81,6355123,AMZN
2016-02-02,570.0,571.56,550.09,552.1,6312045,AMZN
2016-02-03,553.5,556.0,521.9,531.07,10048709,AMZN
2016-02-04,525.0,538.99,519.2201,536.26,6199070,AMZN
2016-02-05,529.28,529.45,499.19,502.13,9708929,AMZN
2016-02-08,486.47,493.5,475.21,488.1,9825509,AMZN
2016-02-09,478.01,498.38,474.0,482.07,7077915,AMZN
2016-02-10,491.76,504.66,486.0,490.48,6786181,AMZN
2016-02-11,491.17,509.3,484.0,503.82,7397393,AMZN
2016-02-12,510.7,516.75,501.4932,507.08,5384787,AMZN
2016-02-16,519.48,524.45,511.66,521.1,5118500,AMZN
2016-02-17,528.74,537.48,519.39,534.1,4824002,AMZN
2016-02-18,541.19,541.2,523.73,525.0,4735008,AMZN
2016-02-19,520.71,535.95,515.35,534.9,4974717,AMZN
2016-02-22,542.2,560.65,541.08,559.5,5566553,AMZN
2016-02-23,555.55,556.91,545.33,552.94,4050790,AMZN
2016-02-24,545.75,554.27,533.1501,554.04,6231668,AMZN
2016-02-25,555.52,559.39,545.2946,555.15,4525463,AMZN
2016-02-26,560.12,562.5,553.17,555.23,4877039,AMZN
2016-02-29,554.0,564.81,552.51,552.52,4145396,AMZN
2016-03-01,556.29,579.25,556.0,579.04,5038452,AMZN
2016-03-02,581.75,585.0,573.7,580.21,4582170,AMZN
2016-03-03,577.96,579.866,573.11,577.49,2741292,AMZN
2016-03-04,581.07,581.4,571.065,575.14,3416545,AMZN
2016-03-07,573.54,573.63,555.55,562.8,4932527,AMZN
2016-03-08,557.87,571.35,554.74,560.26,4729952,AMZN
2016-03-09,559.56,560.35,550.125,559.47,4377283,AMZN
2016-03-10,566.74,567.0,547.9,558.93,3919892,AMZN
2016-03-11,566.95,570.06,562.73,569.61,3771310,AMZN
2016-03-14,567.0,576.89,563.05,573.37,3454152,AMZN
2016-03-15,571.0,581.52,567.0,577.02,3876821,AMZN
2016-03-16,576.64,581.32,571.14,574.27,3537669,AMZN
2016-03-17,569.51,571.4,555.01,559.44,5928105,AMZN
2016-03-18,560.94,562.33,546.09,552.08,7296885,AMZN
2016-03-21,548.91,555.24,538.58,553.98,5155732,AMZN
2016-03-22,545.11,562.76,545.05,560.48,4000564,AMZN
2016-03-23,561.0,572.48,558.1,569.63,3983720,AMZN
2016-03-24,567.11,583.55,567.08,582.95,5185539,AMZN
2016-03-28,584.4,584.75,575.56,579.87,3121522,AMZN
2016-03-29,580.15,595.85,576.5,593.86,4392567,AMZN
2016-03-30,596.71,603.24,595.0,598.69,3890461,AMZN
2016-03-31,599.28,600.75,592.21,593.64,2681811,AMZN
2016-04-01,590.49,599.03,588.3,598.5,2917386,AMZN
2016-04-04,599.0,599.5,590.55,593.19,2470825,AMZN
2016-04-05,590.77,593.47,585.25,586.14,2308884,AMZN
2016-04-06,587.52,602.39,587.5,602.08,2849909,AMZN
2016-04-07,598.76,599.6,589.08,591.43,3189037,AMZN
2016-04-08,594.32,597.86,589.0,594.6,2591936,AMZN
2016-04-11,596.14,604.0,594.91,595.93,2704267,AMZN
2016-04-12,598.4,604.06,592.31,603.17,2641062,AMZN
2016-04-13,607.68,616.81,605.29,614.82,4228349,AMZN
2016-04-14,615.07,624.38,615.07,620.75,3512136,AMZN
2016-04-15,621.92,626.77,618.11,625.89,2887681,AMZN
2016-04-18,625.35,637.64,624.9603,635.35,4360883,AMZN
2016-04-19,637.14,638.01,620.8,627.9,4055870,AMZN
2016-04-20,630.0,636.55,623.0,632.99,2609425,AMZN
2016-04-21,631.0,637.82,628.5,631.0,2596298,AMZN
2016-04-22,624.47,628.25,611.56,620.5,5083904,AMZN
2016-04-25,616.61,626.98,616.2511,626.2,2682924,AMZN
2016-04-26,626.17,626.7549,614.88,616.88,2521433,AMZN
2016-04-27,611.8,615.95,601.28,606.57,4068767,AMZN
2016-04-28,615.54,626.8,599.2,602.0,7872605,AMZN
2016-04-29,666.0,669.98,654.0,659.59,10310739,AMZN
2016-05-02,663.92,685.5,662.0251,683.85,6578517,AMZN
2016-05-03,677.36,680.3,670.43,671.32,4923351,AMZN
2016-05-04,662.59,674.0,662.14,670.9,4635462,AMZN
2016-05-05,673.31,676.49,656.0,659.09,4884114,AMZN
2016-05-06,656.05,676.95,656.01,673.95,4365345,AMZN
2016-05-09,673.95,686.98,671.41,679.75,3982161,AMZN
2016-05-10,694.0,704.55,693.5,703.07,6105570,AMZN
2016-05-11,705.79,719.0,701.65,713.23,7338196,AMZN
2016-05-12,717.38,722.45,711.51,717.93,5048150,AMZN
2016-05-13,714.64,719.25,706.51,709.92,4763419,AMZN
2016-05-16,710.13,713.25,700.28,710.66,5432920,AMZN
2016-05-17,709.9,714.47,693.91,695.27,5121357,AMZN
2016-05-18,689.56,702.5399,688.76,697.45,4283189,AMZN
2016-05-19,691.88,699.4,689.56,698.52,3025566,AMZN
2016-05-20,701.05,707.24,700.0,702.8,2916165,AMZN
2016-05-23,704.25,706.0,696.42,696.75,2595082,AMZN
2016-05-24,698.01,707.5,698.0,704.2,3033782,AMZN
2016-05-25,708.0,710.86,705.5159,708.35,3276631,AMZN
2016-05-26,708.33,715.0,707.293,714.91,2446681,AMZN
2016-05-27,715.0,716.6,711.1,712.24,2249164,AMZN
2016-05-31,712.33,724.23,711.32,722.79,3618323,AMZN
2016-06-01,720.9,726.43,718.22,719.44,3263107,AMZN
2016-06-02,720.97,728.28,715.5001,728.24,3026583,AMZN
2016-06-03,726.74,727.0,718.43,725.54,3367306,AMZN
2016-06-06,726.5,731.5,724.42,726.73,2704806,AMZN
2016-06-07,729.89,730.0,720.55,723.74,2732463,AMZN
2016-06-08,726.4,729.42,721.6,726.64,2223366,AMZN
2016-06-09,723.1,728.91,722.3,727.65,2170318,AMZN
2016-06-10,722.35,724.98,714.21,717.91,3425718,AMZN
2016-06-13,714.01,721.99,711.16,715.24,3352201,AMZN
2016-06-14,712.33,720.805,712.27,719.3,2506922,AMZN
2016-06-15,722.0,722.56,713.3522,714.26,2709447,AMZN
2016-06-16,712.05,718.0,705.3,717.51,3097961,AMZN
2016-06-17,718.19,718.2,699.18,706.39,5897788,AMZN
2016-06-20,713.5,721.31,710.81,714.01,3677162,AMZN
2016-06-21,715.72,718.4,712.721,715.82,2137534,AMZN
2016-06-22,716.58,717.0,707.565,710.6,2260454,AMZN
2016-06-23,715.5,722.12,712.5,722.08,2824974,AMZN
2016-06-24,693.0,712.5292,692.2,698.96,7632511,AMZN
2016-06-27,692.01,696.8189,682.115,691.36,5584037,AMZN
2016-06-28,700.0,708.0,698.1714,707.95,4036957,AMZN
2016-06-29,715.75,719.5,713.54,715.6,3070052,AMZN
2016-06-30,717.2,719.37,712.54,715.62,2855142,AMZN
2016-07-01,717.32,728.0,716.54,725.68,2920423,AMZN
2016-07-05,722.8,728.11,719.61,728.1,2431431,AMZN
2016-07-06,725.71,737.77,722.58,737.61,3938249,AMZN
2016-07-07,739.33,739.55,731.63,736.57,2945783,AMZN
2016-07-08,740.14,746.1,738.0,745.81,3429217,AMZN
2016-07-11,750.0,755.9,747.0,753.78,3195272,AMZN
2016-07-12,756.86,757.34,740.33,748.21,5623657,AMZN
2016-07-13,746.76,756.87,741.25,742.63,4142265,AMZN
2016-07-14,748.86,749.04,739.02,741.2,2390472,AMZN
2016-07-15,746.55,746.55,734.05,735.44,3121385,AMZN
2016-07-18,735.49,741.5954,728.72,736.07,2954914,AMZN
2016-07-19,732.5,743.33,732.31,739.95,2216820,AMZN
2016-07-20,744.0,746.25,740.7,745.72,2214023,AMZN
2016-07-21,747.5,749.36,742.7918,744.43,2317072,AMZN
2016-07-22,747.79,751.28,743.53,744.86,2277711,AMZN
2016-07-25,746.55,748.5,735.35,739.61,2679290,AMZN
2016-07-26,742.71,743.13,732.7525,735.59,2529692,AMZN
2016-07-27,737.97,740.94,733.86,736.67,2913134,AMZN
2016-07-28,745.98,753.36,739.7,752.61,7617580,AMZN
2016-07-29,765.0,766.0,755.0,758.81,6777050,AMZN
2016-08-01,759.87,770.5,757.06,767.74,3578205,AMZN
2016-08-02,763.81,765.01,757.02,760.58,3603280,AMZN
2016-08-03,757.06,758.89,752.25,754.64,3581525,AMZN
2016-08-04,753.7,765.0,750.35,760.77,3178208,AMZN
2016-08-05,764.81,768.47,763.09,765.98,2704391,AMZN
2016-08-08,766.81,767.0,761.015,766.56,1986272,AMZN
2016-08-09,767.39,772.6,766.9,768.31,1876091,AMZN
2016-08-10,769.8,772.1,766.19,768.56,1604280,AMZN
2016-08-11,769.94,773.75,769.12,771.24,2019740,AMZN
2016-08-12,768.46,773.15,768.4225,772.56,1563318,AMZN
2016-08-15,771.9,772.04,767.71,768.49,2118521,AMZN
2016-08-16,768.62,768.7317,763.82,764.04,1604561,AMZN
2016-08-17,764.41,765.22,759.199,764.63,1891116,AMZN
2016-08-18,764.0,765.17,760.6,764.46,1458834,AMZN
2016-08-19,761.9,762.49,756.89,757.31,2343237,AMZN
2016-08-22,757.5,759.85,752.1,759.48,1679251,AMZN
2016-08-23,763.31,764.7,761.0,762.45,1524131,AMZN
2016-08-24,763.0,763.41,755.36,757.25,1744107,AMZN
2016-08-25,756.0,760.56,754.741,759.22,1622992,AMZN
2016-08-26,760.05,770.0,759.795,769.0,2776830,AMZN
2016-08-29,768.72,774.98,768.6,771.29,2198560,AMZN
2016-08-30,771.05,771.8358,765.56,767.58,1709158,AMZN
2016-08-31,766.6,769.64,764.0,769.16,1633789,AMZN
2016-09-01,770.9,772.04,766.75,770.62,1792271,AMZN
2016-09-02,774.11,776.0,771.7,772.44,2181792,AMZN
2016-09-06,774.04,789.48,770.22,788.87,3719788,AMZN
2016-09-07,789.53,790.79,784.33,784.48,2424622,AMZN
2016-09-08,783.89,786.5,781.44,784.06,2030511,AMZN
2016-09-09,779.36,781.0,760.11,760.14,4257344,AMZN
2016-09-12,757.35,772.66,756.0,771.49,3124704,AMZN
2016-09-13,768.77,769.89,759.05,761.01,3117224,AMZN
2016-09-14,762.2,767.5,758.85,761.09,2531822,AMZN
2016-09-15,762.0,770.87,757.58,769.69,3043534,AMZN
2016-09-16,773.28,780.46,771.66,778.52,5499182,AMZN
2016-09-19,779.97,781.94,771.0,775.1,2297221,AMZN
2016-09-20,776.0,781.37,776.0,780.22,1937164,AMZN
2016-09-21,783.25,790.69,779.01,789.74,2718644,AMZN
2016-09-22,794.27,805.889,794.27,804.7,4078910,AMZN
2016-09-23,803.13,807.75,802.12,805.75,2353511,AMZN
2016-09-26,801.8,805.93,797.145,799.16,2651397,AMZN
2016-09-27,801.85,816.64,801.11,816.11,3819600,AMZN
2016-09-28,818.0,830.14,817.0337,828.72,4422078,AMZN
2016-09-29,828.26,837.5,824.63,829.05,4922248,AMZN
2016-09-30,832.61,839.95,832.4,837.31,4430566,AMZN
2016-10-03,836.0,839.86,831.25,836.74,2769448,AMZN
2016-10-04,840.91,842.365,830.26,834.03,2950314,AMZN
2016-10-05,838.0,845.67,836.12,844.36,3469055,AMZN
2016-10-06,843.7,847.21,840.6,841.66,2684013,AMZN
2016-10-07,845.79,845.95,837.45,839.43,2426228,AMZN
2016-10-10,843.25,845.2,840.27,841.71,1827143,AMZN
2016-10-11,841.02,841.29,828.35,831.0,3588180,AMZN
2016-10-12,834.0,837.666,830.1,834.09,2380416,AMZN
2016-10-13,829.0,831.8,821.21,829.28,3091387,AMZN
2016-10-14,835.08,835.74,822.96,822.96,2999814,AMZN
2016-10-17,821.5,822.0,811.68,812.95,3361492,AMZN
2016-10-18,822.11,823.26,815.02,817.65,2512504,AMZN
2016-10-19,820.4,820.67,815.17,817.69,2090706,AMZN
2016-10-20,813.99,815.71,803.1,810.32,3151954,AMZN
2016-10-21,809.36,819.42,809.0,818.99,2793015,AMZN
2016-10-24,824.95,838.3,822.21,838.09,4060899,AMZN
2016-10-25,839.3,843.09,833.22,835.18,3248358,AMZN
2016-10-26,832.76,833.44,820.0,822.59,3998102,AMZN
2016-10-27,831.24,831.72,815.43,818.36,7406385,AMZN
2016-10-28,782.0,789.49,774.61,776.32,10841073,AMZN
2016-10-31,781.03,793.7,780.11,789.82,5413326,AMZN
2016-11-01,799.0,800.84,776.713,785.41,5305428,AMZN
2016-11-02,783.93,784.75,763.55,765.56,5026504,AMZN
2016-11-03,765.05,777.0,764.0,767.03,3872496,AMZN
2016-11-04,762.79,766.0,753.2301,755.05,5122103,AMZN
2016-11-07,771.64,787.732,770.94,784.93,5984354,AMZN
2016-11-08,784.97,791.7399,779.1,787.75,3412629,AMZN
2016-11-09,764.0,777.5,760.09,771.88,8562892,AMZN
2016-11-10,778.81,778.83,717.7,742.38,12746994,AMZN
2016-11-11,735.73,743.26,728.9,739.01,6622784,AMZN
2016-11-14,745.51,746.0,710.1,719.07,7321344,AMZN
2016-11-15,730.0,746.78,725.99,743.24,6755785,AMZN
2016-11-16,739.88,749.87,735.61,746.49,3648791,AMZN
2016-11-17,749.32,757.5,748.0,756.4,3690112,AMZN
2016-11-18,761.0,767.74,757.6435,760.16,4373408,AMZN
2016-11-21,766.0,780.35,765.11,780.0,4614574,AMZN
2016-11-22,788.17,792.4,781.0,785.33,5311320,AMZN
2016-11-23,781.73,781.75,773.12,780.12,3540263,AMZN
2016-11-25,786.5,786.75,777.9,780.37,1837068,AMZN
2016-11-28,776.99,777.0,764.24,766.77,4438828,AMZN
2016-11-29,768.0,769.89,761.32,762.52,3272344,AMZN
2016-11-30,762.0,768.09,750.25,750.57,4625946,AMZN
2016-12-01,752.41,753.37,738.03,743.65,4665993,AMZN
2016-12-02,743.4,748.4903,736.7,740.34,3561307,AMZN
2016-12-05,745.0,761.49,742.0,759.36,4314723,AMZN
2016-12-06,763.99,768.24,757.25,764.72,3794746,AMZN
2016-12-07,764.55,770.42,755.82,770.42,3684906,AMZN
2016-12-08,771.87,773.79,765.19,767.33,3189608,AMZN
2016-12-09,770.0,770.25,765.34,768.66,2470923,AMZN
2016-12-12,766.4,766.89,757.2,760.12,2963945,AMZN
2016-12-13,764.96,782.46,762.0,774.34,5285288,AMZN
2016-12-14,778.25,780.86,762.81,768.82,5454836,AMZN
2016-12-15,766.28,769.1,760.31,761.0,3801927,AMZN
2016-12-16,765.0,765.13,754.0,757.77,4848219,AMZN
2016-12-19,758.89,770.5,756.16,766.0,3113240,AMZN
2016-12-20,768.65,774.39,767.71,771.22,2703629,AMZN
2016-12-21,770.0,771.22,765.7,770.6,2044629,AMZN
2016-12-22,768.12,771.21,763.02,766.34,2543551,AMZN
2016-12-23,764.55,766.5,757.99,760.59,1981616,AMZN
2016-12-27,763.4,774.65,761.2,771.4,2638725,AMZN
2016-12-28,776.25,780.0,770.5,772.13,3301025,AMZN
2016-12-29,772.4,773.4,760.85,765.15,3158299,AMZN
2016-12-30,766.47,767.3999,748.28,749.87,4139449,AMZN
2017-01-03,757.92,758.7595,747.7,753.67,3521066,AMZN
2017-01-04,758.39,759.68,754.2,757.18,2510526,AMZN
2017-01-05,761.55,782.3999,760.2557,780.45,5830068,AMZN
2017-01-06,782.36,799.44,778.48,795.99,5986234,AMZN
2017-01-09,798.0,801.7742,791.77,796.92,3446109,AMZN
2017-01-10,796.6,798.0,789.5434,795.9,2558369,AMZN
2017-01-11,793.66,799.5,789.51,799.02,2992791,AMZN
2017-01-12,800.31,814.13,799.5,813.64,4873922,AMZN
2017-01-13,814.32,821.65,811.4,817.14,3791945,AMZN
2017-01-17,815.7,816.0,803.44,809.72,3670529,AMZN
2017-01-18,809.5,811.73,804.27,807.48,2354201,AMZN
2017-01-19,810.0,813.51,807.32,809.04,2540784,AMZN
2017-01-20,815.28,816.02,806.26,808.33,3376196,AMZN
2017-01-23,806.8,818.5,805.08,817.88,2797474,AMZN
2017-01-24,822.0,823.99,814.5,822.44,2971740,AMZN
2017-01-25,825.79,837.4183,825.288,836.52,4023078,AMZN
2017-01-26,835.53,843.84,833.0,839.15,3586323,AMZN
2017-01-27,839.0,839.7,829.44,835.77,2998700,AMZN
2017-01-30,833.0,833.5,816.38,830.38,3747336,AMZN
2017-01-31,823.75,826.99,819.56,823.48,3137196,AMZN
2017-02-01,829.21,833.78,824.94,832.35,3850181,AMZN
2017-02-02,836.59,842.49,828.26,839.95,7350492,AMZN
2017-02-03,806.72,818.3,804.0,810.2,10868773,AMZN
2017-02-06,809.8,810.72,803.0,807.64,3897301,AMZN
2017-02-07,809.31,816.16,807.5,812.5,3466091,AMZN
2017-02-08,812.69,821.479,812.5,819.71,2857985,AMZN
2017-02-09,821.6,825.0,819.71,821.36,2484948,AMZN
2017-02-10,823.82,828.0,822.85,827.46,2429609,AMZN
2017-02-13,831.62,842.9999,828.55,836.53,4172618,AMZN
2017-02-14,837.0,838.31,831.4522,836.39,2792442,AMZN
2017-02-15,834.0,842.81,832.82,842.7,2968853,AMZN
2017-02-16,841.84,845.0,839.375,844.14,2714667,AMZN
2017-02-17,842.0,847.27,840.73,845.07,3112275,AMZN
2017-02-21,848.84,857.98,847.25,856.44,3507742,AMZN
2017-02-22,856.95,858.43,852.18,855.61,2616971,AMZN
2017-02-23,857.57,860.86,848.0,852.19,3461984,AMZN
2017-02-24,844.69,845.81,837.7501,845.24,3687963,AMZN
2017-02-27,842.38,852.5,839.67,848.64,2713627,AMZN
2017-02-28,851.45,854.09,842.05,845.04,2793709,AMZN
2017-03-01,853.05,854.83,849.01,853.08,2760083,AMZN
2017-03-02,853.08,854.82,847.28,848.91,2132098,AMZN
2017-03-03,847.2,851.985,846.27,849.88,1951575,AMZN
2017-03-06,845.23,848.49,841.12,846.61,2610370,AMZN
2017-03-07,845.48,848.46,843.75,846.02,2247554,AMZN
2017-03-08,848.0,853.07,846.79,850.5,2288317,AMZN
2017-03-09,851.0,856.3999,850.31,853.0,2048187,AMZN
2017-03-10,857.0,857.35,851.72,852.46,2436434,AMZN
2017-03-13,851.77,855.69,851.71,854.59,1909672,AMZN
2017-03-14,853.55,853.75,847.55,852.53,2130586,AMZN
2017-03-15,854.33,854.45,847.11,852.97,2562176,AMZN
2017-03-16,855.3,855.5,850.51,853.42,1842296,AMZN
2017-03-17,853.49,853.83,850.64,852.31,3384403,AMZN
2017-03-20,851.51,857.8,851.01,856.97,2282727,AMZN
2017-03-21,858.84,862.795,841.31,843.2,4382852,AMZN
2017-03-22,840.43,849.37,839.05,848.06,2658669,AMZN
2017-03-23,848.2,850.89,844.8,847.38,1952964,AMZN
2017-03-24,851.68,851.8,843.53,845.61,2138269,AMZN
2017-03-27,838.07,850.3,833.5,846.82,2755775,AMZN
2017-03-28,851.75,858.46,850.1,856.0,3041633,AMZN
2017-03-29,859.05,876.438,859.02,874.32,4485770,AMZN
2017-03-30,874.95,877.06,871.66,876.34,2762730,AMZN
2017-03-31,877.0,890.35,876.65,886.54,3957612,AMZN
2017-04-03,888.0,893.49,885.42,891.51,3422328,AMZN
2017-04-04,891.5,908.5384,890.28,906.83,4984656,AMZN
2017-04-05,910.82,923.72,905.62,909.28,7508370,AMZN
2017-04-06,913.8,917.1899,894.4927,898.28,6344065,AMZN
2017-04-07,899.65,900.09,889.31,894.88,3707367,AMZN
2017-04-10,899.63,908.51,899.0,907.04,3184301,AMZN
2017-04-11,907.04,911.24,897.5,902.36,3012743,AMZN
2017-04-12,903.09,904.09,895.2501,896.23,2456140,AMZN
2017-04-13,891.45,894.97,884.49,884.67,3174583,AMZN
2017-04-17,887.5,902.38,887.5,901.99,2854673,AMZN
2017-04-18,900.99,909.61,900.78,903.78,2999238,AMZN
2017-04-19,907.84,910.5,897.369,899.2,2870242,AMZN
2017-04-20,899.7,905.32,896.29,902.06,2814441,AMZN
2017-04-21,902.67,903.65,896.77,898.53,2420494,AMZN
2017-04-24,908.68,909.99,903.82,907.41,3122893,AMZN
2017-04-25,907.04,909.48,903.0,907.62,3380639,AMZN
2017-04-26,910.3,915.749,907.56,909.29,2608948,AMZN
2017-04-27,914.39,921.86,912.11,918.38,5305543,AMZN
2017-04-28,948.83,949.59,924.3335,924.99,7364681,AMZN
2017-05-01,927.8,954.4,927.8,948.23,5466544,AMZN
2017-05-02,946.645,950.1,941.413,946.94,3848835,AMZN
2017-05-03,946.0,946.0,935.9,941.03,3582686,AMZN
2017-05-04,944.75,945.0,934.215,937.53,2418381,AMZN
2017-05-05,940.52,940.79,930.3,934.15,2866397,AMZN
2017-05-08,940.95,949.05,939.21,949.04,3415731,AMZN
2017-05-09,952.8,957.89,950.2,952.82,3262113,AMZN
2017-05-10,953.5,953.7499,945.0,948.95,2096512,AMZN
2017-05-11,945.11,950.29,940.775,947.62,2194070,AMZN
2017-05-12,954.5,962.79,951.53,961.35,3625857,AMZN
2017-05-15,958.73,963.15,956.055,957.97,4270625,AMZN
2017-05-16,961.0,970.06,960.91,966.07,3126051,AMZN
2017-05-17,954.7,960.3957,944.12,944.76,5145578,AMZN
2017-05-18,944.8,962.75,944.76,958.49,3939347,AMZN
2017-05-19,962.84,968.92,959.72,959.84,3972089,AMZN
2017-05-22,964.0,971.38,962.9,970.67,2642217,AMZN
2017-05-23,975.02,975.2,966.85,971.54,2415594,AMZN
2017-05-24,976.0,981.0,970.23,980.35,2463052,AMZN
2017-05-25,984.85,999.0,982.11,993.38,4822032,AMZN
2017-05-26,995.0,998.65,989.2491,995.78,3469154,AMZN
2017-05-30,996.51,1001.2,995.52,996.7,3263069,AMZN
2017-05-31,1000.0,1000.12,982.16,994.62,3913115,AMZN
2017-06-01,998.59,998.99,991.37,995.95,2454841,AMZN
2017-06-02,998.99,1008.48,995.67,1006.73,3752328,AMZN
2017-06-05,1007.23,1013.21,1003.51,1011.34,2719859,AMZN
2017-06-06,1012.0,1016.5,1001.25,1003.0,3346432,AMZN
2017-06-07,1005.95,1010.25,1002.0,1010.07,2823041,AMZN
2017-06-08,1012.06,1013.61,1006.11,1010.27,2767857,AMZN
2017-06-09,1012.5,1012.99,927.0,978.31,7647692,AMZN
2017-06-12,967.0,975.95,945.0,964.91,9447233,AMZN
2017-06-13,977.99,984.5,966.1,980.79,4580011,AMZN
2017-06-14,988.59,990.34,966.71,976.47,3974900,AMZN
2017-06-15,958.7,965.73,950.86,964.17,5373865,AMZN
2017-06-16,996.0,999.75,982.0,987.71,11472662,AMZN
2017-06-19,1017.0,1017.0,989.9,995.17,5043408,AMZN
2017-06-20,998.0,1004.88,992.02,992.59,4076828,AMZN
2017-06-21,998.7,1002.72,992.6518,1002.23,2922473,AMZN
2017-06-22,1002.23,1006.96,997.2,1001.3,2253433,AMZN
2017-06-23,1002.54,1004.62,998.02,1003.74,2879145,AMZN
2017-06-26,1008.5,1009.8,992.0,993.98,3386157,AMZN
2017-06-27,990.69,998.8,976.0,976.78,3782389,AMZN
2017-06-28,978.55,990.68,969.21,990.33,3737567,AMZN
2017-06-29,979.0,987.56,965.25,975.93,4302968,AMZN
2017-06-30,980.12,983.47,967.61,968.0,3390345,AMZN
2017-07-03,972.79,974.49,951.0001,953.66,2909108,AMZN
2017-07-05,961.53,975.0,955.25,971.4,3652955,AMZN
2017-07-06,964.66,974.4,959.02,965.14,3259613,AMZN
2017-07-07,969.55,980.11,969.14,978.76,2643387,AMZN
2017-07-10,985.0,999.4392,983.5,996.47,3546268,AMZN
2017-07-11,993.0,995.99,983.72,994.13,2982726,AMZN
2017-07-12,1000.65,1008.55,998.1,1006.51,3608574,AMZN
2017-07-13,1004.62,1006.88,995.9,1000.63,2880769,AMZN
2017-07-14,1002.4,1004.45,996.89,1001.81,2102469,AMZN
2017-07-17,1004.69,1014.75,1003.81,1010.04,3712587,AMZN
2017-07-18,1006.0,1026.03,1004.0,1024.45,4007624,AMZN
2017-07-19,1025.0,1031.59,1022.5,1026.87,2963964,AMZN
2017-07-20,1031.59,1034.97,1022.51,1028.7,3097487,AMZN
2017-07-21,1021.28,1026.1,1011.0,1025.67,2734577,AMZN
2017-07-24,1028.34,1043.01,1027.43,1038.95,3288020,AMZN
2017-07-25,1038.05,1043.33,1032.48,1039.87,2447629,AMZN
2017-07-26,1043.2,1053.2,1043.2,1052.8,2921253,AMZN
2017-07-27,1069.55,1083.31,1040.18,1046.0,10991715,AMZN
2017-07-28,1012.14,1032.85,1001.0,1020.04,7709420,AMZN
2017-07-31,1019.05,1019.05,987.02,987.78,7352063,AMZN
2017-08-01,990.65,995.0,987.14,992.27,2650376,AMZN
2017-08-02,1001.77,1003.21,981.73,995.89,4069993,AMZN
2017-08-03,999.47,999.5,984.59,986.92,3255764,AMZN
2017-08-04,989.68,991.672,982.0,987.58,2730308,AMZN
2017-08-07,990.65,995.0,987.14,992.27,2676607,AMZN
2017-08-08,994.35,996.28,985.79,989.84,2902815,AMZN
2017-08-09,982.6,988.0,975.27,982.01,3569731,AMZN
2017-08-10,976.295,979.86,954.68,956.92,5684068,AMZN
2017-08-11,960.0,970.39,951.38,967.99,3468017,AMZN
2017-08-14,978.41,985.5,976.19,983.3,3172892,AMZN
2017-08-15,988.9,991.74,982.0,982.74,2549295,AMZN
2017-08-16,981.65,986.4605,973.22,978.18,3132066,AMZN
2017-08-17,977.84,977.84,960.32,960.57,3512397,AMZN
2017-08-18,961.4,965.43,954.65,958.47,3284821,AMZN
2017-08-21,957.57,961.2,945.46,953.29,3164483,AMZN
2017-08-22,955.52,967.93,955.495,966.9,2749970,AMZN
2017-08-23,959.38,962.0,954.2,958.0,2668264,AMZN
2017-08-24,957.42,959.0,941.14,952.45,5195726,AMZN
2017-08-25,956.0,957.621,944.1,945.26,3324791,AMZN
2017-08-28,946.54,953.0,942.25,946.02,2596737,AMZN
2017-08-29,940.0,956.0,936.33,954.06,2874299,AMZN
2017-08-30,958.44,969.41,956.9062,967.59,2904604,AMZN
2017-08-31,974.7,981.0,972.76,980.6,3331488,AMZN
2017-09-01,984.2,984.5,976.875,978.25,2535917,AMZN
2017-09-05,975.4,976.7699,960.37,965.27,2998649,AMZN
2017-09-06,968.32,971.84,960.6,967.8,2129861,AMZN
2017-09-07,974.0,980.59,972.55,979.47,2566794,AMZN
2017-09-08,979.1,979.88,963.47,965.9,2605322,AMZN
2017-09-11,974.46,981.94,974.22,977.96,2186666,AMZN
2017-09-12,983.27,984.6718,975.517,982.58,2481066,AMZN
2017-09-13,983.97,1000.0,979.42,999.6,3374650,AMZN
2017-09-14,996.8,998.56,987.74,992.21,3913263,AMZN
2017-09-15,993.01,996.25,984.03,986.79,3760183,AMZN
2017-09-18,990.4,992.7922,968.17,974.19,3411324,AMZN
2017-09-19,977.25,978.24,967.46,969.86,2671054,AMZN
2017-09-20,971.79,974.81,962.1626,973.21,2888795,AMZN
2017-09-21,971.31,971.7,962.02,964.65,2337576,AMZN
2017-09-22,961.01,965.61,954.42,955.1,2641787,AMZN
2017-09-25,949.31,949.42,932.89,939.79,5123997,AMZN
2017-09-26,945.49,948.63,931.75,938.6,3564848,AMZN
2017-09-27,948.0,955.3,943.3,950.87,3148933,AMZN
2017-09-28,951.86,959.7,950.101,956.4,2522567,AMZN
2017-09-29,960.11,964.83,958.375,961.35,2543759,AMZN
2017-10-02,964.0,967.305,952.1201,959.19,2442937,AMZN
2017-10-03,958.0,963.69,950.37,957.1,2666574,AMZN
2017-10-04,954.21,967.79,954.05,965.45,2527352,AMZN
2017-10-05,970.0,981.51,969.64,980.85,3229224,AMZN
2017-10-06,975.64,995.75,975.64,989.58,3782067,AMZN
2017-10-09,993.24,998.5,987.5,990.99,2938586,AMZN
2017-10-10,996.67,997.95,980.099,987.2,3084921,AMZN
2017-10-11,991.27,995.5,986.695,995.0,2337113,AMZN
2017-10-12,996.81,1008.44,992.4,1000.93,4067317,AMZN
2017-10-13,1007.0,1007.77,1001.03,1002.94,2431462,AMZN
2017-10-16,1008.44,1009.57,1001.04,1006.34,2008908,AMZN
2017-10-17,1005.59,1011.47,1004.38,1009.13,2319742,AMZN
2017-10-18,1009.27,1022.31,996.55,997.0,2499681,AMZN
2017-10-19,990.0,991.05,980.24,986.61,3108197,AMZN
2017-10-20,993.53,994.62,982.0,982.91,2365122,AMZN
2017-10-23,986.73,986.775,962.5,966.3,3494100,AMZN
2017-10-24,969.0,979.85,965.0,975.9,2723935,AMZN
2017-10-25,978.0,984.44,966.24,972.91,3033113,AMZN
2017-10-26,980.33,982.9,968.55,972.43,5618675,AMZN
2017-10-27,1058.14,1105.58,1050.55,1100.95,16565021,AMZN
2017-10-30,1095.01,1122.79,1093.56,1110.85,6613064,AMZN
2017-10-31,1109.0,1110.54,1101.12,1105.28,3476967,AMZN
2017-11-01,1105.4,1108.97,1096.74,1103.68,3755511,AMZN
2017-11-02,1097.81,1101.93,1086.87,1094.22,3684876,AMZN
2017-11-03,1091.15,1112.68,1088.52,1111.6,3751480,AMZN
2017-11-06,1109.15,1125.41,1108.77,1120.66,3381138,AMZN
2017-11-07,1124.74,1130.6,1117.5,1123.17,2688977,AMZN
2017-11-08,1122.82,1135.54,1119.11,1132.88,2581451,AMZN
2017-11-09,1125.96,1129.62,1115.77,1129.13,3725774,AMZN
2017-11-10,1126.1,1131.75,1124.06,1125.35,2179937,AMZN
2017-11-13,1123.0,1139.9,1122.34,1129.17,2918439,AMZN
2017-11-14,1130.11,1138.0,1123.89,1136.84,3138423,AMZN
2017-11-15,1127.01,1131.75,1121.63,1126.69,3928680,AMZN
2017-11-16,1130.16,1138.16,1130.05,1137.29,2213322,AMZN
2017-11-17,1138.28,1138.8,1125.81,1129.88,2413388,AMZN
2017-11-20,1129.77,1133.42,1122.55,1126.31,2163855,AMZN
2017-11-21,1132.86,1140.0,1128.2,1139.49,2479397,AMZN
2017-11-22,1141.0,1160.27,1141.0,1156.16,3555273,AMZN
2017-11-24,1160.7,1186.84,1160.7,1186.0,3528011,AMZN
2017-11-27,1202.66,1213.41,1191.15,1195.83,6744045,AMZN
2017-11-28,1204.88,1205.34,1188.52,1193.6,4559449,AMZN
2017-11-29,1194.8,1194.8,1145.19,1161.27,9257512,AMZN
2017-11-30,1167.1,1178.57,1160.0,1176.75,4509208,AMZN
2017-12-01,1172.05,1179.65,1152.0,1162.35,4107094,AMZN
2017-12-04,1173.85,1175.2,1128.0,1133.95,5931915,AMZN
2017-12-05,1128.26,1159.27,1124.74,1141.57,4079774,AMZN
2017-12-06,1137.99,1155.89,1136.08,1152.35,2853316,AMZN
2017-12-07,1156.59,1163.19,1151.0,1159.79,2511569,AMZN
2017-12-08,1170.4,1172.79,1157.1,1162.0,3050074,AMZN
2017-12-11,1164.6,1169.9,1157.0,1168.92,2363473,AMZN
2017-12-12,1166.51,1173.6,1161.61,1165.08,2235892,AMZN
2017-12-13,1170.0,1170.87,1160.27,1164.13,2616760,AMZN
2017-12-14,1163.71,1177.93,1162.45,1174.26,3214337,AMZN
2017-12-15,1179.03,1182.75,1169.33,1179.14,4778621,AMZN
2017-12-18,1187.37,1194.78,1180.91,1190.58,2947625,AMZN
2017-12-19,1189.15,1192.97,1179.14,1187.38,2587792,AMZN
2017-12-20,1190.5,1191.0,1176.0,1177.62,2371166,AMZN
2017-12-21,1175.9,1179.17,1167.64,1174.76,2123117,AMZN
2017-12-22,1172.08,1174.62,1167.83,1168.36,1585054,AMZN
2017-12-26,1168.36,1178.32,1160.55,1176.76,2005187,AMZN
2017-12-27,1179.91,1187.29,1175.61,1182.26,1867208,AMZN
2017-12-28,1189.0,1190.1,1184.38,1186.1,1841676,AMZN
2017-12-29,1182.35,1184.0,1167.5,1169.47,2688391,AMZN
2018-01-02,1172.0,1190.0,1170.51,1189.01,2694494,AMZN
2018-01-03,1188.3,1205.49,1188.3,1204.2,3108793,AMZN
2018-01-04,1205.0,1215.87,1204.66,1209.59,3022089,AMZN
2018-01-05,1217.51,1229.14,1210.0,1229.14,3544743,AMZN
2018-01-08,1236.0,1253.08,1232.03,1246.87,4279475,AMZN
2018-01-09,1256.9,1259.33,1241.76,1252.7,3661316,AMZN
2018-01-10,1245.15,1254.33,1237.23,1254.33,2686017,AMZN
2018-01-11,1259.74,1276.77,1256.46,1276.68,3125048,AMZN
2018-01-12,1273.39,1305.76,1273.39,1305.2,5443730,AMZN
2018-01-16,1323.0,1339.94,1292.3,1304.86,7220701,AMZN
2018-01-17,1312.24,1314.0,1280.88,1295.0,5253754,AMZN
2018-01-18,1293.95,1304.6,1284.02,1293.32,4026915,AMZN
2018-01-19,1312.0,1313.0,1292.99,1294.58,4578536,AMZN
2018-01-22,1297.17,1327.45,1296.66,1327.31,4140061,AMZN
2018-01-23,1338.09,1364.9,1337.34,1362.54,5169306,AMZN
2018-01-24,1374.82,1388.16,1338.0,1357.51,6807457,AMZN
2018-01-25,1368.0,1378.34,1357.62,1377.95,4753012,AMZN
2018-01-26,1392.01,1402.53,1380.91,1402.05,4857310,AMZN
2018-01-29,1409.18,1431.39,1400.44,1417.68,5701898,AMZN
2018-01-30,1403.17,1439.25,1392.0,1437.82,5871942,AMZN
2018-01-31,1451.3,1472.58,1450.04,1450.89,6424693,AMZN
2018-02-01,1445.0,1459.88,1385.14,1390.0,9113808,AMZN
2018-02-02,1477.39,1498.0,1414.0,1429.95,11125722,AMZN
2018-02-05,1402.62,1458.98,1320.72,1390.0,11494985,AMZN
2018-02-06,1361.46,1443.99,1351.79,1442.84,11066819,AMZN
2018-02-07,1449.0,1460.99,1415.15,1416.78,7162741,AMZN
2014-03-27,568.0,568.0,552.92,558.46,13052,GOOG
2014-03-28,561.2,566.43,558.67,559.99,41003,GOOG
2014-03-31,566.89,567.0,556.93,556.97,10772,GOOG
2014-04-01,558.71,568.45,558.71,567.16,7932,GOOG
2014-04-02,565.106,604.83,562.19,567.0,146697,GOOG
2014-04-03,569.85,587.28,564.13,569.74,5087530,GOOG
2014-04-04,574.65,577.77,543.0,543.14,6377658,GOOG
2014-04-07,540.74,548.48,527.15,538.15,4389569,GOOG
2014-04-08,542.6,555.0,541.61,554.9,3152406,GOOG
2014-04-09,559.62,565.37,552.95,564.14,3324742,GOOG
2014-04-10,565.0,565.0,539.9,540.95,4027743,GOOG
2014-04-11,532.55,540.0,526.53,530.6,3916171,GOOG
2014-04-14,538.25,544.1,529.561,532.52,2568020,GOOG
2014-04-15,536.82,538.45,518.4601,536.44,3847453,GOOG
2014-04-16,543.0,557.0,540.0,556.54,4879889,GOOG
2014-04-17,548.81,549.5,531.15,536.1,6795393,GOOG
2014-04-21,536.1,536.7,525.6,528.62,2561214,GOOG
2014-04-22,528.64,537.23,527.51,534.81,2359421,GOOG
2014-04-23,533.79,533.87,526.25,526.94,2051066,GOOG
2014-04-24,530.07,531.65,522.12,525.16,1881965,GOOG
2014-04-25,522.51,524.7,515.42,516.18,2097264,GOOG
2014-04-28,517.18,518.6,502.8,517.15,3326429,GOOG
2014-04-29,516.9,529.46,516.32,527.7,2692489,GOOG
2014-04-30,527.6,528.0,522.52,526.66,1746904,GOOG
2014-05-01,527.11,532.93,523.88,531.35,1900432,GOOG
2014-05-02,533.76,533.9999,525.61,527.93,1685042,GOOG
2014-05-05,524.82,528.9,521.32,527.81,1021408,GOOG
2014-05-06,525.23,526.81,515.06,515.14,1684381,GOOG
2014-05-07,515.79,516.68,503.3,509.96,3216077,GOOG
2014-05-08,508.46,517.23,506.45,511.0,2016131,GOOG
2014-05-09,510.75,519.9,504.2,518.73,2432783,GOOG
2014-05-12,523.51,530.19,519.01,529.92,1908392,GOOG
2014-05-13,530.89,536.07,529.51,533.09,1648907,GOOG
2014-05-14,533.0,533.0,525.29,526.65,1191863,GOOG
2014-05-15,525.7,525.87,517.42,519.98,1703758,GOOG
2014-05-16,521.39,521.8,515.44,520.63,1481688,GOOG
2014-05-19,519.7,529.78,517.583,528.86,1276362,GOOG
2014-05-20,529.74,536.23,526.3,529.77,1780113,GOOG
2014-05-21,532.9,539.1828,531.91,538.94,1193389,GOOG
2014-05-22,541.13,547.5999,540.78,545.06,1611837,GOOG
2014-05-23,547.26,553.64,543.7,552.7,1929632,GOOG
2014-05-27,556.0,566.0,554.35,565.95,2100298,GOOG
2014-05-28,564.57,567.84,561.0,561.68,1647717,GOOG
2014-05-29,563.35,564.0,558.71,560.08,1350657,GOOG
2014-05-30,560.8,561.35,555.91,559.89,1766794,GOOG
2014-06-02,560.7,560.9,545.73,553.93,1434989,GOOG
2014-06-03,550.99,552.34,542.55,544.94,1861921,GOOG
2014-06-04,541.5,548.61,538.75,544.66,1812084,GOOG
2014-06-05,546.4,554.95,544.45,553.9,1684886,GOOG
2014-06-06,558.06,558.06,548.93,556.33,1732592,GOOG
2014-06-09,557.15,562.9,556.04,562.12,1463676,GOOG
2014-06-10,560.51,563.6,557.9,560.55,1349444,GOOG
2014-06-11,558.0,559.88,555.0201,558.84,1097380,GOOG
2014-06-12,557.3,557.99,548.46,551.35,1457104,GOOG
2014-06-13,552.26,552.3,545.56,551.76,1217176,GOOG
2014-06-16,549.26,549.62,541.52,544.28,1704027,GOOG
2014-06-17,544.2,545.32,539.33,543.01,1445878,GOOG
2014-06-18,544.86,553.56,544.0,553.37,1737343,GOOG
2014-06-19,554.24,555.0,548.51,554.9,2451341,GOOG
2014-06-20,556.85,557.58,550.3915,556.36,4496962,GOOG
2014-06-23,555.15,565.0,554.25,564.95,1534659,GOOG
2014-06-24,565.19,572.646,561.01,564.62,2201789,GOOG
2014-06-25,565.26,579.96,565.22,578.65,1964447,GOOG
2014-06-26,581.0,582.45,571.85,576.0,1737210,GOOG
2014-06-27,577.18,579.87,573.8,577.24,2231174,GOOG
2014-06-30,578.66,579.57,574.75,575.28,1310909,GOOG
2014-07-01,578.32,584.4,576.65,582.67,1446309,GOOG
2014-07-02,583.35,585.4399,580.39,582.335,1054936,GOOG
2014-07-03,583.35,585.01,580.92,584.73,712210,GOOG
2014-07-07,583.76,586.4299,579.59,582.25,1061833,GOOG
2014-07-08,577.66,579.5284,566.135,571.09,1908647,GOOG
2014-07-09,571.58,576.72,569.376,576.08,1113907,GOOG
2014-07-10,565.91,576.59,565.01,571.1,1353317,GOOG
2014-07-11,571.91,580.85,571.42,579.18,1617569,GOOG
2014-07-14,582.6,585.21,578.03,584.87,1852290,GOOG
2014-07-15,585.74,585.8045,576.56,584.78,1618815,GOOG
2014-07-16,588.0,588.4,582.2,582.66,1394560,GOOG
2014-07-17,579.53,580.99,568.61,573.7299,3015475,GOOG
2014-07-18,593.0,596.8,582.0,595.08,4006389,GOOG
2014-07-21,591.75,594.4,585.2326,589.47,2060334,GOOG
2014-07-22,590.72,599.65,590.6,594.74,1694787,GOOG
2014-07-23,593.23,597.85,592.5,595.98,1229846,GOOG
2014-07-24,596.45,599.5,591.77,593.35,1033341,GOOG
2014-07-25,590.4,591.86,587.03,589.02,932724,GOOG
2014-07-28,588.07,592.5,584.7533,590.6,984161,GOOG
2014-07-29,588.75,589.7,583.515,585.61,1346647,GOOG
2014-07-30,586.55,589.5,584.0,587.42,1013932,GOOG
2014-07-31,580.6,583.6499,570.0,571.6,2099516,GOOG
2014-08-01,570.4,575.9599,562.85,566.07,1950171,GOOG
2014-08-04,569.04,575.35,564.1,573.15,1427169,GOOG
2014-08-05,570.05,571.98,562.61,565.07,1556685,GOOG
2014-08-06,561.78,570.7,560.0,566.374,1330877,GOOG
2014-08-07,568.0,569.89,561.1,563.36,1108900,GOOG
2014-08-08,563.56,570.25,560.35,568.77,1492491,GOOG
2014-08-11,569.99,570.49,566.0,567.88,1215968,GOOG
2014-08-12,564.52,565.9,560.88,562.73,1537758,GOOG
2014-08-13,567.31,575.0,565.75,574.78,1435281,GOOG
2014-08-14,576.18,577.9,570.88,574.65,982926,GOOG
2014-08-15,577.86,579.38,570.52,573.48,1517056,GOOG
2014-08-18,576.11,584.51,576.0,582.16,1282531,GOOG
2014-08-19,585.0,587.34,584.0,586.86,979298,GOOG
2014-08-20,585.88,586.7,582.57,584.49,1034779,GOOG
2014-08-21,583.82,584.5,581.14,583.37,912854,GOOG
2014-08-22,583.59,585.236,580.64,582.56,789484,GOOG
2014-08-25,584.72,585.0,579.0,580.2,1358810,GOOG
2014-08-26,581.26,581.8,576.58,577.86,1635465,GOOG
2014-08-27,577.27,578.49,570.103,571.0,1700161,GOOG
2014-08-28,569.56,573.25,567.1,569.2,1295963,GOOG
2014-08-29,571.33,572.04,567.0692,571.6,1081231,GOOG
2014-09-02,571.85,577.83,571.19,577.33,1576830,GOOG
2014-09-03,580.0,582.99,575.0,577.94,1214586,GOOG
2014-09-04,580.0,586.0,579.22,581.98,1459956,GOOG
2014-09-05,583.98,586.55,581.95,586.08,1629477,GOOG
2014-09-08,586.6,591.77,586.3,589.72,1429101,GOOG
2014-09-09,588.9,589.0,580.0,581.01,1286722,GOOG
2014-09-10,581.5,583.5,576.94,583.1,975145,GOOG
2014-09-11,580.36,581.81,576.26,581.35,1217721,GOOG
2014-09-12,581.0,581.64,574.46,575.62,1597677,GOOG
2014-09-15,572.94,574.95,568.21,573.1,1596224,GOOG
2014-09-16,572.76,581.5,572.66,579.95,1478306,GOOG
2014-09-17,580.01,587.5199,578.775,584.77,1690994,GOOG
2014-09-18,587.0,589.54,585.0,589.27,1442012,GOOG
2014-09-19,591.5,596.48,589.5,596.08,3727045,GOOG
2014-09-22,593.82,593.949,583.46,587.37,1687710,GOOG
2014-09-23,586.85,586.85,581.0,581.13,1467703,GOOG
2014-09-24,581.46,589.63,580.52,587.99,1724537,GOOG
2014-09-25,587.55,587.98,574.18,575.06,1925350,GOOG
2014-09-26,576.06,579.25,574.66,577.1,1439807,GOOG
2014-09-29,571.75,578.19,571.17,576.36,1281204,GOOG
2014-09-30,576.93,579.85,572.85,577.36,1618437,GOOG
2014-10-01,576.01,577.5799,567.01,568.27,1445027,GOOG
2014-10-02,567.31,571.91,563.32,570.08,1175307,GOOG
2014-10-03,573.05,577.225,572.5,575.28,1138636,GOOG
2014-10-06,578.8,581.0,574.44,577.35,1211320,GOOG
2014-10-07,574.4,575.27,563.74,563.74,1906427,GOOG
2014-10-08,565.57,573.88,557.49,572.5,1987888,GOOG
2014-10-09,571.18,571.49,559.06,560.88,2519693,GOOG
2014-10-10,557.72,565.1299,544.05,544.49,3078634,GOOG
2014-10-13,544.99,549.5,533.1,533.21,2578676,GOOG
2014-10-14,538.9,547.19,533.1695,537.94,2217230,GOOG
2014-10-15,531.01,532.8,518.3,530.03,3712536,GOOG
2014-10-16,519.0,529.43,515.0,524.51,3698423,GOOG
2014-10-17,527.25,530.98,508.53,511.17,5530674,GOOG
2014-10-20,509.45,521.76,508.1,520.84,2605505,GOOG
2014-10-21,525.19,526.79,519.11,526.54,2332531,GOOG
2014-10-22,529.89,539.8,528.8,532.71,2917183,GOOG
2014-10-23,539.32,547.22,535.85,543.98,2345296,GOOG
2014-10-24,544.36,544.88,535.79,539.78,1972047,GOOG
2014-10-27,537.03,544.41,537.03,540.77,1184973,GOOG
2014-10-28,543.0,548.98,541.62,548.9,1273372,GOOG
2014-10-29,550.0,554.19,546.98,549.33,1767107,GOOG
2014-10-30,548.95,552.8,543.51,550.31,1451667,GOOG
2014-10-31,559.35,559.57,554.75,559.08,2032887,GOOG
2014-11-03,555.5,557.9,553.23,555.22,1378511,GOOG
2014-11-04,553.0,555.5,549.3,554.11,1240761,GOOG
2014-11-05,556.8,556.8,544.05,545.92,2026740,GOOG
2014-11-06,545.5,546.885,540.97,542.04,1329604,GOOG
2014-11-07,546.21,546.21,538.67,541.01,1629259,GOOG
2014-11-10,541.46,549.59,541.02,547.49,1131546,GOOG
2014-11-11,548.49,551.9399,546.3,550.29,964866,GOOG
2014-11-12,550.39,550.46,545.17,547.31,1126594,GOOG
2014-11-13,549.8,549.8,543.48,545.38,1335719,GOOG
2014-11-14,546.68,546.68,542.15,544.4,1285991,GOOG
2014-11-17,543.58,543.79,534.061,536.51,1721282,GOOG
2014-11-18,537.5,541.94,534.17,535.03,1957664,GOOG
2014-11-19,535.0,538.24,530.08,536.99,1388440,GOOG
2014-11-20,531.25,535.11,531.08,534.83,1559131,GOOG
2014-11-21,541.61,542.14,536.56,537.5,2218249,GOOG
2014-11-24,537.65,542.7,535.62,539.27,1701682,GOOG
2014-11-25,539.0,543.98,538.602,541.08,1784967,GOOG
2014-11-26,540.88,541.55,537.042,540.37,1519503,GOOG
2014-11-28,540.62,542.0,536.6,541.83,1145231,GOOG
2014-12-01,538.9,541.41,531.86,533.8,2109599,GOOG
2014-12-02,533.51,535.5,529.8,533.75,1522481,GOOG
2014-12-03,531.44,535.996,529.26,531.32,1279288,GOOG
2014-12-04,531.16,537.34,528.59,537.31,1392208,GOOG
2014-12-05,531.0,532.89,524.28,525.26,2558649,GOOG
2014-12-08,527.13,531.0,523.79,526.98,2327127,GOOG
2014-12-09,522.14,534.19,520.5,533.37,1871268,GOOG
2014-12-10,533.08,536.33,525.56,526.06,1716835,GOOG
2014-12-11,527.8,533.92,527.1,528.34,1610964,GOOG
2014-12-12,523.51,528.5,518.66,518.66,1989117,GOOG
2014-12-15,522.74,523.1,513.27,513.8,2812786,GOOG
2014-12-16,511.56,513.05,489.0,495.39,3953371,GOOG
2014-12-17,497.0,507.0,496.81,504.89,2875281,GOOG
2014-12-18,512.95,513.87,504.7,511.1,2918730,GOOG
2014-12-19,511.51,517.72,506.9106,516.35,3680148,GOOG
2014-12-22,516.08,526.46,516.08,524.87,2723599,GOOG
2014-12-23,527.0,534.56,526.29,530.59,2191567,GOOG
2014-12-24,530.51,531.759,527.02,528.77,704035,GOOG
2014-12-26,528.77,534.25,527.31,534.03,1037727,GOOG
2014-12-29,532.19,535.48,530.011,530.33,2276104,GOOG
2014-12-30,528.09,531.15,527.13,530.42,873923,GOOG
2014-12-31,531.25,532.6,525.8,526.4,1371819,GOOG
2015-01-02,529.01,531.27,524.1,524.81,1446662,GOOG
2015-01-05,523.26,524.33,513.06,513.87,2054238,GOOG
2015-01-06,515.0,516.175,501.05,501.96,2891950,GOOG
2015-01-07,507.0,507.244,499.65,501.1,2059366,GOOG
2015-01-08,497.99,503.48,491.0,502.68,3344395,GOOG
2015-01-09,504.76,504.92,494.79,496.17,2065715,GOOG
2015-01-12,494.94,495.976,487.56,492.55,2320446,GOOG
2015-01-13,498.84,502.98,492.39,496.18,2365687,GOOG
2015-01-14,494.65,503.23,493.0,500.87,2229638,GOOG
2015-01-15,505.57,505.68,497.76,501.79,2711355,GOOG
2015-01-16,500.01,508.19,500.0,508.08,2292043,GOOG
2015-01-20,511.0,512.5,506.016,506.9,2225922,GOOG
2015-01-21,507.25,519.28,506.2,518.04,2262455,GOOG
2015-01-22,521.48,536.33,519.7,534.39,2669558,GOOG
2015-01-23,535.59,542.17,533.0,539.95,2275485,GOOG
2015-01-26,538.53,539.0,529.67,535.21,1539524,GOOG
2015-01-27,529.97,530.7,518.19,518.63,1898844,GOOG
2015-01-28,522.78,522.99,510.0,510.0,1679230,GOOG
2015-01-29,511.0,511.09,501.2,510.66,4174924,GOOG
2015-01-30,515.86,539.87,515.52,534.52,5590977,GOOG
2015-02-02,531.73,533.0,518.55,528.48,2841976,GOOG
2015-02-03,528.0,533.4,523.26,529.24,2033085,GOOG
2015-02-04,529.24,532.6715,521.27,522.76,1659125,GOOG
2015-02-05,523.79,528.5,522.09,527.58,1844687,GOOG
2015-02-06,527.64,537.2,526.41,531.0,1758650,GOOG
2015-02-09,528.0,532.0,526.02,527.83,1264276,GOOG
2015-02-10,529.3,537.7,526.92,536.94,1745076,GOOG
2015-02-11,535.3,538.45,533.3775,535.97,1373970,GOOG
2015-02-12,537.25,544.82,534.673,542.93,1615824,GOOG
2015-02-13,543.35,549.91,543.13,549.01,1895126,GOOG
2015-02-17,546.83,550.0,541.09,542.84,1612439,GOOG
2015-02-18,541.4,545.49,537.51,539.7,1449089,GOOG
2015-02-19,538.04,543.11,538.01,542.87,987478,GOOG
2015-02-20,543.13,543.75,535.8,538.95,1441212,GOOG
2015-02-23,536.05,536.439,529.41,531.91,1453907,GOOG
2015-02-24,530.0,536.79,528.25,536.09,1002393,GOOG
2015-02-25,535.9,546.22,535.445,543.87,1821041,GOOG
2015-02-26,543.21,556.14,541.5,555.48,2305219,GOOG
2015-02-27,554.24,564.71,552.9,558.4,2403553,GOOG
2015-03-02,560.53,572.15,558.75,571.34,2123796,GOOG
2015-03-03,570.45,575.39,566.52,573.64,1700084,GOOG
2015-03-04,571.87,577.11,568.01,573.37,1871694,GOOG
2015-03-05,575.02,577.91,573.41,575.33,1385818,GOOG
2015-03-06,574.88,576.6799,566.76,567.685,1654561,GOOG
2015-03-09,566.86,570.27,563.535,568.85,1059336,GOOG
2015-03-10,564.25,564.85,554.73,555.01,1787357,GOOG
2015-03-11,555.14,558.14,550.68,551.18,1815763,GOOG
2015-03-12,553.51,556.37,550.46,555.51,1385772,GOOG
2015-03-13,553.5,558.4,544.22,547.32,1698872,GOOG
2015-03-16,550.95,556.85,546.0,554.51,1636493,GOOG
2015-03-17,551.71,553.8,548.0,550.84,1800570,GOOG
2015-03-18,552.5,559.78,547.0001,559.5,2128714,GOOG
2015-03-19,559.39,560.8,556.145,557.99,1194049,GOOG
2015-03-20,561.65,561.72,559.05,560.36,2609690,GOOG
2015-03-23,560.43,562.36,555.83,558.81,1639306,GOOG
2015-03-24,562.56,574.59,561.21,570.19,2576234,GOOG
2015-03-25,570.5,572.26,558.74,558.785,2146384,GOOG
2015-03-26,557.59,558.9,550.65,555.17,1568331,GOOG
2015-03-27,553.0,555.28,548.13,548.34,1892323,GOOG
2015-03-30,551.62,553.47,548.17,552.03,1283958,GOOG
2015-03-31,550.0,554.71,546.72,548.0,1583677,GOOG
2015-04-01,548.6,551.14,539.5,542.56,1957718,GOOG
2015-04-02,540.85,540.85,533.8467,535.53,1711737,GOOG
2015-04-06,532.22,538.41,529.57,536.765,1320767,GOOG
2015-04-07,538.08,542.69,536.0,537.02,1299298,GOOG
2015-04-08,538.38,543.85,538.38,541.61,1175332,GOOG
2015-04-09,541.03,541.95,535.49,540.78,1553586,GOOG
2015-04-10,542.29,542.29,537.31,540.01,1405574,GOOG
2015-04-13,538.41,544.06,537.31,539.17,1640809,GOOG
2015-04-14,536.25,537.5699,528.0925,530.39,2597043,GOOG
2015-04-15,528.7,534.73,523.22,532.53,2312512,GOOG
2015-04-16,529.9,535.59,529.61,533.8,1296304,GOOG
2015-04-17,528.66,529.84,521.01,524.05,2145955,GOOG
2015-04-20,525.6,536.09,524.5,535.38,1675487,GOOG
2015-04-21,537.51,539.39,533.675,533.97,1839668,GOOG
2015-04-22,534.4,541.08,531.75,539.365,1589248,GOOG
2015-04-23,541.0,550.96,540.23,547.0,4173376,GOOG
2015-04-24,566.1,571.14,557.25,565.06,4919031,GOOG
2015-04-27,563.39,565.95,553.2001,555.37,2398039,GOOG
2015-04-28,554.64,556.02,550.366,553.68,1490983,GOOG
2015-04-29,550.47,553.68,546.905,549.08,1698761,GOOG
2015-04-30,547.87,548.59,535.05,537.34,2082214,GOOG
2015-05-01,538.43,539.54,532.1,537.9,1768181,GOOG
2015-05-04,538.53,544.07,535.06,540.78,1307960,GOOG
2015-05-05,538.21,539.74,530.3906,530.8,1383068,GOOG
2015-05-06,531.24,532.38,521.085,524.22,1566987,GOOG
2015-05-07,523.99,533.46,521.75,530.7,1546278,GOOG
2015-05-08,536.65,541.15,536.0,538.22,1527615,GOOG
2015-05-11,538.37,541.98,535.4,535.7,905285,GOOG
2015-05-12,531.6,533.2089,525.26,529.04,1634174,GOOG
2015-05-13,530.56,534.3215,528.655,529.62,1253063,GOOG
2015-05-14,533.77,539.0,532.41,538.4,1403935,GOOG
2015-05-15,539.18,539.2743,530.38,533.85,1971343,GOOG
2015-05-18,532.01,534.82,528.85,532.3,2003421,GOOG
2015-05-19,533.98,540.66,533.04,537.36,1966947,GOOG
2015-05-20,538.49,542.92,532.972,539.27,1430826,GOOG
2015-05-21,537.95,543.8399,535.98,542.51,1462695,GOOG
2015-05-22,540.15,544.19,539.51,540.11,1176214,GOOG
2015-05-26,538.12,539.0,529.88,532.32,2406512,GOOG
2015-05-27,532.8,540.55,531.71,539.79,1525019,GOOG
2015-05-28,538.01,540.61,536.25,539.78,1029849,GOOG
2015-05-29,537.37,538.63,531.45,532.11,2597407,GOOG
2015-06-01,536.79,536.79,529.76,533.99,1904332,GOOG
2015-06-02,532.93,543.0,531.33,539.18,1938989,GOOG
2015-06-03,539.91,543.5,537.11,540.31,1717036,GOOG
2015-06-04,537.76,540.59,534.32,536.7,1348337,GOOG
2015-06-05,536.35,537.2,532.52,533.33,1388220,GOOG
2015-06-08,533.31,534.12,526.24,526.83,1524139,GOOG
2015-06-09,527.56,529.2,523.01,526.69,1455266,GOOG
2015-06-10,529.36,538.36,529.35,536.69,1814958,GOOG
2015-06-11,538.425,538.98,533.02,534.61,1217536,GOOG
2015-06-12,531.6,533.12,530.16,532.33,955789,GOOG
2015-06-15,528.0,528.3,524.0,527.2,1632702,GOOG
2015-06-16,528.4,529.6399,525.56,528.15,1071814,GOOG
2015-06-17,529.37,530.98,525.1,529.26,1294216,GOOG
2015-06-18,531.0,538.15,530.79,536.73,1833109,GOOG
2015-06-19,537.21,538.25,533.01,536.69,1893497,GOOG
2015-06-22,539.59,543.74,537.53,538.19,1250282,GOOG
2015-06-23,539.64,541.499,535.25,540.48,1197450,GOOG
2015-06-24,540.0,540.0,535.66,537.84,1286608,GOOG
2015-06-25,538.87,540.9,535.23,535.23,1335697,GOOG
2015-06-26,537.26,537.76,531.35,531.69,2109130,GOOG
2015-06-29,525.01,528.61,520.54,521.52,1937821,GOOG
2015-06-30,526.02,526.25,520.5,520.51,2235595,GOOG
2015-07-01,524.73,525.69,518.2305,521.84,1961354,GOOG
2015-07-02,521.08,524.65,521.08,523.4,1235903,GOOG
2015-07-06,519.5,525.25,519.0,522.86,1280525,GOOG
2015-07-07,523.13,526.18,515.18,525.02,1597229,GOOG
2015-07-08,521.05,522.734,516.11,516.83,1296699,GOOG
2015-07-09,523.12,523.77,520.35,520.68,1842347,GOOG
2015-07-10,526.29,532.56,525.55,530.13,1956682,GOOG
2015-07-13,532.88,547.11,532.4001,546.55,2206475,GOOG
2015-07-14,546.76,565.8487,546.71,561.1,3244066,GOOG
2015-07-15,560.13,566.5029,556.79,560.22,1784554,GOOG
2015-07-16,565.12,580.68,565.0,579.85,4768318,GOOG
2015-07-17,649.0,674.468,645.0,672.93,11164943,GOOG
2015-07-20,659.24,668.88,653.01,663.02,5860872,GOOG
2015-07-21,655.21,673.0,654.3,662.3,3377196,GOOG
2015-07-22,660.89,678.64,659.0,662.1,3929309,GOOG
2015-07-23,661.27,663.63,641.0,644.28,3029109,GOOG
2015-07-24,647.0,648.17,622.52,623.56,3625747,GOOG
2015-07-27,621.0,634.3,620.5,627.26,2675381,GOOG
2015-07-28,632.83,632.83,623.31,628.0,1727327,GOOG
2015-07-29,628.8,633.36,622.65,631.93,1575069,GOOG
2015-07-30,630.0,635.22,622.05,632.59,1474203,GOOG
2015-07-31,631.38,632.91,625.5,625.61,1706149,GOOG
2015-08-03,625.34,633.0556,625.34,631.21,1304511,GOOG
2015-08-04,628.42,634.81,627.16,629.25,1490881,GOOG
2015-08-05,634.33,647.86,633.16,643.78,2334266,GOOG
2015-08-06,645.0,645.379,632.25,642.68,1572600,GOOG
2015-08-07,640.23,642.68,629.71,635.3,1403865,GOOG
2015-08-10,639.48,643.44,631.249,633.73,1809205,GOOG
2015-08-11,669.2,674.9,654.27,660.78,5029203,GOOG
2015-08-12,663.08,665.0,652.29,659.56,2940803,GOOG
2015-08-13,659.3225,664.5,651.661,656.45,1810749,GOOG
2015-08-14,655.01,659.855,652.66,657.12,1072061,GOOG
2015-08-17,656.8,661.38,651.24,660.87,1051699,GOOG
2015-08-18,661.9,664.0,653.46,656.13,1456059,GOOG
2015-08-19,656.6,667.0,654.19,660.9,2134098,GOOG
2015-08-20,655.46,662.99,642.9,646.83,2855299,GOOG
2015-08-21,639.78,640.05,612.33,612.48,4265183,GOOG
2015-08-24,573.0,614.0,565.05,589.61,5770302,GOOG
2015-08-25,614.91,617.45,581.11,582.06,3537966,GOOG
2015-08-26,610.35,631.71,599.05,628.62,4235891,GOOG
2015-08-27,639.4,643.59,622.0,637.61,3491336,GOOG
2015-08-28,632.82,636.88,624.56,630.38,1978733,GOOG
2015-08-31,627.54,635.8,617.68,618.25,2176737,GOOG
2015-09-01,602.36,612.86,594.1,597.79,3702105,GOOG
2015-09-02,605.68,614.34,599.71,614.34,2575620,GOOG
2015-09-03,617.0,619.71,602.8213,606.25,1759572,GOOG
2015-09-04,600.0,603.47,595.25,600.7,2089453,GOOG
2015-09-08,612.49,616.31,604.12,614.66,2279538,GOOG
2015-09-09,621.22,626.52,609.6,612.72,1702094,GOOG
2015-09-10,613.1,624.16,611.43,621.35,1905276,GOOG
2015-09-11,619.75,625.78,617.42,625.77,1373545,GOOG
2015-09-14,625.7,625.86,619.43,623.24,1702271,GOOG
2015-09-15,626.7,638.7,623.78,635.14,2084397,GOOG
2015-09-16,635.47,637.95,632.32,635.98,1286454,GOOG
2015-09-17,637.79,650.9,635.02,642.9,2274690,GOOG
2015-09-18,636.79,640.0,627.02,629.25,5133386,GOOG
2015-09-21,634.4,636.49,625.94,635.44,1788506,GOOG
2015-09-22,627.0,627.55,615.43,622.69,2562869,GOOG
2015-09-23,622.05,628.93,620.0,622.36,1470949,GOOG
2015-09-24,616.64,627.32,612.4,625.8,2240098,GOOG
2015-09-25,629.77,629.77,611.0,611.97,2174009,GOOG
2015-09-28,610.34,614.605,589.38,594.89,3127667,GOOG
2015-09-29,597.28,605.0,590.22,594.97,2310284,GOOG
2015-09-30,603.28,608.76,600.73,608.42,2413441,GOOG
2015-10-01,608.37,612.09,599.85,611.29,1867601,GOOG
2015-10-02,607.2,627.34,603.13,626.91,2684805,GOOG
2015-10-05,632.0,643.01,627.0,641.47,1803643,GOOG
2015-10-06,638.84,649.25,636.5295,645.44,2236847,GOOG
2015-10-07,649.24,650.609,632.15,642.36,2092714,GOOG
2015-10-08,641.36,644.45,625.56,639.16,2182081,GOOG
2015-10-09,640.0,645.99,635.318,643.61,1648736,GOOG
2015-10-12,642.09,648.5,639.01,646.67,1276134,GOOG
2015-10-13,643.15,657.8125,643.15,652.3,1807685,GOOG
2015-10-14,653.21,659.39,648.85,651.16,1415468,GOOG
2015-10-15,654.66,663.13,654.46,661.74,1885737,GOOG
2015-10-16,664.11,664.97,657.2,662.2,1611128,GOOG
2015-10-19,661.18,666.82,659.58,666.1,1477340,GOOG
2015-10-20,664.04,664.7197,644.195,650.28,2498215,GOOG
2015-10-21,654.15,655.87,641.73,642.61,1794172,GOOG
2015-10-22,646.7,657.8,644.01,651.79,4070954,GOOG
2015-10-23,727.5,730.0,701.5,702.0,6653923,GOOG
2015-10-26,701.55,719.15,701.26,712.78,2716615,GOOG
2015-10-27,707.38,713.62,704.55,708.49,2245796,GOOG
2015-10-28,707.33,712.98,703.08,712.95,2178917,GOOG
2015-10-29,710.5,718.26,710.01,716.92,1455965,GOOG
2015-10-30,715.73,718.0,710.05,710.81,1908774,GOOG
2015-11-02,711.06,721.62,705.85,721.11,1886250,GOOG
2015-11-03,718.86,724.65,714.72,722.16,1565379,GOOG
2015-11-04,722.0,733.1,721.9,728.11,1706700,GOOG
2015-11-05,729.47,739.48,729.47,731.25,1861550,GOOG
2015-11-06,731.5,735.41,727.01,733.76,1511599,GOOG
2015-11-09,730.2,734.71,719.43,724.89,2069807,GOOG
2015-11-10,724.4,730.59,718.5001,728.32,1607994,GOOG
2015-11-11,732.46,741.0,730.23,735.4,1366995,GOOG
2015-11-12,731.0,737.8,728.645,731.23,1837154,GOOG
2015-11-13,729.17,731.15,716.73,717.0,2075504,GOOG
2015-11-16,715.6,729.49,711.33,728.96,1905893,GOOG
2015-11-17,729.29,731.845,723.027,725.3,1510903,GOOG
2015-11-18,727.58,741.41,727.0,740.0,1684259,GOOG
2015-11-19,738.74,742.0,737.43,738.41,1327879,GOOG
2015-11-20,746.53,757.92,743.0,756.6,2213284,GOOG
2015-11-23,757.45,762.7075,751.82,755.98,1415385,GOOG
2015-11-24,752.0,755.279,737.63,748.28,2334197,GOOG
2015-11-25,748.14,752.0,746.06,748.15,1122224,GOOG
2015-11-27,748.46,753.41,747.49,750.26,838528,GOOG
2015-11-30,748.81,754.93,741.27,742.6,2097624,GOOG
2015-12-01,747.11,768.95,746.7,767.04,2134621,GOOG
2015-12-02,768.9,775.955,758.96,762.38,2230373,GOOG
2015-12-03,766.01,768.995,745.63,752.54,2590641,GOOG
2015-12-04,753.1,768.49,750.0,766.81,2757283,GOOG
2015-12-07,767.77,768.73,755.09,763.25,1812314,GOOG
2015-12-08,757.89,764.8,754.2,762.37,1829475,GOOG
2015-12-09,759.17,764.23,737.001,751.61,2699990,GOOG
2015-12-10,752.85,755.85,743.83,749.46,1988380,GOOG
2015-12-11,741.16,745.71,736.75,738.87,2224410,GOOG
2015-12-14,741.79,748.73,724.17,747.77,2421236,GOOG
2015-12-15,753.0,758.08,743.01,743.4,2666229,GOOG
2015-12-16,750.0,760.59,739.435,758.09,1993251,GOOG
2015-12-17,762.42,762.68,749.0,749.43,1553418,GOOG
2015-12-18,746.51,754.13,738.15,739.31,3148743,GOOG
2015-12-21,746.13,750.0,740.0,747.77,1525703,GOOG
2015-12-22,751.65,754.85,745.53,750.0,1365520,GOOG
2015-12-23,753.47,754.21,744.0,750.31,1566726,GOOG
2015-12-24,749.55,751.35,746.62,748.4,527223,GOOG
2015-12-28,752.92,762.99,749.52,762.51,1515716,GOOG
2015-12-29,766.69,779.98,766.43,776.6,1765012,GOOG
2015-12-30,776.6,777.6,766.9,771.0,1293521,GOOG
2015-12-31,769.5,769.5,758.34,758.88,1500923,GOOG
2016-01-04,743.0,744.06,731.2577,741.84,3272776,GOOG
2016-01-05,746.45,752.0,738.64,742.58,1950691,GOOG
2016-01-06,730.0,747.18,728.92,743.62,1947034,GOOG
2016-01-07,730.31,738.5,719.06,726.39,2963741,GOOG
2016-01-08,731.45,733.23,713.0,714.47,2450857,GOOG
2016-01-11,716.61,718.855,703.54,716.03,2090621,GOOG
2016-01-12,721.68,728.75,717.3165,726.07,2024509,GOOG
2016-01-13,730.85,734.74,698.61,700.56,2501730,GOOG
2016-01-14,705.38,721.925,689.1,714.72,2225768,GOOG
2016-01-15,692.29,706.74,685.37,694.45,3608109,GOOG
2016-01-19,703.3,709.98,693.4101,701.79,2268078,GOOG
2016-01-20,688.61,706.85,673.26,698.45,3444962,GOOG
2016-01-21,702.18,719.19,694.46,706.59,2412211,GOOG
2016-01-22,723.6,728.13,720.121,725.25,2011797,GOOG
2016-01-25,723.58,729.68,710.01,711.67,1711716,GOOG
2016-01-26,713.85,718.28,706.48,713.04,1331691,GOOG
2016-01-27,713.67,718.235,694.39,699.99,2194227,GOOG
2016-01-28,722.22,733.69,712.35,730.96,2676397,GOOG
2016-01-29,731.53,744.9899,726.8,742.95,3474319,GOOG
2016-02-01,750.46,757.86,743.27,752.0,5139157,GOOG
2016-02-02,784.5,789.8699,764.65,764.65,6348126,GOOG
2016-02-03,770.22,774.5,720.5,726.95,6171019,GOOG
2016-02-04,722.81,727.0,701.86,708.01,5168709,GOOG
2016-02-05,703.87,703.99,680.15,683.57,5105725,GOOG
2016-02-08,667.85,684.03,663.06,682.74,4247355,GOOG
2016-02-09,672.32,699.9,668.77,678.11,3608914,GOOG
2016-02-10,686.86,701.31,682.13,684.12,2638007,GOOG
2016-02-11,675.0,689.35,668.8675,683.11,3024043,GOOG
2016-02-12,690.26,693.75,678.6,682.4,2141373,GOOG
2016-02-16,692.98,698.0,685.05,691.0,2520021,GOOG
2016-02-17,699.0,709.75,691.38,708.4,2492634,GOOG
2016-02-18,710.0,712.35,696.03,697.35,1883248,GOOG
2016-02-19,695.03,703.0805,694.05,700.91,1589281,GOOG
2016-02-22,707.45,713.24,702.51,706.46,1949816,GOOG
2016-02-23,701.45,708.4,693.58,695.85,2009280,GOOG
2016-02-24,688.92,700.0,680.78,699.56,1963573,GOOG
2016-02-25,700.01,705.98,690.585,705.75,1642166,GOOG
2016-02-26,708.58,713.43,700.86,705.07,2243522,GOOG
2016-02-29,700.32,710.89,697.68,697.77,2481145,GOOG
2016-03-01,703.62,718.81,699.77,718.81,2151419,GOOG
2016-03-02,719.0,720.0,712.0,718.85,1629003,GOOG
2016-03-03,718.68,719.45,706.02,712.42,1957974,GOOG
2016-03-04,714.99,716.49,706.02,710.89,1972077,GOOG
2016-03-07,706.9,708.0912,686.9,695.16,2988026,GOOG
2016-03-08,688.59,703.79,685.34,693.97,2076331,GOOG
2016-03-09,698.47,705.68,694.0,705.24,1421515,GOOG
2016-03-10,708.12,716.44,703.36,712.82,2833525,GOOG
2016-03-11,720.0,726.92,717.125,726.82,1970815,GOOG
2016-03-14,726.81,735.5,725.15,730.49,1718252,GOOG
2016-03-15,726.92,732.29,724.77,728.33,1720965,GOOG
2016-03-16,726.37,737.47,724.51,736.09,1624370,GOOG
2016-03-17,736.45,743.07,736.0,737.78,1860834,GOOG
2016-03-18,741.86,742.0,731.83,737.6,2980709,GOOG
2016-03-21,736.5,742.5,733.5157,742.09,1836503,GOOG
2016-03-22,737.46,745.0,737.46,740.75,1269749,GOOG
2016-03-23,742.36,745.7199,736.15,738.06,1432099,GOOG
2016-03-24,732.01,737.747,731.0,735.3,1594891,GOOG
2016-03-28,736.79,738.99,732.5,733.53,1301327,GOOG
2016-03-29,734.59,747.25,728.76,744.77,1903758,GOOG
2016-03-30,750.1,757.88,748.74,750.53,1782427,GOOG
2016-03-31,749.25,750.85,740.94,744.95,1718798,GOOG
2016-04-01,738.6,750.34,737.0,749.91,1576745,GOOG
2016-04-04,750.06,752.8,742.43,745.29,1134390,GOOG
2016-04-05,738.0,742.8,735.37,737.8,1132294,GOOG
2016-04-06,735.77,746.24,735.56,745.69,1053713,GOOG
2016-04-07,745.37,746.9999,736.28,740.28,1453185,GOOG
2016-04-08,743.97,745.45,735.55,739.15,1290787,GOOG
2016-04-11,743.02,745.0,736.05,736.1,1220088,GOOG
2016-04-12,738.0,743.83,731.01,743.09,1352992,GOOG
2016-04-13,749.16,754.38,744.261,751.72,1707641,GOOG
2016-04-14,754.01,757.31,752.705,753.2,1135271,GOOG
2016-04-15,753.98,761.0,752.6938,759.0,1809332,GOOG
2016-04-18,760.46,768.05,757.3,766.61,1558848,GOOG
2016-04-19,769.51,769.9,749.33,753.93,2030526,GOOG
2016-04-20,758.0,758.1315,750.01,752.67,1529217,GOOG
2016-04-21,755.38,760.45,749.55,759.14,3060490,GOOG
2016-04-22,726.3,736.12,713.61,718.77,5951938,GOOG
2016-04-25,716.1,723.93,715.59,723.15,1959179,GOOG
2016-04-26,725.42,725.766,703.0264,708.14,2744587,GOOG
2016-04-27,707.29,708.98,692.3651,705.84,3098587,GOOG
2016-04-28,708.26,714.17,689.55,691.02,2867255,GOOG
2016-04-29,690.7,697.62,689.0,693.01,2487673,GOOG
2016-05-02,697.63,700.64,691.0,698.21,1645265,GOOG
2016-05-03,696.87,697.84,692.0,692.36,1543785,GOOG
2016-05-04,690.49,699.75,689.01,695.7,1693525,GOOG
2016-05-05,697.7,702.3199,695.72,701.43,1683507,GOOG
2016-05-06,698.38,711.86,698.1067,711.12,1829291,GOOG
2016-05-09,712.0,718.71,710.0,712.9,1510289,GOOG
2016-05-10,716.75,723.5,715.72,723.18,1569591,GOOG
2016-05-11,723.41,724.48,712.8,715.29,1692063,GOOG
2016-05-12,717.06,719.25,709.0,713.31,1361332,GOOG
2016-05-13,711.93,716.6619,709.26,710.83,1314499,GOOG
2016-05-16,709.13,718.48,705.65,716.49,1317069,GOOG
2016-05-17,715.99,721.52,704.11,706.23,2001225,GOOG
2016-05-18,703.67,711.6,700.63,706.63,1766836,GOOG
2016-05-19,702.36,706.0,696.8,700.32,1670234,GOOG
2016-05-20,701.62,714.58,700.52,709.74,1828387,GOOG
2016-05-23,706.53,711.4781,704.18,704.24,1330692,GOOG
2016-05-24,706.86,720.97,706.86,720.09,1929467,GOOG
2016-05-25,720.76,727.51,719.7047,725.27,1632564,GOOG
2016-05-26,722.87,728.33,720.28,724.12,1576286,GOOG
2016-05-27,724.01,733.936,724.0,732.66,1974962,GOOG
2016-05-31,731.74,739.73,731.26,735.72,2129545,GOOG
2016-06-01,734.53,737.21,730.66,734.15,1253593,GOOG
2016-06-02,732.5,733.02,724.17,730.4,1341807,GOOG
2016-06-03,729.27,729.49,720.56,722.34,1226253,GOOG
2016-06-06,724.91,724.91,714.61,716.55,1566059,GOOG
2016-06-07,719.84,721.98,716.55,716.65,1336754,GOOG
2016-06-08,723.96,728.57,720.58,728.28,1583701,GOOG
2016-06-09,722.87,729.54,722.3361,728.58,988914,GOOG
2016-06-10,719.47,725.89,716.43,719.41,1216443,GOOG
2016-06-13,716.51,725.44,716.51,718.36,1258930,GOOG
2016-06-14,716.48,722.47,713.12,718.27,1306065,GOOG
2016-06-15,719.0,722.98,717.31,718.92,1214517,GOOG
2016-06-16,714.91,716.65,703.26,710.36,1982471,GOOG
2016-06-17,708.65,708.82,688.4515,691.72,3402357,GOOG
2016-06-20,698.77,702.48,693.41,693.71,2082538,GOOG
2016-06-21,698.4,702.77,692.01,695.94,1465634,GOOG
2016-06-22,699.06,700.86,693.0819,697.46,1184318,GOOG
2016-06-23,697.45,701.95,687.0,701.87,2171415,GOOG
2016-06-24,675.17,689.4,673.45,675.22,4449022,GOOG
2016-06-27,671.0,672.3,663.284,668.26,2641085,GOOG
2016-06-28,678.97,680.33,673.0,680.04,2173762,GOOG
2016-06-29,683.0,687.4292,681.41,684.11,1932561,GOOG
2016-06-30,685.47,692.32,683.65,692.1,1597714,GOOG
2016-07-01,692.2,700.65,692.1301,699.21,1344710,GOOG
2016-07-05,696.06,696.94,688.88,694.49,1462616,GOOG
2016-07-06,689.98,701.68,689.09,697.77,1411925,GOOG
2016-07-07,698.08,698.2,688.215,695.36,1304200,GOOG
2016-07-08,699.5,705.71,696.435,705.63,1575166,GOOG
2016-07-11,708.05,716.51,707.24,715.09,1111762,GOOG
2016-07-12,719.12,722.94,715.91,720.64,1336921,GOOG
2016-07-13,723.62,724.0,716.85,716.98,935876,GOOG
2016-07-14,721.58,722.21,718.03,720.95,950193,GOOG
2016-07-15,725.73,725.74,719.055,719.85,1279339,GOOG
2016-07-18,722.71,736.13,721.19,733.78,1295476,GOOG
2016-07-19,729.89,736.99,729.0,736.96,1227486,GOOG
2016-07-20,737.33,742.13,737.1,741.19,1289671,GOOG
2016-07-21,740.36,741.69,735.831,738.63,1026306,GOOG
2016-07-22,741.86,743.24,736.56,742.74,1259823,GOOG
2016-07-25,740.67,742.61,737.5,739.77,1032432,GOOG
2016-07-26,739.04,741.69,734.27,738.42,1186738,GOOG
2016-07-27,738.28,744.46,737.0,741.77,1512517,GOOG
2016-07-28,747.04,748.65,739.3,745.91,3530169,GOOG
2016-07-29,772.71,778.55,766.77,768.79,3841482,GOOG
2016-08-01,761.09,780.43,761.09,772.88,2700470,GOOG
2016-08-02,768.69,775.84,767.85,771.07,1784525,GOOG
2016-08-03,767.18,773.21,766.82,773.18,1287421,GOOG
2016-08-04,772.22,774.07,768.795,771.61,1140254,GOOG
2016-08-05,773.78,783.04,772.34,782.22,1801205,GOOG
2016-08-08,782.0,782.63,778.091,781.76,1107857,GOOG
2016-08-09,781.1,788.94,780.57,784.26,1318894,GOOG
2016-08-10,783.75,786.8123,782.778,784.68,786363,GOOG
2016-08-11,785.0,789.75,782.97,784.85,975113,GOOG
2016-08-12,781.5,783.395,780.4,783.22,740498,GOOG
2016-08-15,783.75,787.49,780.11,782.44,938186,GOOG
2016-08-16,780.3,780.98,773.444,777.14,1028047,GOOG
2016-08-17,777.32,780.81,773.53,779.91,924226,GOOG
2016-08-18,780.01,782.86,777.0,777.5,719429,GOOG
2016-08-19,775.0,777.1,773.13,775.42,861546,GOOG
2016-08-22,773.27,774.54,770.0502,772.15,951362,GOOG
2016-08-23,775.48,776.44,771.785,772.08,928232,GOOG
2016-08-24,770.58,774.5,767.07,769.64,1071999,GOOG
2016-08-25,767.0,771.89,763.1846,769.41,926883,GOOG
2016-08-26,769.0,776.0799,765.85,769.54,1166681,GOOG
2016-08-29,768.74,774.99,766.615,772.15,847565,GOOG
2016-08-30,769.33,774.466,766.84,769.09,1130029,GOOG
2016-08-31,767.01,769.09,765.38,767.05,1248556,GOOG
2016-09-01,769.25,771.02,764.3,768.78,925131,GOOG
2016-09-02,773.01,773.9199,768.41,771.46,1072658,GOOG
2016-09-06,773.45,782.0,771.0,780.08,1442822,GOOG
2016-09-07,780.0,782.73,776.2,780.35,894021,GOOG
2016-09-08,778.59,780.35,773.58,775.32,1270264,GOOG
2016-09-09,770.1,773.245,759.66,759.66,1885496,GOOG
2016-09-12,755.13,770.29,754.0001,769.02,1310986,GOOG
2016-09-13,764.48,766.2195,755.8,759.69,1395046,GOOG
2016-09-14,759.61,767.68,759.11,762.49,1094490,GOOG
2016-09-15,762.89,773.8,759.96,771.76,1346751,GOOG
2016-09-16,769.75,769.75,764.66,768.88,2049338,GOOG
2016-09-19,772.42,774.0,764.4406,765.7,1172824,GOOG
2016-09-20,769.0,773.33,768.53,771.41,978631,GOOG
2016-09-21,772.66,777.16,768.301,776.22,1167810,GOOG
2016-09-22,780.0,789.85,778.44,787.21,1486223,GOOG
2016-09-23,786.59,788.93,784.15,786.9,1411937,GOOG
2016-09-26,782.74,782.74,773.07,774.21,1533206,GOOG
2016-09-27,775.5,785.9899,774.308,783.01,1153247,GOOG
2016-09-28,777.85,781.81,774.97,781.56,1109834,GOOG
2016-09-29,781.44,785.8,774.232,775.01,1314746,GOOG
2016-09-30,776.33,780.94,774.09,777.29,1585333,GOOG
2016-10-03,774.25,776.065,769.5,772.56,1278821,GOOG
2016-10-04,776.03,778.71,772.89,776.43,1201350,GOOG
2016-10-05,779.31,782.07,775.65,776.47,1461151,GOOG
2016-10-06,779.0,780.48,775.54,776.86,1070692,GOOG
2016-10-07,779.66,779.66,770.75,775.08,933158,GOOG
2016-10-10,777.71,789.38,775.87,785.94,1174923,GOOG
2016-10-11,786.66,792.28,780.58,783.07,1372461,GOOG
2016-10-12,783.76,788.13,782.06,786.14,937435,GOOG
2016-10-13,781.22,781.22,773.0,778.19,1365277,GOOG
2016-10-14,781.65,783.95,776.0,778.53,852487,GOOG
2016-10-17,779.8,785.85,777.5,779.96,1092973,GOOG
2016-10-18,787.85,801.61,785.565,795.26,2056903,GOOG
2016-10-19,798.86,804.63,797.635,801.56,1766798,GOOG
2016-10-20,803.3,803.97,796.03,796.97,1757528,GOOG
2016-10-21,795.0,799.5,794.0,799.37,1266181,GOOG
2016-10-24,804.9,815.18,804.82,813.11,1697514,GOOG
2016-10-25,816.68,816.68,805.14,807.67,1576404,GOOG
2016-10-26,806.34,806.98,796.32,799.07,1647733,GOOG
2016-10-27,801.0,803.49,791.5,795.35,2749221,GOOG
2016-10-28,808.35,815.49,793.59,795.37,4269902,GOOG
2016-10-31,795.47,796.86,784.0,784.54,2427284,GOOG
2016-11-01,782.89,789.49,775.54,783.61,2406356,GOOG
2016-11-02,778.2,781.65,763.4496,768.7,1918414,GOOG
2016-11-03,767.25,769.95,759.03,762.13,1943175,GOOG
2016-11-04,750.66,770.36,750.5611,762.02,2134812,GOOG
2016-11-07,774.5,785.19,772.55,782.52,1585070,GOOG
2016-11-08,783.4,795.633,780.19,790.51,1366873,GOOG
2016-11-09,779.94,791.2265,771.67,785.31,2607121,GOOG
2016-11-10,791.17,791.17,752.18,762.56,4745183,GOOG
2016-11-11,756.54,760.78,750.38,754.02,2431815,GOOG
2016-11-14,755.6,757.85,727.54,736.08,3654385,GOOG
2016-11-15,746.97,764.4162,746.97,758.49,2384001,GOOG
2016-11-16,755.2,766.36,750.51,764.48,1472594,GOOG
2016-11-17,766.92,772.7,764.23,771.23,1304048,GOOG
2016-11-18,771.37,775.0,760.0,760.54,1547145,GOOG
2016-11-21,762.61,769.7,760.6,769.2,1330639,GOOG
2016-11-22,772.63,776.96,767.0,768.27,1593108,GOOG
2016-11-23,767.73,768.2825,755.25,760.99,1478417,GOOG
2016-11-25,764.26,765.0,760.52,761.68,587421,GOOG
2016-11-28,760.0,779.53,759.8,768.24,2188151,GOOG
2016-11-29,771.53,778.5,768.24,770.84,1616618,GOOG
2016-11-30,770.07,772.99,754.83,758.04,2392890,GOOG
2016-12-01,757.44,759.85,737.0245,747.92,3017947,GOOG
2016-12-02,744.59,754.0,743.1,750.5,1452484,GOOG
2016-12-05,757.71,763.9,752.9,762.52,1394223,GOOG
2016-12-06,764.73,768.83,757.34,759.11,1690689,GOOG
2016-12-07,761.0,771.36,755.8,771.19,1760966,GOOG
2016-12-08,772.48,778.18,767.23,776.42,1488059,GOOG
2016-12-09,780.0,789.43,779.021,789.29,1821914,GOOG
2016-12-12,785.04,791.25,784.3554,789.27,2104117,GOOG
2016-12-13,793.9,804.3799,793.34,796.1,2145209,GOOG
2016-12-14,797.4,804.0,794.01,797.07,1704150,GOOG
2016-12-15,797.34,803.0,792.92,797.85,1626499,GOOG
2016-12-16,800.4,800.8558,790.29,790.8,2443796,GOOG
2016-12-19,790.22,797.66,786.27,794.2,1232087,GOOG
2016-12-20,796.76,798.65,793.27,796.42,951014,GOOG
2016-12-21,795.84,796.6757,787.1,794.56,1211346,GOOG
2016-12-22,792.36,793.32,788.58,791.26,972169,GOOG
2016-12-23,790.9,792.74,787.28,789.91,623944,GOOG
2016-12-27,790.68,797.86,787.657,791.55,789321,GOOG
2016-12-28,793.7,794.23,783.2,785.05,1153824,GOOG
2016-12-29,783.33,785.93,778.92,782.79,744272,GOOG
2016-12-30,782.75,782.78,770.41,771.82,1769950,GOOG
2017-01-03,778.81,789.63,775.8,786.14,1657268,GOOG
2017-01-04,788.36,791.34,783.16,786.9,1072958,GOOG
2017-01-05,786.08,794.48,785.02,794.02,1335167,GOOG
2017-01-06,795.26,807.9,792.2041,806.15,1640170,GOOG
2017-01-09,806.4,809.9664,802.83,806.65,1274645,GOOG
2017-01-10,807.86,809.1299,803.51,804.79,1176780,GOOG
2017-01-11,805.0,808.15,801.37,807.91,1065936,GOOG
2017-01-12,807.14,807.39,799.17,806.36,1353057,GOOG
2017-01-13,807.48,811.2244,806.69,807.88,1099215,GOOG
2017-01-17,807.08,807.14,800.37,804.61,1362115,GOOG
2017-01-18,805.81,806.205,800.99,806.07,1294407,GOOG
2017-01-19,805.12,809.48,801.8,802.175,919325,GOOG
2017-01-20,806.91,806.91,801.69,805.02,1670045,GOOG
2017-01-23,807.25,820.87,803.74,819.31,1963628,GOOG
2017-01-24,822.3,825.9,817.821,823.87,1474010,GOOG
2017-01-25,829.62,835.77,825.06,835.67,1627304,GOOG
2017-01-26,837.81,838.0,827.01,832.15,2973891,GOOG
2017-01-27,834.71,841.95,820.44,823.31,2965771,GOOG
2017-01-30,814.66,815.84,799.8,802.32,3246573,GOOG
2017-01-31,796.86,801.25,790.52,796.79,2160556,GOOG
2017-02-01,799.68,801.19,791.19,795.695,2029744,GOOG
2017-02-02,793.8,802.7,792.0,798.53,1532138,GOOG
2017-02-03,802.99,806.0,800.37,801.49,1463448,GOOG
2017-02-06,799.7,801.67,795.2501,801.34,1184483,GOOG
2017-02-07,803.99,810.5,801.78,806.97,1241221,GOOG
2017-02-08,807.0,811.84,803.1903,808.38,1155990,GOOG
2017-02-09,809.51,810.66,804.54,809.56,990391,GOOG
2017-02-10,811.7,815.25,809.78,813.67,1134976,GOOG
2017-02-13,816.0,820.959,815.49,819.24,1213324,GOOG
2017-02-14,819.0,823.0,816.0,820.45,1054732,GOOG
2017-02-15,819.36,823.0,818.47,818.98,1313617,GOOG
2017-02-16,819.93,824.4,818.98,824.16,1287626,GOOG
2017-02-17,823.02,828.07,821.655,828.07,1611039,GOOG
2017-02-21,828.66,833.45,828.35,831.66,1262337,GOOG
2017-02-22,828.66,833.25,828.64,830.76,987248,GOOG
2017-02-23,830.12,832.46,822.88,831.33,1472771,GOOG
2017-02-24,827.73,829.0,824.2,828.64,1392202,GOOG
2017-02-27,824.55,830.5,824.0,829.28,1101466,GOOG
2017-02-28,825.61,828.54,820.2,823.21,2260769,GOOG
2017-03-01,828.85,836.255,827.26,835.24,1496540,GOOG
2017-03-02,833.85,834.51,829.64,830.63,942476,GOOG
2017-03-03,830.56,831.36,825.751,829.08,896378,GOOG
2017-03-06,826.95,828.88,822.4,827.78,1109037,GOOG
2017-03-07,827.4,833.41,826.52,831.91,1037630,GOOG
2017-03-08,833.51,838.15,831.79,835.37,989773,GOOG
2017-03-09,836.0,842.0,834.21,838.68,1261517,GOOG
2017-03-10,843.28,844.91,839.5,843.25,1704024,GOOG
2017-03-13,844.0,848.685,843.25,845.54,1223647,GOOG
2017-03-14,843.64,847.24,840.8,845.62,780198,GOOG
2017-03-15,847.59,848.63,840.77,847.2,1381474,GOOG
2017-03-16,849.03,850.85,846.13,848.78,977560,GOOG
2017-03-17,851.61,853.4,847.11,852.12,1716471,GOOG
2017-03-20,850.01,850.22,845.15,848.4,1231521,GOOG
2017-03-21,851.4,853.5,829.02,830.46,2463484,GOOG
2017-03-22,831.91,835.55,827.1801,829.59,1401465,GOOG
2017-03-23,821.0,822.57,812.257,817.58,3487056,GOOG
2017-03-24,820.08,821.93,808.89,814.43,1981006,GOOG
2017-03-27,806.95,821.63,803.37,819.51,1894990,GOOG
2017-03-28,820.41,825.99,814.027,820.92,1620542,GOOG
2017-03-29,825.0,832.765,822.3801,831.41,1786321,GOOG
2017-03-30,833.5,833.68,829.0,831.5,1055339,GOOG
2017-03-31,828.97,831.64,827.39,829.56,1401893,GOOG
2017-04-03,829.22,840.85,829.22,838.55,1671503,GOOG
2017-04-04,831.36,835.18,829.0363,834.57,1045363,GOOG
2017-04-05,835.51,842.45,830.72,831.41,1555328,GOOG
2017-04-06,832.4,836.39,826.46,827.88,1254433,GOOG
2017-04-07,827.96,828.485,820.5127,824.67,1056692,GOOG
2017-04-10,825.39,829.35,823.77,824.73,978905,GOOG
2017-04-11,824.71,827.4267,817.0201,823.35,1079732,GOOG
2017-04-12,821.93,826.66,821.02,824.32,900480,GOOG
2017-04-13,822.14,826.38,821.44,823.56,1122362,GOOG
2017-04-17,825.01,837.75,824.47,837.17,895015,GOOG
2017-04-18,834.22,838.93,832.71,836.82,836722,GOOG
2017-04-19,839.79,842.22,836.29,838.21,954330,GOOG
2017-04-20,841.44,845.2,839.32,841.65,959031,GOOG
2017-04-21,842.88,843.88,840.6,843.19,1323583,GOOG
2017-04-24,851.2,863.45,849.86,862.76,1372541,GOOG
2017-04-25,865.0,875.0,862.81,872.3,1671972,GOOG
2017-04-26,874.23,876.05,867.7481,871.73,1237167,GOOG
2017-04-27,873.6,875.4,870.38,874.25,2026816,GOOG
2017-04-28,910.66,916.85,905.77,905.96,3276255,GOOG
2017-05-01,901.94,915.68,901.45,912.57,2115993,GOOG
2017-05-02,909.62,920.77,909.4526,916.44,1587219,GOOG
2017-05-03,914.86,928.1,912.5426,927.04,1499532,GOOG
2017-05-04,926.07,935.93,924.59,931.66,1422144,GOOG
2017-05-05,933.54,934.9,925.2,927.13,1911275,GOOG
2017-05-08,926.12,936.925,925.26,934.3,1329825,GOOG
2017-05-09,936.95,937.5,929.53,932.17,1581809,GOOG
2017-05-10,931.98,932.0,925.16,928.78,1173925,GOOG
2017-05-11,925.32,932.53,923.0301,930.6,835386,GOOG
2017-05-12,931.53,933.44,927.85,932.22,1050601,GOOG
2017-05-15,932.95,938.25,929.34,937.08,1108496,GOOG
2017-05-16,940.0,943.11,937.58,943.0,969479,GOOG
2017-05-17,935.67,939.3325,918.14,919.62,2362072,GOOG
2017-05-18,921.0,933.17,918.75,930.24,1596897,GOOG
2017-05-19,931.47,937.755,931.0,934.01,1393024,GOOG
2017-05-22,935.0,941.8828,935.0,941.86,1120385,GOOG
2017-05-23,947.92,951.4666,942.575,948.82,1270817,GOOG
2017-05-24,952.98,955.09,949.5,954.96,1034199,GOOG
2017-05-25,957.33,972.629,955.47,969.54,1660474,GOOG
2017-05-26,969.7,974.98,965.03,971.47,1252010,GOOG
2017-05-30,970.31,976.2,969.49,975.88,1466654,GOOG
2017-05-31,975.02,979.27,960.18,964.86,2448067,GOOG
2017-06-01,968.95,971.5,960.01,966.95,1410458,GOOG
2017-06-02,969.46,975.88,966.0,975.6,1750955,GOOG
2017-06-05,976.55,986.91,975.1,983.68,1252106,GOOG
2017-06-06,983.16,988.25,975.14,976.57,1814624,GOOG
2017-06-07,979.65,984.15,975.77,981.08,1453874,GOOG
2017-06-08,982.35,984.57,977.2,983.41,1481916,GOOG
2017-06-09,984.5,984.5,935.63,949.83,3309389,GOOG
2017-06-12,939.56,949.355,915.2328,942.9,3763529,GOOG
2017-06-13,951.91,959.98,944.09,953.4,2013337,GOOG
2017-06-14,959.92,961.15,942.25,950.76,1489715,GOOG
2017-06-15,933.97,943.339,924.44,942.31,2133050,GOOG
2017-06-16,940.0,942.04,931.595,939.78,3094711,GOOG
2017-06-19,949.96,959.99,949.05,957.37,1533336,GOOG
2017-06-20,957.52,961.62,950.01,950.63,1125990,GOOG
2017-06-21,953.64,960.1,950.76,959.45,1202233,GOOG
2017-06-22,958.7,960.72,954.55,957.09,941958,GOOG
2017-06-23,956.83,966.0,954.2,965.59,1527856,GOOG
2017-06-26,969.9,973.31,950.79,952.27,1598355,GOOG
2017-06-27,942.46,948.29,926.85,927.33,2579930,GOOG
2017-06-28,929.0,942.75,916.0,940.49,2721406,GOOG
2017-06-29,929.92,931.26,910.62,917.79,3299176,GOOG
2017-06-30,926.05,926.05,908.31,908.73,2090226,GOOG
2017-07-03,912.18,913.94,894.79,898.7,1710373,GOOG
2017-07-05,901.76,914.51,898.5,911.71,1813884,GOOG
2017-07-06,904.12,914.9444,899.7,906.69,1424503,GOOG
2017-07-07,908.85,921.54,908.85,918.59,1637785,GOOG
2017-07-10,921.77,930.38,919.59,928.8,1192825,GOOG
2017-07-11,929.54,931.43,922.0,930.09,1113235,GOOG
2017-07-12,938.68,946.3,934.47,943.83,1532144,GOOG
2017-07-13,946.29,954.45,943.01,947.16,1294687,GOOG
2017-07-14,952.0,956.91,948.005,955.99,1053774,GOOG
2017-07-17,957.0,960.74,949.2407,953.42,1165537,GOOG
2017-07-18,953.0,968.04,950.6,965.4,1153964,GOOG
2017-07-19,967.84,973.04,964.03,970.89,1224540,GOOG
2017-07-20,975.0,975.9,961.51,968.15,1624463,GOOG
2017-07-21,962.25,973.23,960.15,972.92,1711000,GOOG
2017-07-24,972.22,986.2,970.77,980.34,3248347,GOOG
2017-07-25,953.81,959.7,945.4,950.7,4660979,GOOG
2017-07-26,954.68,955.0,942.2788,947.8,2088256,GOOG
2017-07-27,951.78,951.78,920.0,934.09,3212996,GOOG
2017-07-28,929.4,943.83,927.5,941.53,1846351,GOOG
2017-07-31,941.89,943.59,926.04,930.5,1970095,GOOG
2017-08-01,932.38,937.447,929.26,930.83,1277734,GOOG
2017-08-02,928.61,932.6,916.68,930.39,1824448,GOOG
2017-08-03,930.34,932.24,922.24,923.65,1202512,GOOG
2017-08-04,926.75,930.3068,923.03,927.96,1082267,GOOG
2017-08-07,929.06,931.7,926.5,929.36,1032239,GOOG
2017-08-08,927.09,935.814,925.6095,926.79,1061579,GOOG
2017-08-09,920.61,925.98,917.2501,922.9,1192081,GOOG
2017-08-10,917.55,919.26,906.13,907.24,1823967,GOOG
2017-08-11,907.97,917.78,905.58,914.39,1206782,GOOG
2017-08-14,922.53,924.668,918.19,922.67,1064530,GOOG
2017-08-15,924.23,926.5499,919.82,922.22,883369,GOOG
2017-08-16,925.29,932.7,923.445,926.96,1006711,GOOG
2017-08-17,925.78,926.86,910.98,910.98,1277238,GOOG
2017-08-18,910.31,915.275,907.1543,910.67,1342689,GOOG
2017-08-21,910.0,913.0,903.4,906.66,943441,GOOG
2017-08-22,912.72,925.86,911.4751,924.69,1166737,GOOG
2017-08-23,921.93,929.93,919.36,927.0,1090248,GOOG
2017-08-24,928.66,930.84,915.5,921.28,1270306,GOOG
2017-08-25,923.49,925.555,915.5,915.89,1053376,GOOG
2017-08-28,916.0,919.245,911.87,913.81,1086484,GOOG
2017-08-29,905.1,923.33,905.0,921.29,1185564,GOOG
2017-08-30,920.05,930.819,919.65,929.57,1301225,GOOG
2017-08-31,931.76,941.98,931.76,939.33,1582579,GOOG
2017-09-01,941.13,942.48,935.15,937.34,947374,GOOG
2017-09-05,933.08,937.0,921.96,928.45,1348292,GOOG
2017-09-06,930.15,930.915,919.27,927.81,1527650,GOOG
2017-09-07,931.73,936.41,923.62,935.95,1212743,GOOG
2017-09-08,936.49,936.99,924.88,926.5,1011538,GOOG
2017-09-11,934.25,938.38,926.92,929.08,1266991,GOOG
2017-09-12,932.59,933.48,923.861,932.07,1134397,GOOG
2017-09-13,930.66,937.25,929.86,935.09,1102631,GOOG
2017-09-14,931.25,932.77,924.0,925.11,1397644,GOOG
2017-09-15,924.66,926.49,916.36,920.29,2505430,GOOG
2017-09-18,920.01,922.08,910.6,915.0,1306922,GOOG
2017-09-19,917.42,922.4199,912.55,921.81,936654,GOOG
2017-09-20,922.98,933.88,922.0,931.58,1669763,GOOG
2017-09-21,933.0,936.53,923.83,932.45,1290607,GOOG
2017-09-22,927.75,934.73,926.48,928.53,1052704,GOOG
2017-09-25,925.45,926.4,909.7,920.97,1856822,GOOG
2017-09-26,923.72,930.82,921.14,924.86,1666861,GOOG
2017-09-27,927.74,949.9,927.74,944.49,2239441,GOOG
2017-09-28,941.36,950.69,940.55,949.5,1020312,GOOG
2017-09-29,952.0,959.7864,951.51,959.11,1580994,GOOG
2017-10-02,959.98,962.54,947.84,953.27,1283444,GOOG
2017-10-03,954.0,958.0,949.14,957.79,888346,GOOG
2017-10-04,957.0,960.39,950.69,951.68,952391,GOOG
2017-10-05,955.49,970.91,955.18,969.96,1213816,GOOG
2017-10-06,966.7,979.46,963.36,978.89,1173882,GOOG
2017-10-09,980.0,985.425,976.11,977.0,891355,GOOG
2017-10-10,980.0,981.57,966.0801,972.6,968362,GOOG
2017-10-11,973.72,990.71,972.25,989.25,1693274,GOOG
2017-10-12,987.45,994.12,985.0,987.83,1262793,GOOG
2017-10-13,992.0,997.21,989.0,989.68,1169777,GOOG
2017-10-16,992.1,993.9065,984.0,992.0,910543,GOOG
2017-10-17,990.29,996.44,988.59,992.18,1290186,GOOG
2017-10-18,991.77,996.72,986.9747,992.81,1057581,GOOG
2017-10-19,986.0,988.88,978.39,984.45,1313575,GOOG
2017-10-20,989.44,991.0,984.58,988.2,1183186,GOOG
2017-10-23,989.52,989.52,966.12,968.45,1478448,GOOG
2017-10-24,970.0,972.23,961.0,970.54,1212153,GOOG
2017-10-25,968.37,976.09,960.5201,973.33,1211262,GOOG
2017-10-26,980.0,987.6,972.2,972.56,2042149,GOOG
2017-10-27,1009.19,1048.39,1008.2,1019.27,5167689,GOOG
2017-10-30,1014.0,1024.97,1007.5,1017.11,2085062,GOOG
2017-10-31,1015.22,1024.0,1010.42,1016.64,1331391,GOOG
2017-11-01,1017.21,1029.67,1016.95,1025.5,1373444,GOOG
2017-11-02,1021.76,1028.09,1013.01,1025.58,1048970,GOOG
2017-11-03,1022.11,1032.65,1020.31,1032.48,1076350,GOOG
2017-11-06,1028.99,1034.87,1025.0,1025.9,1125185,GOOG
2017-11-07,1027.27,1033.97,1025.13,1033.33,1112331,GOOG
2017-11-08,1030.52,1043.52,1028.45,1039.85,1088716,GOOG
2017-11-09,1033.99,1033.99,1019.67,1031.26,1242465,GOOG
2017-11-10,1026.46,1030.76,1025.28,1028.07,720676,GOOG
2017-11-13,1023.42,1031.58,1022.57,1025.75,885779,GOOG
2017-11-14,1022.59,1026.81,1014.15,1026.0,959222,GOOG
2017-11-15,1019.21,1024.09,1015.42,1020.91,853992,GOOG
2017-11-16,1022.52,1035.92,1022.52,1032.5,1129688,GOOG
2017-11-17,1034.01,1034.42,1017.75,1019.09,1397064,GOOG
2017-11-20,1020.26,1022.61,1017.5,1018.38,953470,GOOG
2017-11-21,1023.31,1035.11,1022.65,1034.49,1096999,GOOG
2017-11-22,1035.0,1039.71,1031.43,1035.96,746878,GOOG
2017-11-24,1035.87,1043.18,1035.0,1040.61,536996,GOOG
2017-11-27,1040.0,1055.46,1038.44,1054.21,1307881,GOOG
2017-11-28,1055.09,1062.38,1040.0,1047.41,1424394,GOOG
2017-11-29,1042.68,1044.08,1015.65,1021.66,2459426,GOOG
2017-11-30,1022.37,1028.49,1015.0,1021.41,1724031,GOOG
2017-12-01,1015.8,1022.49,1002.02,1010.17,1909566,GOOG
2017-12-04,1012.66,1016.1,995.57,998.68,1906439,GOOG
2017-12-05,995.94,1020.61,988.28,1005.15,2067318,GOOG
2017-12-06,1001.5,1024.97,1001.14,1018.38,1271964,GOOG
2017-12-07,1020.43,1034.24,1018.07,1030.93,1458242,GOOG
2017-12-08,1037.49,1042.05,1032.52,1037.05,1290774,GOOG
2017-12-11,1035.5,1043.8,1032.05,1041.1,1192838,GOOG
2017-12-12,1039.63,1050.31,1033.69,1040.48,1279659,GOOG
2017-12-13,1046.12,1046.66,1038.38,1040.61,1282677,GOOG
2017-12-14,1045.0,1058.5,1043.11,1049.15,1558835,GOOG
2017-12-15,1054.61,1067.62,1049.5,1064.19,3275931,GOOG
2017-12-18,1066.08,1078.49,1062.0,1077.14,1554552,GOOG
2017-12-19,1075.2,1076.84,1063.55,1070.68,1338725,GOOG
2017-12-20,1071.78,1073.38,1061.52,1064.95,1268582,GOOG
2017-12-21,1064.95,1069.33,1061.79,1063.63,995703,GOOG
2017-12-22,1061.11,1064.2,1059.44,1060.12,755095,GOOG
2017-12-26,1058.07,1060.12,1050.2,1056.74,761237,GOOG
2017-12-27,1057.39,1058.37,1048.05,1049.37,1271911,GOOG
2017-12-28,1051.6,1054.75,1044.77,1048.14,837121,GOOG
2017-12-29,1046.72,1049.7,1044.9,1046.4,887511,GOOG
2018-01-02,1048.34,1066.94,1045.23,1065.0,1237564,GOOG
2018-01-03,1064.31,1086.29,1063.21,1082.48,1430170,GOOG
2018-01-04,1088.0,1093.57,1084.0,1086.4,1004605,GOOG
2018-01-05,1094.0,1104.25,1092.0,1102.23,1279123,GOOG
2018-01-08,1102.23,1111.27,1101.62,1106.94,1047603,GOOG
2018-01-09,1109.4,1110.57,1101.23,1106.26,902541,GOOG
2018-01-10,1097.1,1104.6,1096.11,1102.61,1042793,GOOG
2018-01-11,1106.3,1106.53,1099.59,1105.52,978292,GOOG
2018-01-12,1102.41,1124.29,1101.15,1122.26,1720533,GOOG
2018-01-16,1132.51,1139.91,1117.83,1121.76,1575261,GOOG
2018-01-17,1126.22,1132.6,1117.01,1131.98,1202639,GOOG
2018-01-18,1131.41,1132.51,1117.5,1129.79,1198234,GOOG
2018-01-19,1131.83,1137.86,1128.3,1137.51,1778229,GOOG
2018-01-22,1137.49,1159.88,1135.11,1155.81,1617975,GOOG
2018-01-23,1159.85,1171.63,1158.75,1169.97,1333056,GOOG
2018-01-24,1177.33,1179.86,1161.05,1164.24,1416625,GOOG
2018-01-25,1172.53,1175.94,1162.76,1170.37,1480540,GOOG
2018-01-26,1175.08,1175.84,1158.11,1175.84,2018755,GOOG
2018-01-29,1176.48,1186.89,1171.98,1175.58,1378913,GOOG
2018-01-30,1167.83,1176.52,1163.52,1163.69,1556346,GOOG
2018-01-31,1170.57,1173.0,1159.13,1169.94,1538688,GOOG
2018-02-01,1162.61,1174.0,1157.52,1167.7,2412114,GOOG
2018-02-02,1122.0,1123.07,1107.28,1111.9,4857943,GOOG
2018-02-05,1090.6,1110.0,1052.03,1055.8,3798301,GOOG
2018-02-06,1027.18,1081.71,1023.14,1080.6,3447956,GOOG
2018-02-07,1081.54,1081.78,1048.26,1048.58,2369232,GOOG
2013-02-08,27.35,27.71,27.31,27.55,33318306,MSFT
2013-02-11,27.65,27.92,27.5,27.86,32247549,MSFT
2013-02-12,27.88,28.0,27.75,27.88,35990829,MSFT
2013-02-13,27.93,28.11,27.88,28.03,41715530,MSFT
2013-02-14,27.92,28.06,27.87,28.04,32663174,MSFT
2013-02-15,28.04,28.16,27.875,28.01,49650538,MSFT
2013-02-19,27.8801,28.09,27.8,28.045,38804616,MSFT
2013-02-20,28.13,28.2,27.83,27.87,44109412,MSFT
2013-02-21,27.74,27.74,27.23,27.49,49078338,MSFT
2013-02-22,27.68,27.76,27.48,27.76,31425726,MSFT
2013-02-25,27.97,28.05,27.37,27.37,48011248,MSFT
2013-02-26,27.38,27.6,27.34,27.37,49917353,MSFT
2013-02-27,27.42,28.0,27.33,27.81,36390889,MSFT
2013-02-28,27.88,27.97,27.74,27.8,35836861,MSFT
2013-03-01,27.72,27.98,27.52,27.95,34849287,MSFT
2013-03-04,27.85,28.15,27.7,28.15,38163549,MSFT
2013-03-05,28.29,28.54,28.16,28.35,41431097,MSFT
2013-03-06,28.21,28.23,27.78,28.09,51448452,MSFT
2013-03-07,28.11,28.28,28.005,28.14,29196691,MSFT
2013-03-08,28.25,28.33,27.96,28.0,37667133,MSFT
2013-03-11,27.94,27.97,27.67,27.87,36627200,MSFT
2013-03-12,27.84,27.95,27.64,27.91,39252591,MSFT
2013-03-13,27.87,28.02,27.75,27.915,29093296,MSFT
2013-03-14,28.0,28.16,27.93,28.135,55910657,MSFT
2013-03-15,28.03,28.16,27.98,28.035,92709815,MSFT
2013-03-18,27.88,28.28,27.81,28.1,44825522,MSFT
2013-03-19,28.12,28.22,28.03,28.18,51901568,MSFT
2013-03-20,28.34,28.49,28.18,28.315,35447348,MSFT
2013-03-21,28.11,28.36,28.05,28.11,34233061,MSFT
2013-03-22,28.19,28.3379,28.1,28.25,28689434,MSFT
2013-03-25,28.3,28.35,27.96,28.16,44153931,MSFT
2013-03-26,28.24,28.34,28.11,28.155,27822154,MSFT
2013-03-27,28.14,28.445,28.08,28.37,36046203,MSFT
2013-03-28,28.32,28.66,28.26,28.605,55453713,MSFT
2013-04-01,28.64,28.66,28.36,28.61,29199115,MSFT
2013-04-02,28.59,28.85,28.52,28.8,28455715,MSFT
2013-04-03,28.75,28.95,28.54,28.56,35062269,MSFT
2013-04-04,28.39,28.61,28.27,28.595,45262208,MSFT
2013-04-05,28.22,28.78,28.11,28.7,50927261,MSFT
2013-04-08,28.73,28.73,28.47,28.59,34759424,MSFT
2013-04-09,28.73,29.815,28.68,29.61,77733607,MSFT
2013-04-10,29.57,30.32,29.52,30.28,71024236,MSFT
2013-04-11,29.1,29.2,28.73,28.935,130903838,MSFT
2013-04-12,28.85,29.02,28.66,28.79,62882640,MSFT
2013-04-15,28.65,28.98,28.51,28.69,56332862,MSFT
2013-04-16,28.9,29.14,28.695,28.97,52795256,MSFT
2013-04-17,28.85,29.04,28.6,28.825,52840621,MSFT
2013-04-18,28.95,28.98,28.5,28.79,56772087,MSFT
2013-04-19,29.62,30.24,29.61,29.765,99790116,MSFT
2013-04-22,30.3,31.18,30.27,30.83,137901279,MSFT
2013-04-23,30.7,30.9,30.38,30.6,59027213,MSFT
2013-04-24,30.62,31.92,30.6,31.76,90897055,MSFT
2013-04-25,31.71,32.84,31.54,31.94,110685794,MSFT
2013-04-26,31.9,31.98,31.45,31.79,47799284,MSFT
2013-04-29,31.8,32.68,31.77,32.61,59116288,MSFT
2013-04-30,32.56,33.11,32.28,33.1,75116271,MSFT
2013-05-01,32.93,33.08,32.6,32.72,54328805,MSFT
2013-05-02,32.63,33.17,32.39,33.16,46055944,MSFT
2013-05-03,33.23,33.52,33.08,33.49,46784484,MSFT
2013-05-06,33.42,33.91,33.25,33.75,40978078,MSFT
2013-05-07,33.65,33.79,33.24,33.31,42916453,MSFT
2013-05-08,33.0667,33.24,32.65,32.99,51643216,MSFT
2013-05-09,32.85,33.0,32.59,32.66,46399199,MSFT
2013-05-10,32.67,32.72,32.32,32.69,36394841,MSFT
2013-05-13,32.61,33.07,32.55,33.03,36027027,MSFT
2013-05-14,32.8601,33.53,32.8,33.53,56867771,MSFT
2013-05-15,33.45,33.9,33.43,33.845,46303779,MSFT
2013-05-16,33.64,34.15,33.55,34.08,59381496,MSFT
2013-05-17,34.1301,34.87,34.1,34.87,60666467,MSFT
2013-05-20,34.73,35.095,34.68,35.08,54020102,MSFT
2013-05-21,35.1,35.2725,34.72,34.85,48693429,MSFT
2013-05-22,34.79,34.84,34.36,34.61,66043135,MSFT
2013-05-23,34.23,34.55,33.9,34.15,51102326,MSFT
2013-05-24,33.92,34.28,33.9,34.269,33174304,MSFT
2013-05-28,34.42,35.18,34.41,35.02,48211220,MSFT
2013-05-29,34.74,35.02,34.57,34.88,38411673,MSFT
2013-05-30,34.85,35.25,34.813,35.03,51130805,MSFT
2013-05-31,34.82,35.28,34.79,34.9,56162496,MSFT
2013-06-03,34.92,35.63,34.83,35.59,51249396,MSFT
2013-06-04,35.62,35.74,34.771,34.99,65529399,MSFT
2013-06-05,34.6,34.89,34.43,34.78,46023857,MSFT
2013-06-06,34.84,35.11,34.49,34.96,37617747,MSFT
2013-06-07,35.25,35.78,35.06,35.67,40757245,MSFT
2013-06-10,35.51,35.65,35.14,35.47,35991809,MSFT
2013-06-11,35.05,35.18,34.68,34.84,39435445,MSFT
2013-06-12,35.14,35.27,34.85,35.0,37371982,MSFT
2013-06-13,34.99,35.02,34.59,34.715,45635878,MSFT
2013-06-14,34.55,34.6901,34.25,34.4,53191609,MSFT
2013-06-17,34.69,35.16,34.63,35.0,49670032,MSFT
2013-06-18,34.97,35.17,34.895,34.98,28614869,MSFT
2013-06-19,34.96,35.09,34.59,34.59,30816008,MSFT
2013-06-20,34.26,34.33,33.37,33.49,54493643,MSFT
2013-06-21,33.66,33.73,33.05,33.265,85337340,MSFT
2013-06-24,32.94,34.2,32.57,33.715,56108988,MSFT
2013-06-25,34.08,34.38,33.46,33.67,44051085,MSFT
2013-06-26,34.12,34.48,33.8875,34.35,48665592,MSFT
2013-06-27,34.52,34.78,34.5,34.62,28993042,MSFT
2013-06-28,34.38,34.79,34.34,34.545,65545445,MSFT
2013-07-01,34.75,34.99,34.33,34.36,31054868,MSFT
2013-07-02,34.41,34.4389,33.63,33.94,37629522,MSFT
2013-07-03,33.66,34.37,33.6,34.01,15994380,MSFT
2013-07-05,34.09,34.24,33.581,34.21,26085831,MSFT
2013-07-08,34.35,34.59,33.98,34.325,32396842,MSFT
2013-07-09,34.58,34.6,34.14,34.35,25318501,MSFT
2013-07-10,34.34,34.81,34.32,34.7,29863085,MSFT
2013-07-11,35.0,35.77,34.9,35.685,53618047,MSFT
2013-07-12,35.58,35.73,35.28,35.67,35501154,MSFT
2013-07-15,35.66,36.22,35.58,36.17,34142125,MSFT
2013-07-16,36.01,36.4299,35.96,36.27,36378481,MSFT
2013-07-17,36.34,36.39,35.49,35.74,37281516,MSFT
2013-07-18,35.72,35.89,35.22,35.44,49118611,MSFT
2013-07-19,32.4,32.67,31.02,31.4,248354245,MSFT
2013-07-22,31.7,32.01,31.6,32.01,79024753,MSFT
2013-07-23,31.91,32.04,31.71,31.82,65810331,MSFT
2013-07-24,32.035,32.19,31.89,31.96,52802180,MSFT
2013-07-25,31.62,31.65,31.25,31.39,63212927,MSFT
2013-07-26,31.26,31.62,31.205,31.62,38633539,MSFT
2013-07-29,31.47,31.6,31.4,31.54,28873969,MSFT
2013-07-30,31.78,32.12,31.55,31.85,45799476,MSFT
2013-07-31,31.97,32.05,31.71,31.84,43898435,MSFT
2013-08-01,32.06,32.09,31.6,31.67,42552467,MSFT
2013-08-02,31.69,31.9,31.565,31.89,29121484,MSFT
2013-08-05,31.9,32.0,31.64,31.7,30984542,MSFT
2013-08-06,31.55,31.67,31.38,31.58,36331541,MSFT
2013-08-07,31.54,32.1,31.25,32.063,38060978,MSFT
2013-08-08,32.24,33.07,32.05,32.89,59035735,MSFT
2013-08-09,32.77,32.9,32.47,32.7,26801087,MSFT
2013-08-12,32.46,32.97,32.46,32.87,25494043,MSFT
2013-08-13,32.51,32.55,32.21,32.23,39464299,MSFT
2013-08-14,32.14,33.36,31.7,32.35,48520460,MSFT
2013-08-15,32.0,32.18,30.84,31.79,33337991,MSFT
2013-08-16,31.79,31.99,31.66,31.8,32864665,MSFT
2013-08-19,31.76,31.97,31.38,31.393,27902716,MSFT
2013-08-20,31.44,31.9,31.37,31.62,22979513,MSFT
2013-08-21,31.61,32.01,31.54,31.61,37398935,MSFT
2013-08-22,32.185,32.49,32.1,32.39,31123321,MSFT
2013-08-23,35.17,35.2,34.0,34.75,225442537,MSFT
2013-08-26,34.4,34.67,34.03,34.15,72553311,MSFT
2013-08-27,33.515,34.1,33.15,33.26,58519145,MSFT
2013-08-28,33.39,33.6,33.0,33.02,44258420,MSFT
2013-08-29,32.93,33.6,32.8,33.55,45271567,MSFT
2013-08-30,33.37,33.48,33.09,33.4,42774005,MSFT
2013-09-03,31.75,32.07,31.29,31.88,154489546,MSFT
2013-09-04,31.39,31.47,31.11,31.195,142273577,MSFT
2013-09-05,31.1,31.44,30.95,31.235,71623991,MSFT
2013-09-06,31.31,31.39,31.13,31.152,75436430,MSFT
2013-09-09,31.2208,31.79,31.2,31.655,49610584,MSFT
2013-09-10,31.9,32.4,31.79,32.39,56881864,MSFT
2013-09-11,32.57,32.93,32.53,32.74,39069730,MSFT
2013-09-12,32.72,32.78,32.59,32.69,32861951,MSFT
2013-09-13,32.77,33.07,32.505,33.03,40899039,MSFT
2013-09-16,33.38,33.5,32.73,32.801,55010116,MSFT
2013-09-17,33.42,33.47,32.9,32.93,84683924,MSFT
2013-09-18,32.99,33.4,32.83,33.32,64100189,MSFT
2013-09-19,33.48,33.68,33.32,33.64,42015792,MSFT
2013-09-20,33.41,33.48,32.685,32.791,102862119,MSFT
2013-09-23,32.5401,32.969,32.5,32.74,39826261,MSFT
2013-09-24,32.87,32.87,32.15,32.455,40245140,MSFT
2013-09-25,32.49,32.8,32.4,32.505,28830930,MSFT
2013-09-26,32.64,33.0,32.59,32.77,28483079,MSFT
2013-09-27,32.88,33.75,32.87,33.27,55330514,MSFT
2013-09-30,33.0,33.31,32.7,33.28,39838108,MSFT
2013-10-01,33.35,33.61,33.3,33.58,36691926,MSFT
2013-10-02,33.36,34.03,33.29,33.92,46931866,MSFT
2013-10-03,33.88,34.0,33.42,33.86,38704461,MSFT
2013-10-04,33.69,33.99,33.62,33.88,32988495,MSFT
2013-10-07,33.6,33.71,33.2,33.3,35067124,MSFT
2013-10-08,33.31,33.33,32.8,33.01,41095160,MSFT
2013-10-09,33.07,33.3499,32.96,33.07,35843167,MSFT
2013-10-10,33.31,33.89,33.26,33.76,42875141,MSFT
2013-10-11,33.68,34.14,33.68,34.13,30033336,MSFT
2013-10-14,33.9,34.5,33.78,34.45,27757870,MSFT
2013-10-15,34.67,34.99,34.47,34.49,47107657,MSFT
2013-10-16,34.6,34.895,34.56,34.64,35111593,MSFT
2013-10-17,34.45,34.99,34.37,34.92,31359198,MSFT
2013-10-18,34.82,34.99,34.33,34.96,41811699,MSFT
2013-10-21,34.98,35.2,34.91,34.99,27436505,MSFT
2013-10-22,35.02,35.1,34.52,34.58,40438546,MSFT
2013-10-23,34.35,34.49,33.674,33.76,58600499,MSFT
2013-10-24,33.82,34.1,33.57,33.72,53209728,MSFT
2013-10-25,35.88,36.29,35.47,35.73,113493954,MSFT
2013-10-28,35.61,35.73,35.27,35.57,38383594,MSFT
2013-10-29,35.6301,35.72,35.26,35.52,31702613,MSFT
2013-10-30,35.53,35.79,35.43,35.54,37002061,MSFT
2013-10-31,35.66,35.69,35.34,35.405,41689563,MSFT
2013-11-01,35.67,35.69,35.39,35.525,40271887,MSFT
2013-11-04,35.59,35.98,35.55,35.94,28061873,MSFT
2013-11-05,35.7899,36.71,35.77,36.64,51681868,MSFT
2013-11-06,37.24,38.22,37.06,38.18,88948830,MSFT
2013-11-07,37.96,38.01,37.43,37.5,60445258,MSFT
2013-11-08,37.67,37.78,37.34,37.78,36743157,MSFT
2013-11-11,37.69,37.775,37.355,37.59,26872537,MSFT
2013-11-12,37.38,37.595,37.2,37.36,31651589,MSFT
2013-11-13,36.98,38.16,36.9,38.155,44957611,MSFT
2013-11-14,37.87,38.13,37.72,38.021,46186577,MSFT
2013-11-15,37.95,38.02,37.72,37.841,50602034,MSFT
2013-11-18,37.35,37.58,37.07,37.2,53277485,MSFT
2013-11-19,36.85,37.23,36.67,36.74,44274987,MSFT
2013-11-20,36.87,37.41,36.86,37.08,32231827,MSFT
2013-11-21,37.27,37.53,37.26,37.4,23064699,MSFT
2013-11-22,37.525,37.68,37.33,37.57,27981996,MSFT
2013-11-25,37.93,37.95,37.57,37.64,30648148,MSFT
2013-11-26,37.57,37.65,37.35,37.35,34468069,MSFT
2013-11-27,37.57,37.76,37.49,37.6,26002050,MSFT
2013-11-29,37.82,38.29,37.82,38.13,22090428,MSFT
2013-12-02,38.09,38.78,38.06,38.45,42950373,MSFT
2013-12-03,38.14,38.49,38.08,38.31,52109760,MSFT
2013-12-04,38.21,38.98,38.12,38.94,51983578,MSFT
2013-12-05,38.85,38.875,37.18,38.0,116313834,MSFT
2013-12-06,38.42,38.55,37.99,38.36,36457292,MSFT
2013-12-09,38.56,38.87,38.37,38.705,30286015,MSFT
2013-12-10,38.61,38.9,38.02,38.11,37828593,MSFT
2013-12-11,38.06,38.3,37.39,37.61,39853379,MSFT
2013-12-12,37.64,37.64,37.18,37.22,36012761,MSFT
2013-12-13,37.42,37.45,36.62,36.69,40074360,MSFT
2013-12-16,36.73,37.0,36.54,36.885,31734515,MSFT
2013-12-17,36.94,37.11,36.3344,36.52,45687679,MSFT
2013-12-18,36.3601,36.6,35.53,36.58,63192067,MSFT
2013-12-19,36.51,36.55,36.08,36.25,34157264,MSFT
2013-12-20,36.2,36.93,36.185,36.8,62650324,MSFT
2013-12-23,36.81,36.89,36.55,36.62,25128740,MSFT
2013-12-24,36.72,37.17,36.64,37.08,14242997,MSFT
2013-12-26,37.2,37.49,37.17,37.44,17614984,MSFT
2013-12-27,37.58,37.62,37.17,37.29,14563533,MSFT
2013-12-30,37.22,37.38,36.9006,37.29,16290475,MSFT
2013-12-31,37.4,37.58,37.217,37.41,17505770,MSFT
2014-01-02,37.35,37.4,37.1,37.16,30643745,MSFT
2014-01-03,37.2,37.22,36.6,36.91,31134795,MSFT
2014-01-06,36.85,36.89,36.11,36.13,43615035,MSFT
2014-01-07,36.325,36.49,36.21,36.41,35924726,MSFT
2014-01-08,36.0,36.14,35.58,35.76,59979542,MSFT
2014-01-09,35.88,35.91,35.4,35.53,36520448,MSFT
2014-01-10,35.9,36.15,35.75,36.04,40558766,MSFT
2014-01-13,35.99,36.02,34.83,34.98,45923872,MSFT
2014-01-14,34.73,35.88,34.63,35.78,41627325,MSFT
2014-01-15,35.9,36.79,35.85,36.76,44909545,MSFT
2014-01-16,36.69,37.0,36.31,36.89,38035708,MSFT
2014-01-17,36.83,36.83,36.15,36.38,46298736,MSFT
2014-01-21,36.82,36.82,36.06,36.17,31578979,MSFT
2014-01-22,36.26,36.32,35.75,35.93,21965266,MSFT
2014-01-23,36.09,36.13,35.52,36.055,44515126,MSFT
2014-01-24,37.45,37.55,36.53,36.805,77051806,MSFT
2014-01-27,36.87,36.89,35.98,36.03,44485767,MSFT
2014-01-28,36.12,36.39,35.75,36.27,36225755,MSFT
2014-01-29,35.98,36.88,35.9,36.66,52790351,MSFT
2014-01-30,36.79,36.88,36.23,36.86,35111959,MSFT
2014-01-31,36.95,37.89,36.56,37.84,93190755,MSFT
2014-02-03,37.74,37.985,36.43,36.48,64102391,MSFT
2014-02-04,36.97,37.189,36.25,36.35,55526924,MSFT
2014-02-05,36.29,36.47,35.8,35.82,55841097,MSFT
2014-02-06,35.8,36.25,35.69,36.18,35380994,MSFT
2014-02-07,36.32,36.59,36.01,36.56,33348008,MSFT
2014-02-10,36.63,36.8,36.29,36.8,26782083,MSFT
2014-02-11,36.88,37.26,36.86,37.175,32164989,MSFT
2014-02-12,37.35,37.6,37.3,37.47,27055869,MSFT
2014-02-13,37.33,37.86,37.33,37.61,37647772,MSFT
2014-02-14,37.39,37.78,37.33,37.62,42986738,MSFT
2014-02-18,37.63,37.78,37.41,37.42,32839707,MSFT
2014-02-19,37.22,37.75,37.21,37.51,29794084,MSFT
2014-02-20,37.57,37.87,37.395,37.75,27541038,MSFT
2014-02-21,37.94,38.35,37.86,37.98,38030656,MSFT
2014-02-24,37.69,37.975,37.54,37.69,32143395,MSFT
2014-02-25,37.61,37.85,37.35,37.54,30867657,MSFT
2014-02-26,37.5801,37.74,37.19,37.47,41042629,MSFT
2014-02-27,37.45,37.89,37.23,37.86,33919024,MSFT
2014-02-28,37.98,38.46,37.82,38.31,41217028,MSFT
2014-03-03,37.92,38.13,37.495,37.78,29716052,MSFT
2014-03-04,38.2,38.48,38.07,38.41,26868337,MSFT
2014-03-05,38.25,38.2699,37.93,38.11,20520432,MSFT
2014-03-06,38.14,38.24,37.89,38.15,23605310,MSFT
2014-03-07,38.28,38.36,37.69,37.9,26596635,MSFT
2014-03-10,37.99,38.01,37.72,37.82,19007850,MSFT
2014-03-11,37.87,38.23,37.72,38.02,25218133,MSFT
2014-03-12,37.8,38.43,37.79,38.27,30496295,MSFT
2014-03-13,38.42,38.45,37.6414,37.89,32169650,MSFT
2014-03-14,37.651,38.135,37.5058,37.7,27195638,MSFT
2014-03-17,37.9,38.41,37.79,38.05,20479610,MSFT
2014-03-18,38.26,39.9,38.22,39.55,64063866,MSFT
2014-03-19,39.47,39.55,38.91,39.27,35597241,MSFT
2014-03-20,39.25,40.649,39.24,40.33,59269801,MSFT
2014-03-21,40.72,40.94,40.01,40.16,80731942,MSFT
2014-03-24,40.34,40.64,39.86,40.5,46098374,MSFT
2014-03-25,40.66,40.99,39.9599,40.34,43193147,MSFT
2014-03-26,40.48,40.705,39.6,39.79,41982966,MSFT
2014-03-27,39.74,39.97,39.34,39.36,35369170,MSFT
2014-03-28,39.79,40.635,39.68,40.3,43472747,MSFT
2014-03-31,40.43,41.5,40.4,40.99,46886284,MSFT
2014-04-01,41.15,41.59,41.07,41.42,32610395,MSFT
2014-04-02,41.44,41.66,41.17,41.35,28607267,MSFT
2014-04-03,41.29,41.29,40.71,41.01,30139567,MSFT
2014-04-04,41.25,41.39,39.64,39.87,51409573,MSFT
2014-04-07,39.96,40.27,39.74,39.8,37559615,MSFT
2014-04-08,39.75,39.93,39.2,39.82,35919609,MSFT
2014-04-09,39.93,40.55,39.88,40.47,27398687,MSFT
2014-04-10,40.44,40.69,39.09,39.36,45960848,MSFT
2014-04-11,39.0,39.79,39.0,39.209,34333298,MSFT
2014-04-14,39.11,39.41,38.9,39.18,32006651,MSFT
2014-04-15,39.34,39.96,39.05,39.75,33978673,MSFT
2014-04-16,40.06,40.415,39.905,40.4,30616304,MSFT
2014-04-17,40.01,40.195,39.51,40.01,36689399,MSFT
2014-04-21,40.13,40.15,39.79,39.94,22222222,MSFT
2014-04-22,39.96,40.14,39.83,39.99,27057271,MSFT
2014-04-23,39.99,39.99,39.47,39.69,24602781,MSFT
2014-04-24,39.74,39.97,39.3,39.86,42381594,MSFT
2014-04-25,40.29,40.68,39.75,39.91,56883812,MSFT
2014-04-28,40.14,41.29,40.09,40.87,50610208,MSFT
2014-04-29,41.1,41.19,40.39,40.51,29637370,MSFT
2014-04-30,40.4,40.5,40.1699,40.4,35464148,MSFT
2014-05-01,40.2401,40.36,39.95,40.0,28791455,MSFT
2014-05-02,40.31,40.34,39.66,39.69,43417914,MSFT
2014-05-05,39.52,39.6399,39.3,39.43,22460928,MSFT
2014-05-06,39.29,39.35,38.95,39.06,27112373,MSFT
2014-05-07,39.22,39.51,38.51,39.425,41749497,MSFT
2014-05-08,39.34,39.9,38.97,39.64,32123032,MSFT
2014-05-09,39.54,39.85,39.37,39.54,29647646,MSFT
2014-05-12,39.74,40.02,39.65,39.97,22787185,MSFT
2014-05-13,39.92,40.5,39.85,40.42,27004768,MSFT
2014-05-14,40.3,40.45,40.05,40.24,18818711,MSFT
2014-05-15,40.09,40.4,39.51,39.6,37793243,MSFT
2014-05-16,39.67,39.84,39.27,39.83,29868272,MSFT
2014-05-19,39.61,39.82,39.46,39.75,24537438,MSFT
2014-05-20,39.68,39.94,39.46,39.68,21322341,MSFT
2014-05-21,39.8,40.35,39.7399,40.35,22399392,MSFT
2014-05-22,40.29,40.35,39.85,40.1,20202485,MSFT
2014-05-23,40.37,40.37,40.0,40.12,18020866,MSFT
2014-05-27,40.26,40.26,39.81,40.19,26161164,MSFT
2014-05-28,40.14,40.19,39.82,40.01,25711565,MSFT
2014-05-29,40.15,40.35,39.91,40.34,19893872,MSFT
2014-05-30,40.45,40.97,40.25,40.94,34575579,MSFT
2014-06-02,40.95,41.09,40.68,40.79,18504300,MSFT
2014-06-03,40.6,40.68,40.25,40.29,18071096,MSFT
2014-06-04,40.21,40.37,39.86,40.32,23210341,MSFT
2014-06-05,40.59,41.25,40.4,41.21,31865213,MSFT
2014-06-06,41.48,41.66,41.24,41.48,24060542,MSFT
2014-06-09,41.39,41.48,41.02,41.27,15019425,MSFT
2014-06-10,41.03,41.16,40.86,41.11,15117689,MSFT
2014-06-11,40.93,41.07,40.765,40.86,18039990,MSFT
2014-06-12,40.81,40.88,40.29,40.58,29823030,MSFT
2014-06-13,41.1,41.565,40.86,41.23,26310697,MSFT
2014-06-16,41.04,41.61,41.04,41.5,24205297,MSFT
2014-06-17,41.29,41.91,40.335,41.68,22518630,MSFT
2014-06-18,41.605,41.74,41.18,41.65,27097228,MSFT
2014-06-19,41.57,41.77,41.3301,41.51,19837767,MSFT
2014-06-20,41.445,41.83,41.38,41.68,47765407,MSFT
2014-06-23,41.73,42.0,41.69,41.99,18743905,MSFT
2014-06-24,41.83,41.94,41.56,41.745,26518274,MSFT
2014-06-25,41.7,42.05,41.46,42.03,20051576,MSFT
2014-06-26,41.93,41.94,41.43,41.72,23604409,MSFT
2014-06-27,41.61,42.29,41.51,42.25,74641945,MSFT
2014-06-30,42.17,42.21,41.7,41.7,30805472,MSFT
2014-07-01,41.86,42.15,41.69,41.87,26922597,MSFT
2014-07-02,41.73,41.9,41.53,41.9,20208526,MSFT
2014-07-03,41.91,41.99,41.56,41.8,15969310,MSFT
2014-07-07,41.75,42.12,41.71,41.99,21953619,MSFT
2014-07-08,41.87,42.0,41.61,41.78,31218208,MSFT
2014-07-09,41.98,41.99,41.53,41.67,18445910,MSFT
2014-07-10,41.37,42.0,41.05,41.685,21856832,MSFT
2014-07-11,41.7,42.09,41.48,42.09,24087374,MSFT
2014-07-14,42.22,42.45,42.04,42.14,21882943,MSFT
2014-07-15,42.33,42.47,42.03,42.45,28758961,MSFT
2014-07-16,42.51,44.31,42.48,44.08,63322372,MSFT
2014-07-17,45.45,45.71,44.25,44.53,82180263,MSFT
2014-07-18,44.65,44.84,44.25,44.69,43407490,MSFT
2014-07-21,44.56,45.16,44.22,44.835,37604378,MSFT
2014-07-22,45.0,45.15,44.59,44.83,43095820,MSFT
2014-07-23,45.45,45.45,44.62,44.87,52363948,MSFT
2014-07-24,44.93,45.0,44.32,44.4,30725348,MSFT
2014-07-25,44.3,44.66,44.3,44.5,26737724,MSFT
2014-07-28,44.36,44.51,43.93,43.97,29687677,MSFT
2014-07-29,43.91,44.09,43.64,43.885,27764099,MSFT
2014-07-30,44.07,44.1,43.29,43.5785,31925735,MSFT
2014-07-31,43.38,43.69,43.08,43.16,31540882,MSFT
2014-08-01,43.21,43.25,42.6,42.86,31171094,MSFT
2014-08-04,42.97,43.47,42.81,43.37,34277387,MSFT
2014-08-05,43.31,43.46,42.83,43.08,26267500,MSFT
2014-08-06,42.74,43.17,42.21,42.74,24633966,MSFT
2014-08-07,42.84,43.45,42.65,43.23,30315183,MSFT
2014-08-08,43.23,43.315,42.91,43.2,28943024,MSFT
2014-08-11,43.26,43.45,43.02,43.2,20351600,MSFT
2014-08-12,43.04,43.59,43.0,43.52,21433589,MSFT
2014-08-13,43.68,44.18,43.52,44.08,22851136,MSFT
2014-08-14,44.08,44.417,44.01,44.27,19313194,MSFT
2014-08-15,44.58,44.895,44.4,44.79,41611308,MSFT
2014-08-18,44.94,45.11,44.68,45.11,26895359,MSFT
2014-08-19,44.97,45.34,44.83,45.33,28139494,MSFT
2014-08-20,45.34,45.4,44.9,44.95,24770487,MSFT
2014-08-21,44.84,45.25,44.83,45.22,22285502,MSFT
2014-08-22,45.35,45.47,45.07,45.15,18294741,MSFT
2014-08-25,45.4,45.44,45.04,45.17,16909999,MSFT
2014-08-26,45.31,45.395,44.94,45.005,14877669,MSFT
2014-08-27,44.9,45.0,44.76,44.87,21287931,MSFT
2014-08-28,44.75,44.98,44.61,44.88,17657643,MSFT
2014-08-29,45.09,45.44,44.855,45.43,21608625,MSFT
2014-09-02,45.43,45.46,44.85,45.09,22976775,MSFT
2014-09-03,44.53,45.11,44.53,44.96,33689341,MSFT
2014-09-04,44.74,45.27,44.72,45.26,26478082,MSFT
2014-09-05,45.11,45.93,45.11,45.91,36939360,MSFT
2014-09-08,46.02,46.8,45.99,46.47,45736730,MSFT
2014-09-09,46.47,46.97,46.42,46.76,40302386,MSFT
2014-09-10,46.8201,46.94,46.28,46.84,27304409,MSFT
2014-09-11,46.74,47.0,46.47,47.0,29216560,MSFT
2014-09-12,46.91,47.02,46.6,46.695,38247122,MSFT
2014-09-15,46.54,46.71,46.1,46.24,37667644,MSFT
2014-09-16,46.39,46.85,46.29,46.76,27910571,MSFT
2014-09-17,46.26,46.69,46.23,46.52,38311924,MSFT
2014-09-18,46.59,46.83,46.46,46.68,35556632,MSFT
2014-09-19,46.81,47.57,46.6,47.52,202526536,MSFT
2014-09-22,47.3,47.38,46.98,47.06,38686091,MSFT
2014-09-23,46.85,46.98,46.47,46.56,33431078,MSFT
2014-09-24,46.63,47.11,46.34,47.08,26582713,MSFT
2014-09-25,46.88,47.09,46.03,46.04,33077385,MSFT
2014-09-26,45.93,46.62,45.76,46.41,27078764,MSFT
2014-09-29,45.98,46.56,45.76,46.44,26090980,MSFT
2014-09-30,46.37,46.4763,46.01,46.36,33033086,MSFT
2014-10-01,46.27,46.53,45.845,45.9,38088355,MSFT
2014-10-02,45.83,46.1,45.64,45.76,25119508,MSFT
2014-10-03,45.98,46.3,45.61,46.09,32453273,MSFT
2014-10-06,46.12,46.3,45.9199,46.09,20603960,MSFT
2014-10-07,45.86,45.93,45.42,45.53,25724544,MSFT
2014-10-08,45.48,46.89,45.34,46.78,33030972,MSFT
2014-10-09,46.5,46.8,45.74,45.85,34426595,MSFT
2014-10-10,45.6,46.12,43.95,44.03,51978146,MSFT
2014-10-13,43.82,44.56,43.49,43.65,37100207,MSFT
2014-10-14,43.87,44.38,43.56,43.73,38120558,MSFT
2014-10-15,43.0,43.39,42.1,43.22,60220961,MSFT
2014-10-16,42.53,43.08,42.22,42.74,49040989,MSFT
2014-10-17,43.2,43.935,42.79,43.63,40683346,MSFT
2014-10-20,43.06,44.14,42.81,44.08,34530887,MSFT
2014-10-21,44.36,44.975,44.19,44.88,36433824,MSFT
2014-10-22,45.0,45.07,44.225,44.38,33579817,MSFT
2014-10-23,44.62,45.445,44.53,45.02,45451869,MSFT
2014-10-24,46.83,46.9,45.18,46.13,61081039,MSFT
2014-10-27,45.71,46.1,45.71,45.91,30371308,MSFT
2014-10-28,45.86,46.5,45.77,46.49,29049750,MSFT
2014-10-29,46.44,46.7,46.34,46.62,30283622,MSFT
2014-10-30,46.32,46.32,45.77,46.05,30073873,MSFT
2014-10-31,46.94,46.97,46.48,46.95,35849656,MSFT
2014-11-03,46.89,47.46,46.73,47.44,23130397,MSFT
2014-11-04,47.301,47.73,47.25,47.57,21530813,MSFT
2014-11-05,47.8,47.9,47.26,47.86,22449594,MSFT
2014-11-06,47.86,48.86,47.79,48.7,33037841,MSFT
2014-11-07,48.92,48.92,48.2901,48.68,28000598,MSFT
2014-11-10,48.65,49.15,48.55,48.89,36370067,MSFT
2014-11-11,48.85,48.93,48.645,48.87,23445239,MSFT
2014-11-12,48.56,48.92,48.52,48.78,22722123,MSFT
2014-11-13,48.81,49.645,48.705,49.61,26210433,MSFT
2014-11-14,49.74,50.045,49.39,49.58,29081657,MSFT
2014-11-17,49.41,49.705,49.14,49.46,30318648,MSFT
2014-11-18,49.13,49.325,48.7,48.74,23996457,MSFT
2014-11-19,48.66,48.7549,47.93,48.22,26177450,MSFT
2014-11-20,48.0,48.7,47.87,48.7,21510587,MSFT
2014-11-21,49.02,49.05,47.57,47.98,42884795,MSFT
2014-11-24,47.99,48.0,47.39,47.59,35434245,MSFT
2014-11-25,47.66,47.97,47.45,47.47,28007993,MSFT
2014-11-26,47.49,47.99,47.28,47.75,27164877,MSFT
2014-11-28,47.95,48.195,47.61,47.81,21534426,MSFT
2014-12-01,47.88,48.78,47.71,48.62,31191575,MSFT
2014-12-02,48.84,49.05,48.2,48.46,25773478,MSFT
2014-12-03,48.44,48.5,47.805,48.08,23534752,MSFT
2014-12-04,48.39,49.06,48.2,48.84,30345132,MSFT
2014-12-05,48.82,48.97,48.38,48.42,27313449,MSFT
2014-12-08,48.26,48.35,47.445,47.695,26663107,MSFT
2014-12-09,47.11,47.92,47.05,47.59,24330506,MSFT
2014-12-10,47.58,47.66,46.7001,46.9,30431788,MSFT
2014-12-11,47.08,47.74,46.68,47.17,29061918,MSFT
2014-12-12,46.78,47.73,46.67,46.95,34248371,MSFT
2014-12-15,47.2,47.67,46.55,46.67,29247761,MSFT
2014-12-16,45.9,46.34,45.13,45.16,47801392,MSFT
2014-12-17,45.05,45.945,44.9,45.74,34970865,MSFT
2014-12-18,46.58,47.52,46.3386,47.52,40105550,MSFT
2014-12-19,47.63,48.1,47.17,47.66,64551182,MSFT
2014-12-22,47.78,48.12,47.71,47.98,26565984,MSFT
2014-12-23,48.37,48.8,48.13,48.45,23656529,MSFT
2014-12-24,48.64,48.64,48.08,48.14,11442790,MSFT
2014-12-26,48.41,48.41,47.82,47.88,13197817,MSFT
2014-12-29,47.7,47.78,47.26,47.45,14439518,MSFT
2014-12-30,47.44,47.62,46.84,47.02,16384692,MSFT
2014-12-31,46.73,47.44,46.45,46.45,21552450,MSFT
2015-01-02,46.66,47.42,46.54,46.76,27913852,MSFT
2015-01-05,46.37,46.73,46.25,46.325,39673865,MSFT
2015-01-06,46.38,46.749,45.54,45.65,36447854,MSFT
2015-01-07,45.98,46.46,45.49,46.23,29114061,MSFT
2015-01-08,46.75,47.7499,46.72,47.59,29645202,MSFT
2015-01-09,47.61,47.82,46.9,47.19,23944181,MSFT
2015-01-12,47.42,47.54,46.36,46.6,23651887,MSFT
2015-01-13,46.97,47.91,46.06,46.355,35270601,MSFT
2015-01-14,45.96,46.24,45.62,45.955,29719580,MSFT
2015-01-15,46.22,46.38,45.41,45.48,32750779,MSFT
2015-01-16,45.31,46.28,45.17,46.24,35695289,MSFT
2015-01-20,46.3,46.65,45.57,46.39,36161860,MSFT
2015-01-21,45.94,46.14,45.48,45.92,39081143,MSFT
2015-01-22,46.38,47.135,46.08,47.13,35898035,MSFT
2015-01-23,47.36,47.39,46.8,47.18,26211594,MSFT
2015-01-26,47.0,47.1339,46.2399,47.01,42525530,MSFT
2015-01-27,42.95,43.2,42.105,42.66,169163953,MSFT
2015-01-28,42.74,42.79,41.16,41.19,84507078,MSFT
2015-01-29,40.93,42.12,40.79,42.01,63585273,MSFT
2015-01-30,41.55,41.58,40.35,40.4,78004944,MSFT
2015-02-02,40.59,41.37,40.23,41.28,50352532,MSFT
2015-02-03,41.63,41.93,41.045,41.6,52082448,MSFT
2015-02-04,41.94,42.21,41.36,41.84,41614812,MSFT
2015-02-05,42.22,42.64,41.855,42.45,36548168,MSFT
2015-02-06,42.68,42.79,42.15,42.41,34616554,MSFT
2015-02-09,42.24,42.74,42.21,42.36,31381061,MSFT
2015-02-10,42.74,42.77,42.18,42.6,29670676,MSFT
2015-02-11,42.65,42.65,42.21,42.38,38262509,MSFT
2015-02-12,42.66,43.09,42.51,43.09,33268831,MSFT
2015-02-13,43.38,43.87,43.15,43.87,40264887,MSFT
2015-02-17,43.97,44.0,43.19,43.58,33695749,MSFT
2015-02-18,43.63,43.7,43.39,43.53,27111657,MSFT
2015-02-19,43.18,43.5263,43.05,43.5,27603420,MSFT
2015-02-20,43.51,43.88,43.29,43.855,29721133,MSFT
2015-02-23,43.7,44.19,43.65,44.15,32518754,MSFT
2015-02-24,44.15,44.3,43.92,44.09,25271747,MSFT
2015-02-25,43.95,44.09,43.8,43.99,29759820,MSFT
2015-02-26,43.99,44.23,43.89,44.055,28957329,MSFT
2015-02-27,44.13,44.2,43.66,43.85,33807740,MSFT
2015-03-02,43.67,44.19,43.55,43.88,31924049,MSFT
2015-03-03,43.56,43.825,43.09,43.28,31748648,MSFT
2015-03-04,43.01,43.21,42.88,43.055,25748692,MSFT
2015-03-05,43.07,43.24,42.82,43.11,23193541,MSFT
2015-03-06,43.0,43.11,42.15,42.36,36248785,MSFT
2015-03-09,42.19,43.125,42.19,42.85,32107957,MSFT
2015-03-10,42.35,42.71,42.03,42.03,39159730,MSFT
2015-03-11,42.31,42.37,41.84,41.98,32215314,MSFT
2015-03-12,41.33,41.65,40.86,41.02,59992502,MSFT
2015-03-13,40.7,41.47,40.61,41.38,58007705,MSFT
2015-03-16,41.47,41.64,41.28,41.56,35273452,MSFT
2015-03-17,41.37,41.83,41.15,41.695,31673448,MSFT
2015-03-18,41.43,42.83,41.33,42.5,44194771,MSFT
2015-03-19,42.26,42.59,42.22,42.285,33879066,MSFT
2015-03-20,42.56,42.98,42.49,42.88,71904529,MSFT
2015-03-23,42.88,43.13,42.78,42.855,26246086,MSFT
2015-03-24,42.78,43.17,42.75,42.9,25513252,MSFT
2015-03-25,42.92,42.925,41.44,41.46,43469907,MSFT
2015-03-26,41.22,41.61,40.92,41.21,37495627,MSFT
2015-03-27,41.12,41.43,40.83,40.97,34401398,MSFT
2015-03-30,41.1,41.54,40.91,40.96,35049662,MSFT
2015-03-31,40.78,41.03,40.54,40.655,34887219,MSFT
2015-04-01,40.6,40.76,40.31,40.72,36865322,MSFT
2015-04-02,40.66,40.74,40.12,40.29,37487476,MSFT
2015-04-06,40.34,41.78,40.18,41.545,39223692,MSFT
2015-04-07,41.61,41.91,41.31,41.53,28809375,MSFT
2015-04-08,41.46,41.69,41.04,41.42,24753438,MSFT
2015-04-09,41.25,41.62,41.25,41.48,25723861,MSFT
2015-04-10,41.63,41.95,41.41,41.72,28022002,MSFT
2015-04-13,41.4,42.06,41.39,41.76,30276692,MSFT
2015-04-14,41.8,42.03,41.39,41.65,24244382,MSFT
2015-04-15,41.76,42.46,41.68,42.255,27343581,MSFT
2015-04-16,41.95,42.34,41.82,42.16,22509652,MSFT
2015-04-17,41.67,41.74,41.16,41.615,42387608,MSFT
2015-04-20,41.73,43.17,41.68,42.905,46057733,MSFT
2015-04-21,43.0,43.15,42.53,42.635,26013844,MSFT
2015-04-22,42.67,43.13,42.55,42.985,25064273,MSFT
2015-04-23,42.89,43.61,42.8,43.34,46309530,MSFT
2015-04-24,45.66,48.14,45.65,47.87,130933665,MSFT
2015-04-27,47.23,48.13,47.22,48.03,59248172,MSFT
2015-04-28,47.78,49.21,47.7,49.155,60730778,MSFT
2015-04-29,48.72,49.31,48.5,49.06,47804562,MSFT
2015-04-30,48.7,49.54,48.6,48.64,64725457,MSFT
2015-05-01,48.58,48.875,48.4,48.655,38937336,MSFT
2015-05-04,48.37,48.87,48.18,48.24,34039485,MSFT
2015-05-05,47.82,48.16,47.31,47.6,50369191,MSFT
2015-05-06,47.57,47.77,46.02,46.28,52433020,MSFT
2015-05-07,46.27,47.085,46.16,46.7,32971654,MSFT
2015-05-08,47.55,47.98,47.52,47.75,35364911,MSFT
2015-05-11,47.55,47.91,47.37,47.37,24609416,MSFT
2015-05-12,46.85,47.68,46.42,47.35,29928264,MSFT
2015-05-13,48.19,48.32,47.57,47.625,34184613,MSFT
2015-05-14,48.0301,48.82,48.03,48.72,32980892,MSFT
2015-05-15,48.87,48.905,48.05,48.295,28642694,MSFT
2015-05-18,47.98,48.22,47.61,48.01,24136502,MSFT
2015-05-19,47.56,47.81,47.18,47.58,28574813,MSFT
2015-05-20,47.39,47.93,47.27,47.58,25047919,MSFT
2015-05-21,47.28,47.6,47.005,47.42,22410698,MSFT
2015-05-22,47.3,47.35,46.82,46.9,25720583,MSFT
2015-05-26,46.83,46.88,46.19,46.59,29581860,MSFT
2015-05-27,46.82,47.77,46.62,47.61,27335639,MSFT
2015-05-28,47.5,48.02,47.39,47.45,19283666,MSFT
2015-05-29,47.43,47.57,46.59,46.86,36519594,MSFT
2015-06-01,47.06,47.77,46.62,47.23,28837332,MSFT
2015-06-02,46.93,47.35,46.62,46.92,21498326,MSFT
2015-06-03,47.37,47.735,46.82,46.85,28002154,MSFT
2015-06-04,46.79,47.16,46.2,46.36,27745512,MSFT
2015-06-05,46.31,46.52,45.84,46.14,25438086,MSFT
2015-06-08,46.3,46.43,45.67,45.73,22121634,MSFT
2015-06-09,45.76,45.94,45.46,45.65,24406057,MSFT
2015-06-10,45.79,46.83,45.69,46.61,28417405,MSFT
2015-06-11,46.66,46.92,46.13,46.44,27347758,MSFT
2015-06-12,46.22,46.47,45.9,45.97,23930972,MSFT
2015-06-15,45.45,45.65,45.0201,45.475,33254517,MSFT
2015-06-16,45.35,46.24,45.3,45.83,27070306,MSFT
2015-06-17,45.73,46.07,45.36,45.97,28704061,MSFT
2015-06-18,46.22,46.8,46.17,46.72,32658343,MSFT
2015-06-19,46.79,46.825,45.99,46.1,63837036,MSFT
2015-06-22,46.33,46.72,46.16,46.23,20318055,MSFT
2015-06-23,46.13,46.28,45.62,45.91,25896473,MSFT
2015-06-24,45.67,46.245,45.55,45.635,34890901,MSFT
2015-06-25,46.03,46.06,45.5,45.65,20615995,MSFT
2015-06-26,45.65,46.28,45.03,45.26,49835287,MSFT
2015-06-29,45.04,45.23,44.36,44.37,34081746,MSFT
2015-06-30,44.71,44.72,43.94,44.15,35945384,MSFT
2015-07-01,44.46,45.23,44.1,44.445,28343907,MSFT
2015-07-02,44.48,44.75,44.06,44.4,21752013,MSFT
2015-07-06,43.96,44.48,43.95,44.39,23033961,MSFT
2015-07-07,44.34,44.49,43.32,44.3,36435827,MSFT
2015-07-08,44.44,44.9,44.03,44.24,39785901,MSFT
2015-07-09,44.75,45.22,44.5,44.52,32424672,MSFT
2015-07-10,45.01,45.14,44.57,44.61,25465757,MSFT
2015-07-13,44.975,45.62,44.9501,45.54,28178329,MSFT
2015-07-14,45.45,45.96,45.31,45.62,22880260,MSFT
2015-07-15,45.68,45.89,45.43,45.76,26629615,MSFT
2015-07-16,46.01,46.69,45.965,46.66,26271673,MSFT
2015-07-17,46.55,46.78,46.26,46.62,29467107,MSFT
2015-07-20,46.65,47.13,46.44,46.92,30631905,MSFT
2015-07-21,46.78,47.33,46.48,47.28,42781899,MSFT
2015-07-22,45.44,46.93,45.203,45.54,59152427,MSFT
2015-07-23,45.27,46.23,45.1,46.11,33934010,MSFT
2015-07-24,45.91,46.32,45.8,45.94,32333244,MSFT
2015-07-27,45.94,46.01,45.25,45.35,39701420,MSFT
2015-07-28,45.58,45.639,44.79,45.34,34328948,MSFT
2015-07-29,45.4,46.78,45.26,46.29,40945864,MSFT
2015-07-30,46.26,47.4,45.93,46.88,39777883,MSFT
2015-07-31,47.29,47.37,46.5,46.7,31201480,MSFT
2015-08-03,46.98,47.0,46.45,46.81,24125886,MSFT
2015-08-04,46.75,47.71,46.68,47.54,33403916,MSFT
2015-08-05,47.98,48.41,47.54,47.58,26959655,MSFT
2015-08-06,47.71,47.77,46.33,46.62,27368000,MSFT
2015-08-07,46.39,46.78,46.26,46.74,19163038,MSFT
2015-08-10,46.95,47.49,46.84,47.33,23079870,MSFT
2015-08-11,46.82,46.94,45.9,46.41,29237402,MSFT
2015-08-12,46.19,46.9,45.705,46.74,30198532,MSFT
2015-08-13,47.06,47.1,46.49,46.73,22627241,MSFT
2015-08-14,46.53,47.1,46.52,47.0,21473402,MSFT
2015-08-17,46.81,47.45,46.57,47.32,21099746,MSFT
2015-08-18,46.84,47.43,46.7,47.27,23574104,MSFT
2015-08-19,46.78,47.08,46.3,46.61,31485511,MSFT
2015-08-20,46.07,46.47,45.66,45.66,36238227,MSFT
2015-08-21,45.3,45.48,43.07,43.07,70053084,MSFT
2015-08-24,40.45,43.31,39.72,41.68,88753660,MSFT
2015-08-25,42.565,43.24,40.39,40.47,70616597,MSFT
2015-08-26,42.01,42.84,41.06,42.71,63407996,MSFT
2015-08-27,43.14,43.95,42.925,43.9,50943211,MSFT
2015-08-28,43.47,44.15,43.39,43.93,28246725,MSFT
2015-08-31,43.74,43.93,43.1,43.52,34441662,MSFT
2015-09-01,42.23,42.59,41.66,41.82,49688896,MSFT
2015-09-02,42.24,43.38,41.88,43.36,37671518,MSFT
2015-09-03,43.41,43.98,43.28,43.5,28285205,MSFT
2015-09-04,42.81,43.04,42.195,42.61,37138775,MSFT
2015-09-08,43.3,44.0,43.2,43.89,32469766,MSFT
2015-09-09,44.21,44.4,42.91,43.07,33469485,MSFT
2015-09-10,43.12,43.79,42.745,43.29,31366630,MSFT
2015-09-11,43.14,43.59,42.9399,43.48,27132527,MSFT
2015-09-14,43.43,43.44,42.86,43.04,23656048,MSFT
2015-09-15,43.19,44.29,43.08,43.98,28882206,MSFT
2015-09-16,43.97,44.38,43.84,44.3,23372162,MSFT
2015-09-17,44.29,45.0,44.08,44.25,32768161,MSFT
2015-09-18,43.5,43.99,43.33,43.48,63143684,MSFT
2015-09-21,43.62,44.47,43.6,44.11,26177224,MSFT
2015-09-22,43.38,44.05,43.31,43.9,28085903,MSFT
2015-09-23,43.93,44.17,43.51,43.87,17145238,MSFT
2015-09-24,43.45,44.13,43.27,43.91,27905607,MSFT
2015-09-25,44.48,44.73,43.76,43.94,29384601,MSFT
2015-09-28,43.83,44.085,43.205,43.29,27613785,MSFT
2015-09-29,43.37,43.57,43.05,43.44,32763557,MSFT
2015-09-30,43.88,44.3,43.66,44.26,34958880,MSFT
2015-10-01,44.75,44.75,43.75,44.61,28657859,MSFT
2015-10-02,44.27,45.57,43.92,45.57,41839035,MSFT
2015-10-05,45.745,46.89,45.7,46.63,34369286,MSFT
2015-10-06,46.33,47.175,46.22,46.75,27510808,MSFT
2015-10-07,47.1,47.35,45.95,46.8,27711492,MSFT
2015-10-08,46.56,47.515,46.5,47.45,33772709,MSFT
2015-10-09,47.45,47.54,46.92,47.11,28600632,MSFT
2015-10-12,46.98,47.07,46.5,47.0,19769066,MSFT
2015-10-13,46.56,47.1299,46.56,46.89,19987816,MSFT
2015-10-14,46.65,47.1,46.53,46.68,24697766,MSFT
2015-10-15,47.01,47.03,46.53,47.01,27189370,MSFT
2015-10-16,47.02,47.54,46.897,47.51,26450334,MSFT
2015-10-19,47.42,47.88,47.02,47.62,29387581,MSFT
2015-10-20,47.44,47.81,47.02,47.77,30802235,MSFT
2015-10-21,47.92,47.99,47.11,47.2,25264710,MSFT
2015-10-22,47.53,48.95,47.09,48.03,56637074,MSFT
2015-10-23,52.3,54.07,52.25,52.87,135227059,MSFT
2015-10-26,52.53,54.32,52.5,54.25,64633324,MSFT
2015-10-27,53.99,54.37,53.58,53.69,50999907,MSFT
2015-10-28,53.54,53.98,52.86,53.98,47000753,MSFT
2015-10-29,53.54,53.83,53.22,53.36,30202078,MSFT
2015-10-30,53.32,53.99,52.62,52.64,46619761,MSFT
2015-11-02,52.85,53.36,52.62,53.24,30284982,MSFT
2015-11-03,52.93,54.39,52.9,54.15,36596931,MSFT
2015-11-04,54.18,54.88,54.06,54.4,37087849,MSFT
2015-11-05,54.49,54.7,54.0,54.38,31468485,MSFT
2015-11-06,54.085,54.98,53.964,54.92,32851204,MSFT
2015-11-09,54.55,54.87,53.56,54.16,32513067,MSFT
2015-11-10,54.07,54.13,53.27,53.51,55283697,MSFT
2015-11-11,53.7,54.2,53.46,53.65,36516260,MSFT
2015-11-12,53.48,53.9791,53.19,53.32,35361095,MSFT
2015-11-13,53.07,53.29,52.53,52.84,36848175,MSFT
2015-11-16,53.08,53.89,52.85,53.765,32165198,MSFT
2015-11-17,53.17,53.53,52.85,52.97,31551255,MSFT
2015-11-18,53.0,53.98,52.9799,53.85,29710030,MSFT
2015-11-19,53.99,54.66,53.781,53.94,28149228,MSFT
2015-11-20,54.25,54.3,53.265,54.19,37147608,MSFT
2015-11-23,54.25,54.46,53.75,54.19,28235918,MSFT
2015-11-24,53.92,54.44,53.58,54.25,24600043,MSFT
2015-11-25,54.09,54.23,53.69,53.69,21005147,MSFT
2015-11-27,53.8,54.08,53.79,53.93,9009132,MSFT
2015-11-30,54.54,54.96,53.9999,54.35,56241417,MSFT
2015-12-01,54.41,55.23,54.3,55.22,39952779,MSFT
2015-12-02,55.32,55.96,55.06,55.21,47274879,MSFT
2015-12-03,55.49,55.77,53.93,54.2,38627835,MSFT
2015-12-04,54.12,56.23,54.1,55.91,43963662,MSFT
2015-12-07,55.79,55.97,55.29,55.81,30709765,MSFT
2015-12-08,55.47,56.1,54.99,55.79,32878026,MSFT
2015-12-09,55.37,55.87,54.51,54.98,36373209,MSFT
2015-12-10,55.39,55.655,55.01,55.27,31775826,MSFT
2015-12-11,54.71,55.1,54.01,54.06,39549497,MSFT
2015-12-14,54.33,55.21,53.68,55.14,47006491,MSFT
2015-12-15,55.66,55.9,55.09,55.2,39842998,MSFT
2015-12-16,55.54,56.245,54.76,56.13,37503300,MSFT
2015-12-17,56.36,56.79,55.5348,55.7,41280907,MSFT
2015-12-18,55.77,56.0,54.03,54.13,84684164,MSFT
2015-12-21,54.88,55.35,54.2262,54.83,37246325,MSFT
2015-12-22,54.99,55.48,54.5,55.35,28322241,MSFT
2015-12-23,55.7,55.88,55.44,55.82,27279832,MSFT
2015-12-24,55.86,55.96,55.43,55.67,9570002,MSFT
2015-12-28,55.35,55.95,54.98,55.95,22458293,MSFT
2015-12-29,56.29,56.85,56.06,56.55,27731403,MSFT
2015-12-30,56.47,56.78,56.2875,56.31,21704505,MSFT
2015-12-31,56.04,56.19,55.42,55.48,27334061,MSFT
2016-01-04,54.32,54.8,53.39,54.8,53777963,MSFT
2016-01-05,54.93,55.39,54.54,55.05,34079674,MSFT
2016-01-06,54.32,54.4001,53.64,54.05,39518863,MSFT
2016-01-07,52.7,53.485,52.07,52.17,56564852,MSFT
2016-01-08,52.37,53.28,52.15,52.33,48753969,MSFT
2016-01-11,52.51,52.85,51.46,52.3,36943756,MSFT
2016-01-12,52.76,53.1,52.06,52.78,36095539,MSFT
2016-01-13,53.8,54.07,51.3038,51.64,66883571,MSFT
2016-01-14,52.0,53.4163,51.57,53.11,52381918,MSFT
2016-01-15,51.31,51.97,50.34,50.99,71820697,MSFT
2016-01-19,51.48,51.68,50.06,50.56,43564538,MSFT
2016-01-20,49.98,51.38,49.1,50.79,63272993,MSFT
2016-01-21,51.0,51.58,50.3,50.48,40191157,MSFT
2016-01-22,51.41,52.33,51.26,52.29,37555789,MSFT
2016-01-25,51.94,52.65,51.65,51.79,34707717,MSFT
2016-01-26,51.79,52.44,51.55,52.17,28900820,MSFT
2016-01-27,52.01,52.2,51.0201,51.22,36775194,MSFT
2016-01-28,51.86,52.21,51.25,52.055,62513789,MSFT
2016-01-29,54.73,55.09,54.0,55.09,83611686,MSFT
2016-02-01,54.88,55.09,54.495,54.71,44208542,MSFT
2016-02-02,54.17,54.26,52.65,53.0,56313753,MSFT
2016-02-03,53.25,53.39,51.26,52.16,57559814,MSFT
2016-02-04,52.1,52.81,51.37,52.0,46987123,MSFT
2016-02-05,51.94,52.0,49.56,50.16,62008994,MSFT
2016-02-08,49.55,49.57,48.19,49.41,59290497,MSFT
2016-02-09,49.02,50.24,48.67,49.28,46740474,MSFT
2016-02-10,49.89,50.39,49.52,49.71,38236954,MSFT
2016-02-11,48.68,50.11,48.51,49.69,48878571,MSFT
2016-02-12,50.25,50.68,49.75,50.5,34243324,MSFT
2016-02-16,50.9,51.09,50.13,51.09,37291208,MSFT
2016-02-17,51.49,52.77,51.45,52.42,40788968,MSFT
2016-02-18,52.33,52.95,52.1,52.19,27176035,MSFT
2016-02-19,51.97,52.28,51.53,51.82,33559073,MSFT
2016-02-22,52.28,53.0,52.28,52.65,25008291,MSFT
2016-02-23,52.34,52.37,50.98,51.18,28895274,MSFT
2016-02-24,50.69,51.5,50.2,51.36,33014457,MSFT
2016-02-25,51.73,52.1,50.61,52.1,26939467,MSFT
2016-02-26,52.6,52.68,51.1,51.3,35975925,MSFT
2016-02-29,51.35,51.65,50.66,50.88,31654036,MSFT
2016-03-01,50.97,52.59,50.9199,52.58,33024535,MSFT
2016-03-02,52.41,52.96,52.155,52.95,29289884,MSFT
2016-03-03,52.97,52.97,51.78,52.35,24427813,MSFT
2016-03-04,52.4,52.45,51.71,52.03,33034150,MSFT
2016-03-07,51.56,51.8,50.58,51.03,38428816,MSFT
2016-03-08,50.8,52.13,50.595,51.65,33835119,MSFT
2016-03-09,51.89,52.85,51.855,52.84,28251588,MSFT
2016-03-10,52.93,52.94,51.16,52.05,38387804,MSFT
2016-03-11,53.0,53.07,52.38,53.07,32275677,MSFT
2016-03-14,52.71,53.59,52.63,53.17,24083616,MSFT
2016-03-15,52.75,53.59,52.74,53.59,21104763,MSFT
2016-03-16,53.45,54.6,53.4,54.35,31691742,MSFT
2016-03-17,54.21,55.0,54.0,54.66,28223947,MSFT
2016-03-18,54.92,54.97,53.445,53.49,67625518,MSFT
2016-03-21,53.25,53.9298,52.93,53.86,23925716,MSFT
2016-03-22,53.61,54.25,53.46,54.07,23124143,MSFT
2016-03-23,54.11,54.24,53.74,53.97,20129015,MSFT
2016-03-24,53.84,54.33,53.73,54.21,19949972,MSFT
2016-03-28,54.21,54.29,53.33,53.54,17025050,MSFT
2016-03-29,53.66,54.86,53.45,54.71,23924329,MSFT
2016-03-30,54.93,55.64,54.9,55.05,23008260,MSFT
2016-03-31,54.95,55.59,54.86,55.23,26360495,MSFT
2016-04-01,55.05,55.61,54.57,55.57,24399193,MSFT
2016-04-04,55.43,55.66,55.0,55.43,18928810,MSFT
2016-04-05,55.19,55.3,54.46,54.56,19272255,MSFT
2016-04-06,54.36,55.2,54.21,55.12,21188682,MSFT
2016-04-07,54.87,54.91,54.23,54.46,19225092,MSFT
2016-04-08,54.67,55.28,54.32,54.42,22167223,MSFT
2016-04-11,54.49,55.15,54.3,54.31,21414227,MSFT
2016-04-12,54.37,54.78,53.76,54.65,24944288,MSFT
2016-04-13,55.12,55.4375,54.89,55.35,20817961,MSFT
2016-04-14,55.22,55.575,55.07,55.36,20877108,MSFT
2016-04-15,55.3,55.92,55.11,55.65,28793753,MSFT
2016-04-18,55.49,56.59,55.21,56.46,23785950,MSFT
2016-04-19,56.63,56.77,55.68,56.39,29596827,MSFT
2016-04-20,56.29,56.5,55.485,55.59,36195714,MSFT
2016-04-21,55.8,56.23,55.415,55.78,38909096,MSFT
2016-04-22,51.91,52.4297,50.77,51.78,126834091,MSFT
2016-04-25,51.78,52.13,51.63,52.11,33226948,MSFT
2016-04-26,52.26,52.35,51.09,51.44,33532636,MSFT
2016-04-27,51.48,51.5,50.55,50.94,43369256,MSFT
2016-04-28,50.62,50.77,49.56,49.9,43134846,MSFT
2016-04-29,49.35,50.25,49.35,49.87,48411684,MSFT
2016-05-02,50.0,50.75,49.7799,50.61,33114539,MSFT
2016-05-03,50.34,50.41,49.6,49.78,26460244,MSFT
2016-05-04,49.84,50.06,49.46,49.87,24257556,MSFT
2016-05-05,49.87,50.3,49.73,49.94,25390718,MSFT
2016-05-06,49.92,50.39,49.66,50.39,24787301,MSFT
2016-05-09,50.49,50.585,50.0,50.07,17951598,MSFT
2016-05-10,50.33,51.1,50.19,51.02,22890966,MSFT
2016-05-11,51.13,51.78,51.0,51.05,24039140,MSFT
2016-05-12,51.2,51.81,50.92,51.51,24102781,MSFT
2016-05-13,51.44,51.895,51.04,51.08,22592342,MSFT
2016-05-16,50.8,51.96,50.75,51.83,20032017,MSFT
2016-05-17,51.72,51.73,50.36,50.51,27803514,MSFT
2016-05-18,50.48,51.14,50.3,50.81,24907532,MSFT
2016-05-19,50.47,50.62,49.82,50.32,23842358,MSFT
2016-05-20,50.48,51.22,50.4,50.62,23905769,MSFT
2016-05-23,50.6,50.68,49.98,50.03,26118720,MSFT
2016-05-24,50.7,51.71,50.4,51.59,34757944,MSFT
2016-05-25,51.92,52.49,51.79,52.12,24204566,MSFT
2016-05-26,51.93,51.9793,51.36,51.89,24335223,MSFT
2016-05-27,51.92,52.32,51.77,52.32,17721438,MSFT
2016-05-31,52.26,53.0,52.08,53.0,37653081,MSFT
2016-06-01,52.44,52.95,52.44,52.85,25324828,MSFT
2016-06-02,52.64,52.74,51.835,52.48,22840779,MSFT
2016-06-03,52.38,52.42,51.6,51.79,23368291,MSFT
2016-06-06,51.99,52.35,51.89,52.13,18243271,MSFT
2016-06-07,52.24,52.73,52.1,52.1,20866770,MSFT
2016-06-08,52.02,52.44,51.87,52.04,21149438,MSFT
2016-06-09,52.0,52.0,51.49,51.62,20305664,MSFT
2016-06-10,51.05,52.05,51.04,51.48,25833151,MSFT
2016-06-13,49.58,50.715,49.06,50.14,83217844,MSFT
2016-06-14,49.9,50.1,49.57,49.83,42577106,MSFT
2016-06-15,49.78,50.12,49.69,49.69,33757639,MSFT
2016-06-16,49.52,50.47,49.5068,50.39,31188605,MSFT
2016-06-17,50.41,50.43,49.82,50.13,45710516,MSFT
2016-06-20,50.64,50.83,50.03,50.07,35607946,MSFT
2016-06-21,50.2,51.43,50.16,51.19,34097825,MSFT
2016-06-22,51.08,51.46,50.9525,50.99,28816848,MSFT
2016-06-23,51.28,52.06,51.15,51.91,29028833,MSFT
2016-06-24,49.81,50.94,49.52,49.83,133502985,MSFT
2016-06-27,49.1,49.1466,48.035,48.43,50576699,MSFT
2016-06-28,48.92,49.47,48.67,49.44,38140658,MSFT
2016-06-29,49.91,50.72,49.8,50.54,31304021,MSFT
2016-06-30,50.72,51.3,50.5,51.17,28527781,MSFT
2016-07-01,51.13,51.72,51.07,51.16,21400392,MSFT
2016-07-05,50.83,51.28,50.74,51.17,24806351,MSFT
2016-07-06,50.78,51.54,50.39,51.38,28167461,MSFT
2016-07-07,51.42,51.61,51.07,51.38,19585194,MSFT
2016-07-08,51.73,52.36,51.55,52.3,28391026,MSFT
2016-07-11,52.5,52.83,52.47,52.59,22269203,MSFT
2016-07-12,52.94,53.4,52.785,53.21,27317555,MSFT
2016-07-13,53.56,53.86,53.18,53.51,25356841,MSFT
2016-07-14,53.84,53.99,53.58,53.74,24545520,MSFT
2016-07-15,53.95,54.0,53.21,53.7,32024385,MSFT
2016-07-18,53.7,54.34,53.55,53.96,31433864,MSFT
2016-07-19,53.71,53.9,52.93,53.09,53336533,MSFT
2016-07-20,56.15,56.84,55.53,55.91,89893301,MSFT
2016-07-21,55.98,56.23,55.76,55.8,32776653,MSFT
2016-07-22,56.08,56.6275,55.78,56.57,32157167,MSFT
2016-07-25,56.47,56.74,56.255,56.73,25610587,MSFT
2016-07-26,56.52,57.29,56.51,56.76,28078995,MSFT
2016-07-27,56.61,56.8,56.11,56.19,32327477,MSFT
2016-07-28,56.0,56.37,55.72,56.21,37550411,MSFT
2016-07-29,56.26,56.76,56.05,56.68,30558718,MSFT
2016-08-01,56.6,56.75,56.14,56.58,26003419,MSFT
2016-08-02,56.85,56.9,56.31,56.58,35121958,MSFT
2016-08-03,56.68,57.11,56.49,56.97,22075616,MSFT
2016-08-04,56.8,57.5193,56.67,57.39,26587749,MSFT
2016-08-05,57.65,58.21,57.45,57.96,29335221,MSFT
2016-08-08,58.055,58.085,57.78,58.06,19473499,MSFT
2016-08-09,58.17,58.5,58.02,58.2,16920721,MSFT
2016-08-10,58.16,58.32,57.82,58.02,15756913,MSFT
2016-08-11,58.03,58.45,58.03,58.3,18162301,MSFT
2016-08-12,58.03,58.19,57.62,57.94,21655161,MSFT
2016-08-15,58.01,58.5,57.96,58.12,19283902,MSFT
2016-08-16,57.61,57.62,57.27,57.44,20523493,MSFT
2016-08-17,57.54,57.68,57.23,57.56,18856423,MSFT
2016-08-18,57.42,57.7,57.27,57.6,14214341,MSFT
2016-08-19,57.43,57.73,57.2,57.62,17271044,MSFT
2016-08-22,57.6,57.75,57.26,57.67,15221922,MSFT
2016-08-23,57.9,58.18,57.85,57.89,18732373,MSFT
2016-08-24,57.8,58.04,57.715,57.95,18151506,MSFT
2016-08-25,57.88,58.29,57.78,58.17,18552579,MSFT
2016-08-26,58.28,58.7,57.69,58.03,20971202,MSFT
2016-08-29,58.18,58.6,58.1,58.1,16417207,MSFT
2016-08-30,57.98,58.19,57.61,57.89,16930185,MSFT
2016-08-31,57.65,57.8,57.3,57.46,20860269,MSFT
2016-09-01,57.01,57.82,57.01,57.59,26075363,MSFT
2016-09-02,57.67,58.19,57.42,57.67,18900489,MSFT
2016-09-06,57.78,57.8,57.21,57.61,16278416,MSFT
2016-09-07,57.47,57.84,57.405,57.66,17493359,MSFT
2016-09-08,57.63,57.79,57.18,57.43,20146083,MSFT
2016-09-09,56.79,57.52,56.21,56.21,35113934,MSFT
2016-09-12,56.0,57.205,55.61,57.05,29302962,MSFT
2016-09-13,56.5,56.65,56.05,56.53,30130213,MSFT
2016-09-14,56.39,56.63,56.03,56.26,24274273,MSFT
2016-09-15,56.15,57.35,55.98,57.19,27062614,MSFT
2016-09-16,57.63,57.63,56.75,57.25,44606965,MSFT
2016-09-19,57.27,57.75,56.85,56.93,20937104,MSFT
2016-09-20,57.35,57.35,56.75,56.81,17383982,MSFT
2016-09-21,57.51,57.85,57.08,57.76,33707272,MSFT
2016-09-22,57.92,58.0,57.63,57.82,19822203,MSFT
2016-09-23,57.87,57.91,57.38,57.43,19955336,MSFT
2016-09-26,57.08,57.14,56.83,56.9,21688720,MSFT
2016-09-27,56.93,58.06,56.681,57.95,28065071,MSFT
2016-09-28,57.88,58.06,57.67,58.03,20536400,MSFT
2016-09-29,57.81,58.1679,57.21,57.4,25463536,MSFT
2016-09-30,57.57,57.77,57.34,57.6,29910788,MSFT
2016-10-03,57.405,57.55,57.06,57.42,19189515,MSFT
2016-10-04,57.27,57.595,56.97,57.24,20085874,MSFT
2016-10-05,57.29,57.9601,57.26,57.64,16726411,MSFT
2016-10-06,57.74,57.86,57.28,57.74,16212611,MSFT
2016-10-07,57.85,57.98,57.42,57.8,20089020,MSFT
2016-10-10,57.91,58.39,57.87,58.04,18196509,MSFT
2016-10-11,57.89,58.02,56.89,57.19,26497418,MSFT
2016-10-12,57.11,57.27,56.4,57.11,22177464,MSFT
2016-10-13,56.7,57.3,56.315,56.92,25313748,MSFT
2016-10-14,57.12,57.74,57.12,57.42,27402451,MSFT
2016-10-17,57.36,57.46,56.87,57.22,23830014,MSFT
2016-10-18,57.53,57.945,57.41,57.66,19149538,MSFT
2016-10-19,57.47,57.84,57.395,57.53,22878397,MSFT
2016-10-20,57.5,57.52,56.66,57.25,49455612,MSFT
2016-10-21,60.28,60.45,59.485,59.66,80032206,MSFT
2016-10-24,59.94,61.0,59.93,61.0,54066978,MSFT
2016-10-25,60.85,61.3699,60.8,60.99,35137164,MSFT
2016-10-26,60.81,61.2,60.47,60.63,29911608,MSFT
2016-10-27,60.61,60.83,60.09,60.1,28479856,MSFT
2016-10-28,60.01,60.52,59.58,59.87,33574684,MSFT
2016-10-31,60.16,60.42,59.92,59.92,26434697,MSFT
2016-11-01,59.97,60.02,59.25,59.8,24532986,MSFT
2016-11-02,59.82,59.93,59.3,59.43,22147005,MSFT
2016-11-03,59.53,59.64,59.11,59.21,21600427,MSFT
2016-11-04,58.65,59.28,58.52,58.71,28697016,MSFT
2016-11-07,59.78,60.52,59.78,60.42,31664798,MSFT
2016-11-08,60.55,60.78,60.15,60.47,22935355,MSFT
2016-11-09,60.0,60.59,59.2,60.17,49632479,MSFT
2016-11-10,60.48,60.49,57.6302,58.7,57822394,MSFT
2016-11-11,58.23,59.116,58.01,59.02,38767843,MSFT
2016-11-14,59.02,59.08,57.28,58.12,41328422,MSFT
2016-11-15,58.33,59.49,58.315,58.87,35904126,MSFT
2016-11-16,58.94,59.66,58.81,59.65,27332475,MSFT
2016-11-17,60.41,60.95,59.965,60.64,32132728,MSFT
2016-11-18,60.78,61.14,60.3,60.35,27686311,MSFT
2016-11-21,60.5,60.97,60.42,60.86,19652595,MSFT
2016-11-22,60.98,61.26,60.805,61.12,23206700,MSFT
2016-11-23,61.01,61.1,60.25,60.4,21848913,MSFT
2016-11-25,60.3,60.53,60.13,60.53,8409616,MSFT
2016-11-28,60.34,61.02,60.21,60.61,20732619,MSFT
2016-11-29,60.65,61.41,60.52,61.09,22366721,MSFT
2016-11-30,60.86,61.18,60.215,60.26,34655435,MSFT
2016-12-01,60.11,60.15,58.935,59.2,34542121,MSFT
2016-12-02,59.08,59.47,58.8,59.25,25515665,MSFT
2016-12-05,59.7,60.585,59.56,60.22,23552658,MSFT
2016-12-06,60.43,60.46,59.8,59.95,19907035,MSFT
2016-12-07,60.01,61.38,59.8,61.37,30808969,MSFT
2016-12-08,61.3,61.58,60.84,61.01,21220753,MSFT
2016-12-09,61.18,61.99,61.125,61.97,27349356,MSFT
2016-12-12,61.82,62.3,61.72,62.17,20198081,MSFT
2016-12-13,62.5,63.42,62.24,62.98,35718868,MSFT
2016-12-14,63.0,63.45,62.53,62.68,30352654,MSFT
2016-12-15,62.7,63.1535,62.3,62.58,27669868,MSFT
2016-12-16,62.95,62.95,62.115,62.3,42453083,MSFT
2016-12-19,62.56,63.77,62.42,63.62,34338219,MSFT
2016-12-20,63.69,63.8,63.025,63.54,26028379,MSFT
2016-12-21,63.43,63.7,63.12,63.54,17096304,MSFT
2016-12-22,63.84,64.1,63.405,63.55,22176585,MSFT
2016-12-23,63.45,63.54,62.8,63.24,12403819,MSFT
2016-12-27,63.21,64.07,63.21,63.28,11763173,MSFT
2016-12-28,63.4,63.4,62.83,62.99,14653348,MSFT
2016-12-29,62.86,63.2,62.73,62.9,10250582,MSFT
2016-12-30,62.96,62.99,62.03,62.14,25579908,MSFT
2017-01-03,62.79,62.84,62.125,62.58,20694101,MSFT
2017-01-04,62.48,62.75,62.12,62.3,21339969,MSFT
2017-01-05,62.19,62.66,62.03,62.3,24875968,MSFT
2017-01-06,62.3,63.15,62.04,62.84,19922919,MSFT
2017-01-09,62.76,63.08,62.54,62.64,20382730,MSFT
2017-01-10,62.73,63.07,62.28,62.62,18593004,MSFT
2017-01-11,62.61,63.23,62.43,63.19,21517335,MSFT
2017-01-12,63.06,63.4,61.95,62.61,20968223,MSFT
2017-01-13,62.62,62.865,62.35,62.7,19422310,MSFT
2017-01-17,62.68,62.7,62.03,62.53,20663983,MSFT
2017-01-18,62.67,62.7,62.12,62.5,19670102,MSFT
2017-01-19,62.24,62.98,62.195,62.3,18451655,MSFT
2017-01-20,62.67,62.82,62.37,62.74,30213462,MSFT
2017-01-23,62.7,63.1159,62.57,62.96,23097581,MSFT
2017-01-24,63.2,63.735,62.94,63.52,24672940,MSFT
2017-01-25,63.95,64.1,63.45,63.68,24654933,MSFT
2017-01-26,64.12,64.535,63.55,64.27,43554645,MSFT
2017-01-27,65.39,65.91,64.89,65.78,44817972,MSFT
2017-01-30,65.69,65.79,64.8,65.13,31651445,MSFT
2017-01-31,64.86,65.15,64.26,64.65,25270549,MSFT
2017-02-01,64.355,64.62,63.47,63.58,39671528,MSFT
2017-02-02,63.25,63.41,62.75,63.17,45827013,MSFT
2017-02-03,63.5,63.7,63.07,63.68,30301759,MSFT
2017-02-06,63.5,63.65,63.14,63.64,19796360,MSFT
2017-02-07,63.74,63.78,63.23,63.43,20277226,MSFT
2017-02-08,63.57,63.81,63.22,63.34,18096358,MSFT
2017-02-09,63.52,64.435,63.32,64.06,22644443,MSFT
2017-02-10,64.25,64.3,63.975,64.0,18170729,MSFT
2017-02-13,64.24,64.86,64.13,64.72,22920101,MSFT
2017-02-14,64.41,64.72,64.02,64.57,23108426,MSFT
2017-02-15,64.5,64.57,64.155,64.53,17005157,MSFT
2017-02-16,64.74,65.24,64.44,64.52,20546345,MSFT
2017-02-17,64.47,64.69,64.3,64.62,21248818,MSFT
2017-02-21,64.61,64.95,64.45,64.49,20655869,MSFT
2017-02-22,64.33,64.39,64.05,64.36,19292651,MSFT
2017-02-23,64.42,64.7285,64.195,64.62,20273128,MSFT
2017-02-24,64.53,64.8,64.135,64.62,21796800,MSFT
2017-02-27,64.54,64.54,64.045,64.23,15871507,MSFT
2017-02-28,64.08,64.2,63.76,63.98,23239825,MSFT
2017-03-01,64.13,64.99,64.0218,64.94,26937459,MSFT
2017-03-02,64.69,64.75,63.88,64.01,24539597,MSFT
2017-03-03,63.99,64.28,63.62,64.25,18139405,MSFT
2017-03-06,63.97,64.56,63.81,64.27,18750255,MSFT
2017-03-07,64.19,64.775,64.19,64.4,18520987,MSFT
2017-03-08,64.26,65.085,64.25,64.99,21510907,MSFT
2017-03-09,65.19,65.2,64.48,64.73,19846832,MSFT
2017-03-10,65.11,65.26,64.75,64.93,19538245,MSFT
2017-03-13,65.01,65.195,64.57,64.71,20100035,MSFT
2017-03-14,64.53,64.55,64.15,64.41,14280202,MSFT
2017-03-15,64.55,64.92,64.25,64.75,24833810,MSFT
2017-03-16,64.75,64.76,64.3,64.64,20674296,MSFT
2017-03-17,64.91,65.24,64.68,64.87,49219686,MSFT
2017-03-20,64.91,65.175,64.72,64.93,14598083,MSFT
2017-03-21,65.19,65.5,64.13,64.21,26640480,MSFT
2017-03-22,64.12,65.14,64.12,65.03,20680015,MSFT
2017-03-23,64.94,65.235,64.765,64.87,19269203,MSFT
2017-03-24,65.36,65.45,64.76,64.98,22617105,MSFT
2017-03-27,64.63,65.22,64.35,65.1,18614662,MSFT
2017-03-28,64.96,65.47,64.65,65.29,20080358,MSFT
2017-03-29,65.12,65.5,64.9475,65.47,13618424,MSFT
2017-03-30,65.42,65.98,65.36,65.71,15122823,MSFT
2017-03-31,65.65,66.19,65.45,65.86,21040331,MSFT
2017-04-03,65.81,65.94,65.19,65.55,20400871,MSFT
2017-04-04,65.39,65.81,65.28,65.73,12997449,MSFT
2017-04-05,66.3,66.35,65.4443,65.56,21448594,MSFT
2017-04-06,65.6,66.055,65.48,65.73,18103453,MSFT
2017-04-07,65.85,65.96,65.44,65.68,14089274,MSFT
2017-04-10,65.61,65.82,65.36,65.53,17952742,MSFT
2017-04-11,65.6,65.61,64.85,65.48,18791533,MSFT
2017-04-12,65.42,65.51,65.11,65.23,17108513,MSFT
2017-04-13,65.29,65.86,64.95,64.95,17896483,MSFT
2017-04-17,65.04,65.49,65.01,65.48,16689265,MSFT
2017-04-18,65.33,65.71,65.16,65.39,15155611,MSFT
2017-04-19,65.65,65.75,64.89,65.04,26992771,MSFT
2017-04-20,65.46,65.75,65.14,65.5,22299477,MSFT
2017-04-21,65.67,66.7,65.45,66.4,32522645,MSFT
2017-04-24,67.48,67.66,67.1,67.53,29769976,MSFT
2017-04-25,67.9,68.04,67.6,67.92,30242730,MSFT
2017-04-26,68.08,68.31,67.62,67.83,26190770,MSFT
2017-04-27,68.15,68.38,67.58,68.27,34970953,MSFT
2017-04-28,68.91,69.14,67.69,68.46,39548818,MSFT
2017-05-01,68.68,69.55,68.5,69.41,31954362,MSFT
2017-05-02,69.71,69.71,69.13,69.3,23906119,MSFT
2017-05-03,69.38,69.38,68.71,69.08,28927973,MSFT
2017-05-04,69.03,69.08,68.64,68.81,21749409,MSFT
2017-05-05,68.9,69.03,68.485,69.0,19128782,MSFT
2017-05-08,68.97,69.05,68.42,68.94,18566087,MSFT
2017-05-09,68.86,69.28,68.68,69.04,22858414,MSFT
2017-05-10,68.99,69.56,68.92,69.31,17977830,MSFT
2017-05-11,68.36,68.73,68.12,68.46,28789413,MSFT
2017-05-12,68.61,68.61,68.04,68.38,18714123,MSFT
2017-05-15,68.14,68.48,67.57,68.43,31530301,MSFT
2017-05-16,68.23,69.44,68.16,69.41,34956038,MSFT
2017-05-17,68.89,69.1,67.43,67.48,30548781,MSFT
2017-05-18,67.4,68.13,67.14,67.71,25201274,MSFT
2017-05-19,67.5,68.095,67.43,67.69,26961119,MSFT
2017-05-22,67.89,68.5,67.5,68.45,16237550,MSFT
2017-05-23,68.72,68.75,68.38,68.68,15425824,MSFT
2017-05-24,68.87,68.88,68.45,68.77,14666865,MSFT
2017-05-25,68.97,69.88,68.91,69.62,21854095,MSFT
2017-05-26,69.8,70.22,69.52,69.96,19827923,MSFT
2017-05-30,69.79,70.41,69.77,70.41,17072838,MSFT
2017-05-31,70.53,70.74,69.81,69.84,30436364,MSFT
2017-06-01,70.24,70.61,69.451,70.1,21603601,MSFT
2017-06-02,70.44,71.86,70.24,71.76,34770261,MSFT
2017-06-05,71.97,72.89,71.81,72.28,33316760,MSFT
2017-06-06,72.3,72.62,72.27,72.52,31511065,MSFT
2017-06-07,72.635,72.77,71.95,72.39,22301765,MSFT
2017-06-08,72.51,72.52,71.5,71.95,24588270,MSFT
2017-06-09,72.035,72.08,68.59,70.32,49187396,MSFT
2017-06-12,69.25,69.94,68.13,69.78,47761743,MSFT
2017-06-13,70.02,70.82,69.96,70.65,25258614,MSFT
2017-06-14,70.91,71.1,69.43,70.27,25510685,MSFT
2017-06-15,69.27,70.21,68.8,69.9,26068709,MSFT
2017-06-16,69.73,70.0252,69.22,70.0,48345085,MSFT
2017-06-19,70.5,70.945,70.35,70.87,23798268,MSFT
2017-06-20,70.82,70.87,69.87,69.91,21512231,MSFT
2017-06-21,70.21,70.62,69.94,70.27,19891051,MSFT
2017-06-22,70.54,70.59,69.71,70.26,22965738,MSFT
2017-06-23,70.09,71.25,69.92,71.21,27617291,MSFT
2017-06-26,71.4,71.71,70.445,70.53,19606974,MSFT
2017-06-27,70.11,70.18,69.18,69.21,25215128,MSFT
2017-06-28,69.21,69.841,68.79,69.8,25806200,MSFT
2017-06-29,69.38,69.49,68.09,68.49,28918715,MSFT
2017-06-30,68.78,69.38,68.74,68.93,24161068,MSFT
2017-07-03,69.33,69.6,68.02,68.17,16165538,MSFT
2017-07-05,68.255,69.44,68.22,69.08,21176272,MSFT
2017-07-06,68.27,68.78,68.12,68.57,21117572,MSFT
2017-07-07,68.7,69.84,68.7,69.46,16878317,MSFT
2017-07-10,69.46,70.25,69.2,69.98,15014503,MSFT
2017-07-11,70.0,70.68,69.75,69.99,17460022,MSFT
2017-07-12,70.69,71.28,70.55,71.15,17750925,MSFT
2017-07-13,71.5,72.0399,71.31,71.77,20269816,MSFT
2017-07-14,72.24,73.27,71.96,72.78,25868086,MSFT
2017-07-17,72.8,73.45,72.72,73.35,21803907,MSFT
2017-07-18,73.09,73.39,72.66,73.3,26435296,MSFT
2017-07-19,73.5,74.04,73.45,73.86,22416222,MSFT
2017-07-20,74.18,74.3,73.28,74.22,42361025,MSFT
2017-07-21,73.45,74.29,73.17,73.79,46717082,MSFT
2017-07-24,73.53,73.75,73.13,73.6,21394826,MSFT
2017-07-25,73.8,74.31,73.5,74.19,22018681,MSFT
2017-07-26,74.34,74.38,73.81,74.05,16252233,MSFT
2017-07-27,73.76,74.42,72.32,73.16,36844220,MSFT
2017-07-28,72.67,73.31,72.54,73.04,18306680,MSFT
2017-07-31,73.3,73.44,72.41,72.7,23600054,MSFT
2017-08-01,73.1,73.42,72.49,72.58,20823890,MSFT
2017-08-02,72.55,72.56,71.445,72.26,26499158,MSFT
2017-08-03,72.19,72.44,71.845,72.15,18214424,MSFT
2017-08-04,72.4,73.04,72.24,72.68,22578952,MSFT
2017-08-07,72.8,72.9,72.26,72.4,18705681,MSFT
2017-08-08,72.09,73.13,71.75,72.79,22044587,MSFT
2017-08-09,72.25,72.51,72.05,72.47,22213410,MSFT
2017-08-10,71.9,72.19,71.35,71.41,24734461,MSFT
2017-08-11,71.61,72.7,71.28,72.5,21443675,MSFT
2017-08-14,73.06,73.72,72.95,73.59,20096592,MSFT
2017-08-15,73.59,73.59,73.04,73.22,19181402,MSFT
2017-08-16,73.34,74.1,73.17,73.65,18150402,MSFT
2017-08-17,73.58,73.87,72.4,72.4,22977519,MSFT
2017-08-18,72.27,72.84,71.93,72.49,18761491,MSFT
2017-08-21,72.47,72.48,71.7,72.15,17734767,MSFT
2017-08-22,72.35,73.24,72.35,73.16,14343674,MSFT
2017-08-23,72.96,73.15,72.53,72.72,13766507,MSFT
2017-08-24,72.74,72.86,72.07,72.69,17098282,MSFT
2017-08-25,72.86,73.35,72.48,72.82,12794301,MSFT
2017-08-28,73.06,73.09,72.55,72.83,14569715,MSFT
2017-08-29,72.25,73.16,72.05,73.05,11478382,MSFT
2017-08-30,73.01,74.2099,72.8293,74.01,16897801,MSFT
2017-08-31,74.03,74.96,73.8,74.77,27652811,MSFT
2017-09-01,74.71,74.74,73.64,73.94,21736161,MSFT
2017-09-05,73.34,73.89,72.98,73.61,22242384,MSFT
2017-09-06,73.74,74.04,73.35,73.4,16535785,MSFT
2017-09-07,73.68,74.6,73.6,74.34,17471200,MSFT
2017-09-08,74.33,74.44,73.84,73.98,14703816,MSFT
2017-09-11,74.31,74.945,74.31,74.76,17910383,MSFT
2017-09-12,74.76,75.24,74.37,74.68,14394850,MSFT
2017-09-13,74.93,75.23,74.55,75.21,13380802,MSFT
2017-09-14,75.0,75.49,74.52,74.77,15733914,MSFT
2017-09-15,74.83,75.39,74.07,75.31,38578441,MSFT
2017-09-18,75.23,75.97,75.04,75.16,23306959,MSFT
2017-09-19,75.21,75.71,75.01,75.44,16093344,MSFT
2017-09-20,75.35,75.55,74.31,74.94,21587878,MSFT
2017-09-21,75.11,75.24,74.11,74.21,19186140,MSFT
2017-09-22,73.99,74.51,73.85,74.41,14111365,MSFT
2017-09-25,74.09,74.25,72.92,73.26,24149163,MSFT
2017-09-26,73.67,73.81,72.99,73.26,18019577,MSFT
2017-09-27,73.55,74.17,73.17,73.85,19565135,MSFT
2017-09-28,73.54,73.97,73.31,73.87,10883787,MSFT
2017-09-29,73.94,74.535,73.88,74.49,17079114,MSFT
2017-10-02,74.71,75.01,74.295,74.61,15304762,MSFT
2017-10-03,74.67,74.88,74.195,74.26,12190403,MSFT
2017-10-04,74.0,74.72,73.71,74.69,13317681,MSFT
2017-10-05,75.22,76.12,74.96,75.97,21195261,MSFT
2017-10-06,75.67,76.03,75.54,76.0,13959814,MSFT
2017-10-09,75.97,76.55,75.86,76.29,11386502,MSFT
2017-10-10,76.33,76.63,76.14,76.29,13944545,MSFT
2017-10-11,76.36,76.46,75.95,76.42,15388898,MSFT
2017-10-12,76.49,77.29,76.37,77.12,16876538,MSFT
2017-10-13,77.59,77.87,77.29,77.49,15335742,MSFT
2017-10-16,77.42,77.81,77.35,77.65,12380093,MSFT
2017-10-17,77.47,77.62,77.25,77.59,16823989,MSFT
2017-10-18,77.67,77.85,77.37,77.61,13300701,MSFT
2017-10-19,77.57,77.93,77.35,77.91,15092758,MSFT
2017-10-20,78.32,78.97,78.22,78.81,22866426,MSFT
2017-10-23,78.99,79.34,78.76,78.83,20627173,MSFT
2017-10-24,78.9,79.2,78.46,78.86,17517182,MSFT
2017-10-25,78.58,79.1,78.01,78.63,20410808,MSFT
2017-10-26,79.2,79.42,78.75,78.76,32120717,MSFT
2017-10-27,84.37,86.2,83.61,83.81,71066729,MSFT
2017-10-30,83.7,84.325,83.105,83.89,31756653,MSFT
2017-10-31,84.36,84.36,83.11,83.18,27086575,MSFT
2017-11-01,83.68,83.76,82.88,83.18,22307371,MSFT
2017-11-02,83.35,84.46,83.12,84.05,23992945,MSFT
2017-11-03,84.08,84.54,83.4,84.14,17633543,MSFT
2017-11-06,84.2,84.7,84.0825,84.47,19860852,MSFT
2017-11-07,84.77,84.9,83.93,84.27,17939727,MSFT
2017-11-08,84.14,84.61,83.83,84.56,18034170,MSFT
2017-11-09,84.11,84.27,82.9,84.09,21171550,MSFT
2017-11-10,83.79,84.095,83.23,83.87,19397793,MSFT
2017-11-13,83.66,83.94,83.46,83.93,14196896,MSFT
2017-11-14,83.5,84.1,82.98,84.05,18801280,MSFT
2017-11-15,83.47,83.69,82.69,82.98,19383102,MSFT
2017-11-16,83.1,83.42,82.94,83.2,20962750,MSFT
2017-11-17,83.12,83.12,82.24,82.4,22078993,MSFT
2017-11-20,82.4,82.59,82.25,82.53,16314978,MSFT
2017-11-21,82.74,83.84,82.74,83.72,21237454,MSFT
2017-11-22,83.83,83.9,83.04,83.11,20553089,MSFT
2017-11-24,83.01,83.43,82.78,83.26,7425603,MSFT
2017-11-27,83.31,83.98,83.3,83.87,18265242,MSFT
2017-11-28,84.07,85.06,84.02,84.88,21925959,MSFT
2017-11-29,84.71,84.9172,83.175,83.34,27381109,MSFT
2017-11-30,83.51,84.52,83.34,84.17,33054647,MSFT
2017-12-01,83.6,84.81,83.22,84.26,29532132,MSFT
2017-12-04,84.42,84.4299,80.7,81.08,39094880,MSFT
2017-12-05,81.34,82.68,80.9801,81.59,26152261,MSFT
2017-12-06,81.55,83.14,81.43,82.78,26162054,MSFT
2017-12-07,82.54,82.8,82.0,82.49,23184547,MSFT
2017-12-08,83.63,84.58,83.33,84.16,24489106,MSFT
2017-12-11,84.29,85.37,84.12,85.23,22857854,MSFT
2017-12-12,85.31,86.05,85.08,85.58,23924105,MSFT
2017-12-13,85.74,86.0,85.17,85.35,22062679,MSFT
2017-12-14,85.43,85.8739,84.53,84.69,19305961,MSFT
2017-12-15,85.26,87.09,84.88,86.85,53936687,MSFT
2017-12-18,87.12,87.4999,86.23,86.38,22283752,MSFT
2017-12-19,86.35,86.35,85.27,85.83,23524787,MSFT
2017-12-20,86.2,86.3,84.71,85.52,23674931,MSFT
2017-12-21,86.05,86.1,85.4,85.5,17990745,MSFT
2017-12-22,85.4,85.63,84.92,85.51,14145841,MSFT
2017-12-26,85.31,85.5346,85.03,85.4,9891237,MSFT
2017-12-27,85.65,85.98,85.215,85.71,14678025,MSFT
2017-12-28,85.9,85.93,85.55,85.72,10594344,MSFT
2017-12-29,85.63,86.05,85.5,85.54,18717406,MSFT
2018-01-02,86.125,86.31,85.5,85.95,22483797,MSFT
2018-01-03,86.055,86.51,85.97,86.35,26061439,MSFT
2018-01-04,86.59,87.66,86.57,87.11,21911974,MSFT
2018-01-05,87.66,88.41,87.43,88.19,23407110,MSFT
2018-01-08,88.2,88.58,87.6046,88.28,22113049,MSFT
2018-01-09,88.65,88.7272,87.86,88.22,19484317,MSFT
2018-01-10,87.86,88.19,87.41,87.82,18652201,MSFT
2018-01-11,88.13,88.13,87.24,88.08,17808877,MSFT
2018-01-12,88.67,89.78,88.45,89.6,24271531,MSFT
2018-01-16,90.1,90.79,88.0104,88.35,36599736,MSFT
2018-01-17,89.08,90.28,88.75,90.14,25621164,MSFT
2018-01-18,89.8,90.67,89.66,90.1,24159683,MSFT
2018-01-19,90.14,90.61,89.66,90.0,36875013,MSFT
2018-01-22,90.0,91.62,89.74,91.61,23601555,MSFT
2018-01-23,91.9,92.3,91.54,91.9,23412841,MSFT
2018-01-24,92.55,93.43,91.58,91.82,33277483,MSFT
2018-01-25,92.465,93.24,91.93,92.33,26383238,MSFT
2018-01-26,93.12,94.06,92.58,94.06,29172167,MSFT
2018-01-29,95.14,95.45,93.72,93.92,31569940,MSFT
2018-01-30,93.3,93.66,92.1,92.74,38635053,MSFT
2018-01-31,93.75,95.4,93.51,95.01,48756338,MSFT
2018-02-01,94.79,96.07,93.5813,94.26,47227882,MSFT
2018-02-02,93.64,93.97,91.5,91.78,47867753,MSFT
2018-02-05,90.56,93.24,88.0,88.0,51031465,MSFT
2018-02-06,86.89,91.475,85.25,91.33,67998564,MSFT
2018-02-07,90.49,91.77,89.2,89.61,41107592,MSFT
2013-02-08,12.37,12.4699,12.29,12.37,7677336,NVDA
2013-02-11,12.47,12.635,12.35,12.51,10207599,NVDA
2013-02-12,12.395,12.565,12.38,12.43,6945065,NVDA
2013-02-13,12.44,12.665,12.33,12.37,21322573,NVDA
2013-02-14,12.2,12.74,12.05,12.73,22049335,NVDA
2013-02-15,12.7,12.79,12.45,12.731,18346464,NVDA
2013-02-19,12.74,12.75,12.48,12.555,10838622,NVDA
2013-02-20,12.6,12.8,12.34,12.38,17825217,NVDA
2013-02-21,12.36,12.5,12.26,12.29,14510133,NVDA
2013-02-22,12.37,12.53,12.3,12.52,9253663,NVDA
2013-02-25,12.55,12.65,12.28,12.3,16111033,NVDA
2013-02-26,12.25,12.435,12.2091,12.37,12187503,NVDA
2013-02-27,12.37,12.69,12.34,12.6,11924412,NVDA
2013-02-28,12.56,12.85,12.51,12.66,14784738,NVDA
2013-03-01,12.57,12.75,12.455,12.71,9734824,NVDA
2013-03-04,12.62,12.775,12.52,12.655,8841914,NVDA
2013-03-05,12.73,12.82,12.665,12.8,9152494,NVDA
2013-03-06,12.88,13.0,12.73,12.79,8572283,NVDA
2013-03-07,12.86,12.99,12.6871,12.76,7869650,NVDA
2013-03-08,12.79,12.88,12.73,12.82,6161582,NVDA
2013-03-11,12.69,12.75,12.59,12.695,7493637,NVDA
2013-03-12,12.68,12.78,12.56,12.74,7771097,NVDA
2013-03-13,12.74,12.9562,12.62,12.74,12145898,NVDA
2013-03-14,12.82,12.86,12.67,12.75,9582541,NVDA
2013-03-15,12.75,12.75,12.59,12.64,8894379,NVDA
2013-03-18,12.56,12.67,12.46,12.55,7457792,NVDA
2013-03-19,12.56,12.62,12.38,12.47,8869010,NVDA
2013-03-20,12.59,12.66,12.475,12.62,8514701,NVDA
2013-03-21,12.55,12.57,12.4,12.42,8475752,NVDA
2013-03-22,12.46,12.53,12.41,12.48,5764549,NVDA
2013-03-25,12.55,12.56,12.32,12.41,9051901,NVDA
2013-03-26,12.44,12.51,12.39,12.5,5813496,NVDA
2013-03-27,12.45,12.72,12.42,12.65,6372811,NVDA
2013-03-28,12.62,12.84,12.53,12.83,8731828,NVDA
2013-04-01,12.8,12.8,12.32,12.41,11070635,NVDA
2013-04-02,12.42,12.45,12.2,12.275,9288074,NVDA
2013-04-03,12.26,12.33,12.04,12.126,8812967,NVDA
2013-04-04,12.09,12.29,12.05,12.245,7366850,NVDA
2013-04-05,12.07,12.46,12.04,12.46,13783274,NVDA
2013-04-08,12.47,12.47,12.195,12.43,8166419,NVDA
2013-04-09,12.44,12.72,12.35,12.63,9514523,NVDA
2013-04-10,12.64,12.85,12.61,12.83,9617104,NVDA
2013-04-11,12.65,12.85,12.3,12.77,24229958,NVDA
2013-04-12,12.83,13.23,12.72,13.09,19262936,NVDA
2013-04-15,13.05,13.09,12.74,12.82,10760467,NVDA
2013-04-16,12.94,13.05,12.87,12.96,11721027,NVDA
2013-04-17,12.86,12.98,12.71,12.785,13323630,NVDA
2013-04-18,12.82,12.9,12.54,12.54,10063689,NVDA
2013-04-19,12.53,12.605,12.37,12.57,7575697,NVDA
2013-04-22,12.56,12.7,12.46,12.59,6139119,NVDA
2013-04-23,12.7,13.05,12.68,12.92,9422491,NVDA
2013-04-24,12.96,13.47,12.95,13.36,13913473,NVDA
2013-04-25,13.43,13.5,13.31,13.47,8830561,NVDA
2013-04-26,13.45,13.47,13.335,13.41,8108269,NVDA
2013-04-29,13.43,13.62,13.37,13.57,6742210,NVDA
2013-04-30,13.6,13.77,13.51,13.77,6917579,NVDA
2013-05-01,13.77,13.86,13.6025,13.65,8532822,NVDA
2013-05-02,13.64,13.85,13.56,13.81,8086750,NVDA
2013-05-03,13.9,13.97,13.82,13.87,7346592,NVDA
2013-05-06,13.87,13.945,13.75,13.83,5427497,NVDA
2013-05-07,13.83,13.86,13.52,13.65,11201659,NVDA
2013-05-08,13.67,13.98,13.62,13.899,8348753,NVDA
2013-05-09,13.65,13.97,13.63,13.91,14147961,NVDA
2013-05-10,14.2,14.6,14.2,14.54,21528101,NVDA
2013-05-13,14.44,14.5,14.18,14.24,7245247,NVDA
2013-05-14,14.41,14.57,14.265,14.45,11353420,NVDA
2013-05-15,14.38,14.75,14.38,14.695,7829110,NVDA
2013-05-16,14.68,14.83,14.58,14.63,7709115,NVDA
2013-05-17,14.7,14.97,14.59,14.87,7802832,NVDA
2013-05-20,14.81,14.895,14.76,14.84,5909473,NVDA
2013-05-21,14.85,14.98,14.675,14.92,8944627,NVDA
2013-05-22,14.98,14.98,14.34,14.4,12009887,NVDA
2013-05-23,14.23,14.675,14.19,14.63,9847057,NVDA
2013-05-24,14.55,14.67,14.38,14.54,7082532,NVDA
2013-05-28,14.65,14.69,14.39,14.53,6982413,NVDA
2013-05-29,14.44,14.5301,14.38,14.44,8376206,NVDA
2013-05-30,14.42,14.775,14.38,14.63,7112502,NVDA
2013-05-31,14.55,14.76,14.47,14.47,14437491,NVDA
2013-06-03,14.49,14.6,14.15,14.45,11111622,NVDA
2013-06-04,14.54,14.8,14.38,14.47,9091806,NVDA
2013-06-05,14.45,14.56,14.12,14.16,11612947,NVDA
2013-06-06,14.16,14.36,14.15,14.25,8393406,NVDA
2013-06-07,14.35,14.54,14.29,14.445,6864547,NVDA
2013-06-10,14.41,14.53,14.33,14.44,5603577,NVDA
2013-06-11,14.25,14.45,14.17,14.17,7407635,NVDA
2013-06-12,14.24,14.355,13.97,14.05,7814620,NVDA
2013-06-13,14.0,14.44,13.99,14.37,5905741,NVDA
2013-06-14,14.42,14.441,14.25,14.35,5900263,NVDA
2013-06-17,14.46,14.62,14.38,14.49,6383306,NVDA
2013-06-18,14.56,14.72,14.28,14.4,12169286,NVDA
2013-06-19,14.53,15.48,14.48,14.84,28989638,NVDA
2013-06-20,14.72,14.74,14.335,14.44,15717345,NVDA
2013-06-21,14.52,14.57,14.18,14.415,17856555,NVDA
2013-06-24,14.21,14.39,13.91,14.12,14519268,NVDA
2013-06-25,14.27,14.3,14.07,14.22,11433991,NVDA
2013-06-26,14.38,14.395,14.08,14.14,14493715,NVDA
2013-06-27,14.18,14.2,13.86,14.01,20200844,NVDA
2013-06-28,14.01,14.18,13.83,14.04,10788354,NVDA
2013-07-01,14.14,14.17,14.0149,14.1,4988089,NVDA
2013-07-02,14.02,14.3,13.96,14.09,6409772,NVDA
2013-07-03,13.97,14.3,13.97,14.13,3509626,NVDA
2013-07-05,14.17,14.27,14.075,14.24,4617003,NVDA
2013-07-08,14.28,14.35,14.09,14.165,6552091,NVDA
2013-07-09,14.2,14.3275,14.16,14.241,3934067,NVDA
2013-07-10,14.24,14.47,14.2,14.43,5211631,NVDA
2013-07-11,14.51,14.65,14.48,14.63,5995754,NVDA
2013-07-12,14.6,14.78,14.55,14.64,5408977,NVDA
2013-07-15,14.67,14.67,14.38,14.61,5033274,NVDA
2013-07-16,14.67,14.77,14.595,14.69,4063924,NVDA
2013-07-17,14.69,14.74,14.57,14.61,4152447,NVDA
2013-07-18,14.59,14.64,14.36,14.55,8611201,NVDA
2013-07-19,14.46,14.53,14.09,14.24,12013213,NVDA
2013-07-22,14.35,14.48,14.17,14.23,7309515,NVDA
2013-07-23,14.41,14.41,14.14,14.21,6169787,NVDA
2013-07-24,14.34,14.38,14.19,14.21,7106268,NVDA
2013-07-25,14.2,14.445,14.1,14.26,6082933,NVDA
2013-07-26,14.09,14.285,14.09,14.2,5683999,NVDA
2013-07-29,14.17,14.35,14.13,14.17,4488482,NVDA
2013-07-30,14.22,14.6,14.21,14.41,6651862,NVDA
2013-07-31,14.34,14.58,14.33,14.435,6753993,NVDA
2013-08-01,14.49,14.67,14.32,14.64,6940830,NVDA
2013-08-02,14.61,14.79,14.51,14.76,5228977,NVDA
2013-08-05,14.72,14.88,14.645,14.83,4629714,NVDA
2013-08-06,14.84,14.87,14.58,14.61,5165229,NVDA
2013-08-07,14.53,14.75,14.52,14.6,6110689,NVDA
2013-08-08,14.68,14.765,14.51,14.699,8623655,NVDA
2013-08-09,14.12,14.71,14.11,14.49,22655840,NVDA
2013-08-12,13.9,14.58,13.11,14.37,6439163,NVDA
2013-08-13,14.39,14.48,14.3,14.42,4936666,NVDA
2013-08-14,14.39,15.12,14.38,15.03,20717958,NVDA
2013-08-15,14.87,15.25,14.81,15.125,18090389,NVDA
2013-08-16,15.1,15.4,15.07,15.189,16511365,NVDA
2013-08-19,15.1,15.15,14.94,14.95,9835807,NVDA
2013-08-20,14.87,15.05,14.85,14.95,5855371,NVDA
2013-08-21,14.86,15.05,14.82,14.88,6538524,NVDA
2013-08-22,14.87,15.1,14.87,14.96,3225090,NVDA
2013-08-23,14.98,15.1,14.93,14.96,6131533,NVDA
2013-08-26,14.97,15.03,14.93,14.995,7508270,NVDA
2013-08-27,14.85,14.95,14.75,14.805,6936522,NVDA
2013-08-28,14.83,14.94,14.74,14.8,7970607,NVDA
2013-08-29,14.75,14.91,14.71,14.77,6905449,NVDA
2013-08-30,14.78,14.82,14.68,14.75,9497289,NVDA
2013-09-03,14.79,14.97,14.67,14.76,7116950,NVDA
2013-09-04,14.76,14.99,14.74,14.9,5551997,NVDA
2013-09-05,14.84,15.0,14.83,14.94,4343331,NVDA
2013-09-06,14.95,15.03,14.765,14.88,5669014,NVDA
2013-09-09,15.0,15.13,14.96,15.125,6160150,NVDA
2013-09-10,15.24,15.46,15.17,15.45,7303331,NVDA
2013-09-11,15.43,15.75,15.323,15.71,9904141,NVDA
2013-09-12,15.63,15.9,15.63,15.7,7595431,NVDA
2013-09-13,15.75,15.87,15.64,15.8,3992418,NVDA
2013-09-16,15.93,16.04,15.75,15.81,5889358,NVDA
2013-09-17,15.87,15.99,15.8,15.86,4215183,NVDA
2013-09-18,15.87,16.04,15.79,15.999,6704142,NVDA
2013-09-19,16.07,16.1,15.86,15.925,5689280,NVDA
2013-09-20,15.97,16.069,15.76,15.795,8881511,NVDA
2013-09-23,15.78,15.91,15.55,15.64,6781230,NVDA
2013-09-24,15.65,15.76,15.56,15.7,5710758,NVDA
2013-09-25,15.67,15.84,15.6,15.725,5828944,NVDA
2013-09-26,15.76,15.79,15.58,15.67,3720367,NVDA
2013-09-27,15.55,15.68,15.49,15.58,3797976,NVDA
2013-09-30,15.42,15.67,15.33,15.56,5667976,NVDA
2013-10-01,15.58,15.655,15.465,15.55,5674359,NVDA
2013-10-02,15.39,15.6,15.39,15.54,4050894,NVDA
2013-10-03,15.55,15.692,15.305,15.38,10919158,NVDA
2013-10-04,15.36,15.72,15.32,15.59,6143372,NVDA
2013-10-07,15.53,15.7,15.45,15.59,4248798,NVDA
2013-10-08,15.55,15.77,15.34,15.46,7269775,NVDA
2013-10-09,15.56,15.57,15.14,15.22,6896549,NVDA
2013-10-10,15.33,15.43,15.22,15.385,5587344,NVDA
2013-10-11,15.15,15.34,15.1,15.26,5342613,NVDA
2013-10-14,15.22,15.49,15.22,15.49,4165705,NVDA
2013-10-15,15.49,15.5799,15.4,15.41,5221695,NVDA
2013-10-16,15.5,15.66,15.48,15.6,5251781,NVDA
2013-10-17,15.48,15.67,15.48,15.63,5333061,NVDA
2013-10-18,15.6,15.86,15.54,15.81,6376653,NVDA
2013-10-21,16.0,16.01,15.8,15.85,4875242,NVDA
2013-10-22,15.85,15.86,15.63,15.77,4486650,NVDA
2013-10-23,15.74,15.74,15.45,15.501,6305779,NVDA
2013-10-24,15.54,15.64,15.364,15.385,5910900,NVDA
2013-10-25,15.47,15.48,15.19,15.24,8262549,NVDA
2013-10-28,15.22,15.29,15.0,15.21,9850566,NVDA
2013-10-29,15.19,15.26,15.05,15.23,9698815,NVDA
2013-10-30,15.28,15.35,15.09,15.22,5100763,NVDA
2013-10-31,15.24,15.35,15.16,15.189,7334228,NVDA
2013-11-01,15.27,15.33,15.15,15.255,5153427,NVDA
2013-11-04,15.31,15.31,14.79,14.82,10257119,NVDA
2013-11-05,14.73,14.865,14.57,14.8,10559379,NVDA
2013-11-06,14.8,14.91,14.65,14.9,4951107,NVDA
2013-11-07,14.85,14.89,14.52,14.545,13826909,NVDA
2013-11-08,15.0,15.61,14.935,15.56,18364379,NVDA
2013-11-11,15.5,15.73,15.47,15.69,7442225,NVDA
2013-11-12,15.76,15.85,15.54,15.715,7901138,NVDA
2013-11-13,15.68,16.15,15.65,16.15,8319942,NVDA
2013-11-14,16.1,16.315,16.09,16.22,7699506,NVDA
2013-11-15,16.28,16.3,16.01,16.17,11258291,NVDA
2013-11-18,15.82,15.96,15.74,15.78,7924864,NVDA
2013-11-19,15.62,15.76,15.42,15.44,5167934,NVDA
2013-11-20,15.45,15.49,15.18,15.21,5119353,NVDA
2013-11-21,15.23,15.36,15.16,15.33,5339156,NVDA
2013-11-22,15.35,15.35,15.15,15.18,3966684,NVDA
2013-11-25,15.18,15.53,15.18,15.51,6205194,NVDA
2013-11-26,15.68,15.805,15.575,15.64,18830379,NVDA
2013-11-27,15.63,15.745,15.53,15.7,4531837,NVDA
2013-11-29,15.7,15.74,15.5,15.6,2924092,NVDA
2013-12-02,15.54,15.86,15.51,15.75,9346848,NVDA
2013-12-03,15.8,15.955,15.64,15.74,7264021,NVDA
2013-12-04,15.7,15.99,15.655,15.96,12329427,NVDA
2013-12-05,15.99,15.99,15.68,15.7,6795314,NVDA
2013-12-06,15.89,15.89,15.43,15.47,7025014,NVDA
2013-12-09,15.47,15.52,15.18,15.205,9632780,NVDA
2013-12-10,15.21,15.63,15.19,15.56,13106821,NVDA
2013-12-11,15.59,15.61,15.38,15.41,10353895,NVDA
2013-12-12,15.36,15.44,15.08,15.11,6468071,NVDA
2013-12-13,15.14,15.25,15.0,15.02,4614824,NVDA
2013-12-16,15.03,15.17,15.02,15.04,5944503,NVDA
2013-12-17,15.03,15.15,14.9,15.11,6856787,NVDA
2013-12-18,15.14,15.35,14.95,15.32,10655787,NVDA
2013-12-19,15.3,15.4,15.2,15.38,6465532,NVDA
2013-12-20,15.41,15.7,15.37,15.685,9552017,NVDA
2013-12-23,15.78,15.91,15.65,15.78,4214188,NVDA
2013-12-24,15.87,15.87,15.66,15.82,1990034,NVDA
2013-12-26,15.88,15.925,15.63,15.67,4223004,NVDA
2013-12-27,15.75,15.79,15.66,15.76,5274425,NVDA
2013-12-30,15.77,15.98,15.75,15.97,6205267,NVDA
2013-12-31,16.0,16.1,15.9,16.02,5894631,NVDA
2014-01-02,15.92,15.98,15.72,15.86,6502296,NVDA
2014-01-03,15.89,15.9201,15.62,15.67,6483288,NVDA
2014-01-06,15.83,16.0,15.68,15.88,10237417,NVDA
2014-01-07,16.04,16.2,15.925,16.14,8332170,NVDA
2014-01-08,16.2,16.44,16.14,16.36,7704980,NVDA
2014-01-09,16.11,16.14,15.7,15.75,7305079,NVDA
2014-01-10,15.8,15.91,15.59,15.73,5462334,NVDA
2014-01-13,15.73,15.825,15.33,15.36,6083299,NVDA
2014-01-14,15.44,15.87,15.37,15.84,6045663,NVDA
2014-01-15,15.91,16.065,15.84,16.01,4376071,NVDA
2014-01-16,16.01,16.09,15.9401,16.06,5516399,NVDA
2014-01-17,16.06,16.25,15.89,15.99,8510019,NVDA
2014-01-21,16.01,16.15,15.88,16.05,6151916,NVDA
2014-01-22,16.08,16.1,15.84,16.03,8448495,NVDA
2014-01-23,15.98,16.15,15.85,15.97,4625672,NVDA
2014-01-24,15.84,15.9,15.56,15.56,6206187,NVDA
2014-01-27,15.56,15.78,15.37,15.46,5845310,NVDA
2014-01-28,15.43,15.62,15.37,15.61,4199851,NVDA
2014-01-29,15.55,15.64,15.45,15.46,3963038,NVDA
2014-01-30,15.55,15.75,15.5,15.72,5072356,NVDA
2014-01-31,15.5,15.79,15.49,15.7,8383660,NVDA
2014-02-03,15.81,15.83,15.43,15.49,10793190,NVDA
2014-02-04,15.48,15.61,15.4,15.58,7017337,NVDA
2014-02-05,15.47,15.52,15.32,15.44,5366932,NVDA
2014-02-06,15.46,15.68,15.44,15.64,4209541,NVDA
2014-02-07,15.68,15.89,15.54,15.87,3934156,NVDA
2014-02-10,15.85,16.13,15.835,15.92,8109337,NVDA
2014-02-11,16.01,16.29,15.9301,16.25,5887273,NVDA
2014-02-12,16.3,16.95,16.3,16.83,18640751,NVDA
2014-02-13,17.25,17.46,16.95,17.36,22572405,NVDA
2014-02-14,17.2,17.95,17.19,17.91,20442453,NVDA
2014-02-18,17.92,17.98,17.75,17.9,10727375,NVDA
2014-02-19,17.9,18.3,17.82,18.14,11261515,NVDA
2014-02-20,18.18,18.815,18.15,18.78,9952295,NVDA
2014-02-21,18.75,18.99,18.52,18.64,11276326,NVDA
2014-02-24,18.6,19.05,18.43,18.91,10081460,NVDA
2014-02-25,18.8,18.88,18.54,18.74,6063033,NVDA
2014-02-26,18.7,18.98,18.65,18.71,9022436,NVDA
2014-02-27,18.71,18.9,18.45,18.5,9721168,NVDA
2014-02-28,18.4,18.58,18.1144,18.38,8042268,NVDA
2014-03-03,17.97,18.29,17.81,18.29,9398673,NVDA
2014-03-04,18.38,18.6,18.35,18.48,6512928,NVDA
2014-03-05,18.46,18.65,18.38,18.64,6037348,NVDA
2014-03-06,18.67,18.77,18.35,18.38,7253593,NVDA
2014-03-07,18.46,18.49,18.215,18.36,6711381,NVDA
2014-03-10,18.3,18.38,18.01,18.09,7522349,NVDA
2014-03-11,18.18,18.43,18.12,18.27,7433477,NVDA
2014-03-12,18.18,18.43,18.11,18.32,5988435,NVDA
2014-03-13,18.36,18.43,17.65,17.74,9629303,NVDA
2014-03-14,17.56,17.98,17.56,17.82,11501151,NVDA
2014-03-17,17.87,18.0,17.8,17.82,7492810,NVDA
2014-03-18,17.89,18.36,17.81,18.24,7347616,NVDA
2014-03-19,18.38,18.91,18.33,18.555,9154164,NVDA
2014-03-20,18.46,18.73,18.38,18.57,4795035,NVDA
2014-03-21,18.73,18.88,18.44,18.54,14152926,NVDA
2014-03-24,18.55,18.7,18.18,18.45,7652386,NVDA
2014-03-25,18.65,18.67,18.31,18.45,7610605,NVDA
2014-03-26,18.62,18.97,17.87,18.03,13944439,NVDA
2014-03-27,17.99,18.14,17.585,17.79,13518378,NVDA
2014-03-28,17.76,18.01,17.71,17.9,9970737,NVDA
2014-03-31,17.93,18.09,17.805,17.91,6835058,NVDA
2014-04-01,18.48,18.87,18.26,18.65,16408058,NVDA
2014-04-02,18.65,18.69,18.45,18.53,5998666,NVDA
2014-04-03,18.57,19.185,18.56,18.73,14991601,NVDA
2014-04-04,18.83,18.94,18.065,18.15,9200826,NVDA
2014-04-07,18.16,18.56,18.06,18.21,10714407,NVDA
2014-04-08,18.21,18.91,18.1803,18.86,11767342,NVDA
2014-04-09,18.95,19.11,18.69,18.84,10549192,NVDA
2014-04-10,18.76,19.02,18.32,18.38,9321880,NVDA
2014-04-11,18.24,18.52,17.88,18.12,8827791,NVDA
2014-04-14,18.24,18.39,18.12,18.32,7254648,NVDA
2014-04-15,18.34,18.55,18.16,18.45,7615921,NVDA
2014-04-16,18.54,18.56,18.255,18.49,5878433,NVDA
2014-04-17,18.42,18.73,18.38,18.56,3838325,NVDA
2014-04-21,18.57,18.76,18.45,18.71,2925085,NVDA
2014-04-22,18.74,18.99,18.64,18.87,6379060,NVDA
2014-04-23,18.9,19.14,18.87,19.09,6539608,NVDA
2014-04-24,19.22,19.46,19.22,19.26,9787503,NVDA
2014-04-25,19.22,19.4,18.69,18.73,7840012,NVDA
2014-04-28,18.88,18.98,18.42,18.65,5669699,NVDA
2014-04-29,18.72,18.757,18.48,18.69,4282994,NVDA
2014-04-30,18.66,18.68,18.43,18.47,7644474,NVDA
2014-05-01,18.75,18.79,18.42,18.57,4952689,NVDA
2014-05-02,18.66,18.66,18.32,18.43,3909378,NVDA
2014-05-05,18.41,18.77,18.39,18.63,5981457,NVDA
2014-05-06,18.81,18.97,18.2,18.25,10404742,NVDA
2014-05-07,18.25,18.42,18.07,18.275,7350440,NVDA
2014-05-08,18.2,18.79,18.11,18.5,10818490,NVDA
2014-05-09,17.94,18.11,17.71,18.05,13488260,NVDA
2014-05-12,18.09,18.62,18.08,18.58,7496353,NVDA
2014-05-13,18.33,18.63,18.22,18.28,5527597,NVDA
2014-05-14,18.29,18.36,18.09,18.1,5358034,NVDA
2014-05-15,18.06,18.16,17.82,18.0,8147862,NVDA
2014-05-16,17.86,18.09,17.86,17.96,7098958,NVDA
2014-05-19,18.15,18.64,18.07,18.54,9002026,NVDA
2014-05-20,18.46,18.51,18.15,18.24,6405005,NVDA
2014-05-21,18.31,18.465,18.125,18.24,5417775,NVDA
2014-05-22,18.2,18.42,18.2,18.32,3259588,NVDA
2014-05-23,18.42,18.58,18.31,18.49,4566438,NVDA
2014-05-27,18.6,18.82,18.54,18.82,5242005,NVDA
2014-05-28,18.89,19.1,18.71,18.98,5617852,NVDA
2014-05-29,18.97,19.13,18.91,18.95,4297080,NVDA
2014-05-30,18.95,19.05,18.85,19.0,5977913,NVDA
2014-06-02,19.06,19.18,18.78,18.94,4537471,NVDA
2014-06-03,18.98,19.0,18.61,18.86,6080259,NVDA
2014-06-04,18.81,19.02,18.8,18.88,4030858,NVDA
2014-06-05,18.91,19.02,18.8,18.96,4717374,NVDA
2014-06-06,19.05,19.2,18.98,19.03,4026269,NVDA
2014-06-09,19.01,19.23,18.88,19.05,6186356,NVDA
2014-06-10,18.98,19.24,18.9,19.15,5440162,NVDA
2014-06-11,19.08,19.445,19.08,19.4,6655773,NVDA
2014-06-12,19.4,19.61,19.23,19.52,8429047,NVDA
2014-06-13,19.72,19.73,19.35,19.54,5696281,NVDA
2014-06-16,19.45,19.61,19.31,19.48,4965472,NVDA
2014-06-17,19.5,19.69,19.4,19.61,3940353,NVDA
2014-06-18,19.56,19.68,19.38,19.59,5388381,NVDA
2014-06-19,19.23,19.33,19.0,19.138,11864822,NVDA
2014-06-20,19.19,19.255,18.78,18.93,8828658,NVDA
2014-06-23,18.68,18.72,18.46,18.71,10355032,NVDA
2014-06-24,18.68,18.83,18.34,18.42,6894480,NVDA
2014-06-25,18.47,18.62,18.3,18.61,5385489,NVDA
2014-06-26,18.61,18.62,18.3,18.36,6422671,NVDA
2014-06-27,18.34,18.49,18.23,18.38,7570516,NVDA
2014-06-30,18.31,18.59,18.31,18.54,4514184,NVDA
2014-07-01,18.52,18.855,18.46,18.75,8029625,NVDA
2014-07-02,18.68,18.76,18.57,18.6825,4482096,NVDA
2014-07-03,18.51,18.9,18.51,18.85,3422256,NVDA
2014-07-07,18.88,18.89,18.67,18.7,3187483,NVDA
2014-07-08,18.65,18.73,18.37,18.55,5550035,NVDA
2014-07-09,18.71,19.19,18.57,19.11,9691765,NVDA
2014-07-10,18.75,19.09,18.6,19.005,6657739,NVDA
2014-07-11,19.03,19.11,18.96,19.05,4780418,NVDA
2014-07-14,19.13,19.34,19.06,19.29,6815867,NVDA
2014-07-15,19.32,19.42,19.19,19.37,9885981,NVDA
2014-07-16,19.45,19.6,19.24,19.35,7993210,NVDA
2014-07-17,19.13,19.5,19.13,19.3,8122920,NVDA
2014-07-18,18.9,19.05,18.41,18.44,14196417,NVDA
2014-07-21,18.37,18.68,18.37,18.55,6084223,NVDA
2014-07-22,18.69,18.79,18.43,18.47,7470420,NVDA
2014-07-23,18.48,18.49,18.06,18.08,7433795,NVDA
2014-07-24,18.18,18.23,17.98,18.11,6364433,NVDA
2014-07-25,18.05,18.09,17.76,17.79,6653367,NVDA
2014-07-28,17.87,17.87,17.415,17.72,8258849,NVDA
2014-07-29,17.73,18.02,17.72,17.78,5449327,NVDA
2014-07-30,17.89,18.13,17.84,18.08,6155073,NVDA
2014-07-31,17.86,18.0,17.465,17.5,10047917,NVDA
2014-08-01,17.5,17.79,17.44,17.69,5497060,NVDA
2014-08-04,17.67,17.82,17.56,17.65,6043554,NVDA
2014-08-05,17.6,17.92,17.45,17.66,7458434,NVDA
2014-08-06,17.54,17.86,17.41,17.64,5586470,NVDA
2014-08-07,17.79,17.95,17.34,17.46,10200345,NVDA
2014-08-08,18.22,19.1,18.22,19.0,22366081,NVDA
2014-08-11,19.02,19.1,18.85,18.9,8615557,NVDA
2014-08-12,18.89,19.0,18.69,18.9,7403784,NVDA
2014-08-13,18.93,19.17,18.81,19.01,6414874,NVDA
2014-08-14,19.08,19.08,18.72,18.8,6399781,NVDA
2014-08-15,18.86,19.145,18.68,19.04,9249383,NVDA
2014-08-18,19.12,19.32,18.93,19.3,7102895,NVDA
2014-08-19,19.22,19.47,19.15,19.37,6206499,NVDA
2014-08-20,19.3,19.39,19.205,19.25,5536746,NVDA
2014-08-21,19.2,19.3,19.04,19.07,6819882,NVDA
2014-08-22,19.05,19.24,18.93,19.08,6280582,NVDA
2014-08-25,19.16,19.29,19.07,19.11,3834454,NVDA
2014-08-26,19.16,19.49,19.09,19.455,6740958,NVDA
2014-08-27,19.33,19.475,19.2,19.23,4574336,NVDA
2014-08-28,19.19,19.43,19.13,19.39,4492628,NVDA
2014-08-29,19.46,19.49,19.25,19.45,5198761,NVDA
2014-09-02,19.5,19.5,19.315,19.495,4815883,NVDA
2014-09-03,19.6,19.75,19.47,19.685,6486429,NVDA
2014-09-04,19.65,20.15,19.64,20.03,12295805,NVDA
2014-09-05,20.01,20.1,19.84,19.97,6344896,NVDA
2014-09-08,19.95,19.99,19.71,19.79,7982245,NVDA
2014-09-09,19.7,19.83,19.52,19.54,4964806,NVDA
2014-09-10,19.65,19.685,19.425,19.61,4309435,NVDA
2014-09-11,19.47,19.54,19.2,19.41,6267986,NVDA
2014-09-12,19.53,19.53,19.095,19.12,6563409,NVDA
2014-09-15,19.18,19.21,18.78,18.86,7353902,NVDA
2014-09-16,18.81,19.24,18.75,19.135,5498477,NVDA
2014-09-17,19.09,19.33,19.0,19.15,4339601,NVDA
2014-09-18,19.27,19.46,19.21,19.44,5490120,NVDA
2014-09-19,19.5,19.52,19.05,19.08,15033424,NVDA
2014-09-22,19.47,19.47,18.87,18.89,5536598,NVDA
2014-09-23,18.79,19.02,18.72,18.81,4903604,NVDA
2014-09-24,18.8,18.98,18.78,18.92,3989961,NVDA
2014-09-25,18.9,18.95,18.47,18.51,7460994,NVDA
2014-09-26,18.57,18.69,18.49,18.545,6029702,NVDA
2014-09-29,18.4,18.65,18.2236,18.515,5213585,NVDA
2014-09-30,18.44,18.58,18.2301,18.45,6930130,NVDA
2014-10-01,18.48,18.61,18.22,18.27,8775121,NVDA
2014-10-02,18.24,18.33,17.77,18.19,7224861,NVDA
2014-10-03,18.3,18.55,18.23,18.23,5978474,NVDA
2014-10-06,18.3,18.45,18.0,18.12,4975777,NVDA
2014-10-07,18.04,18.215,17.905,17.925,7547439,NVDA
2014-10-08,17.91,18.35,17.77,18.26,6504284,NVDA
2014-10-09,18.18,18.195,17.76,17.91,7674982,NVDA
2014-10-10,17.77,17.83,16.84,16.845,17284422,NVDA
2014-10-13,16.96,17.3,16.77,16.785,9940730,NVDA
2014-10-14,17.02,17.65,16.92,17.175,9415488,NVDA
2014-10-15,16.93,17.53,16.815,17.44,10110978,NVDA
2014-10-16,17.13,17.65,17.09,17.45,8777944,NVDA
2014-10-17,17.66,17.865,17.35,17.42,7268519,NVDA
2014-10-20,17.42,17.725,17.3,17.57,5008404,NVDA
2014-10-21,17.7,18.34,17.65,18.32,8778272,NVDA
2014-10-22,18.29,18.35,17.89,17.89,5987921,NVDA
2014-10-23,18.2,18.42,18.07,18.285,5367494,NVDA
2014-10-24,18.4,18.59,18.285,18.48,5254152,NVDA
2014-10-27,18.47,18.56,18.27,18.49,3627782,NVDA
2014-10-28,18.44,18.955,18.42,18.93,4814453,NVDA
2014-10-29,18.85,18.96,18.64,18.805,4208504,NVDA
2014-10-30,18.76,18.84,18.45,18.69,4256451,NVDA
2014-10-31,19.12,19.55,19.02,19.54,6408266,NVDA
2014-11-03,19.99,20.06,19.77,19.87,7719851,NVDA
2014-11-04,20.0,20.2,19.67,20.13,9004886,NVDA
2014-11-05,20.25,20.255,19.98,20.13,8391257,NVDA
2014-11-06,20.17,20.25,19.86,20.22,9852201,NVDA
2014-11-07,20.45,20.6859,19.59,19.79,11269962,NVDA
2014-11-10,19.77,20.1501,19.72,20.02,7334724,NVDA
2014-11-11,19.9,20.01,19.605,19.78,5325270,NVDA
2014-11-12,19.71,19.76,19.38,19.645,5114569,NVDA
2014-11-13,19.72,19.749,19.39,19.55,5633239,NVDA
2014-11-14,19.57,19.79,19.375,19.785,4006181,NVDA
2014-11-17,19.7,19.91,19.57,19.695,3968295,NVDA
2014-11-18,19.71,20.22,19.66,20.17,5194312,NVDA
2014-11-19,20.1,20.16,19.8,20.01,6007542,NVDA
2014-11-20,19.87,20.36,19.81,20.34,5524226,NVDA
2014-11-21,20.52,20.55,20.28,20.455,4974441,NVDA
2014-11-24,20.5,20.67,20.42,20.58,3400125,NVDA
2014-11-25,20.54,20.72,20.5,20.57,4756021,NVDA
2014-11-26,20.45,20.94,20.44,20.915,5481634,NVDA
2014-11-28,20.99,21.09,20.8028,20.97,3120781,NVDA
2014-12-01,20.88,21.0,20.55,20.58,4751507,NVDA
2014-12-02,20.56,20.7,20.37,20.61,6148798,NVDA
2014-12-03,20.71,21.15,20.65,21.14,7111426,NVDA
2014-12-04,21.11,21.19,20.81,20.95,4665777,NVDA
2014-12-05,20.96,21.18,20.95,21.07,4142028,NVDA
2014-12-08,21.04,21.25,20.63,20.8,5676710,NVDA
2014-12-09,20.67,20.78,20.36,20.73,5986188,NVDA
2014-12-10,20.67,20.75,20.245,20.27,5117856,NVDA
2014-12-11,20.39,20.53,20.22,20.26,3391302,NVDA
2014-12-12,19.99,20.17,19.61,19.63,8103662,NVDA
2014-12-15,19.86,20.22,19.511,19.57,6367418,NVDA
2014-12-16,19.55,19.86,19.34,19.345,4632726,NVDA
2014-12-17,19.74,20.17,19.1,20.14,8639935,NVDA
2014-12-18,20.39,20.63,20.03,20.22,5653939,NVDA
2014-12-19,20.36,20.5,20.17,20.42,8138230,NVDA
2014-12-22,20.4,20.78,20.33,20.78,3724357,NVDA
2014-12-23,20.94,21.04,20.625,20.65,2731983,NVDA
2014-12-24,20.7,20.725,20.55,20.57,1141128,NVDA
2014-12-26,20.57,20.7,20.52,20.59,1316100,NVDA
2014-12-29,20.53,20.7,20.43,20.56,2083128,NVDA
2014-12-30,20.42,20.52,20.34,20.37,2803010,NVDA
2014-12-31,20.4,20.51,19.99,20.05,4157958,NVDA
2015-01-02,20.13,20.28,19.811,20.13,2842012,NVDA
2015-01-05,20.13,20.19,19.7,19.79,4948799,NVDA
2015-01-06,19.82,19.84,19.17,19.19,4944121,NVDA
2015-01-07,19.33,19.5,19.08,19.135,8045186,NVDA
2015-01-08,19.36,19.98,19.35,19.86,7094534,NVDA
2015-01-09,19.93,20.09,19.655,19.94,5238601,NVDA
2015-01-12,19.99,19.995,19.51,19.69,4768307,NVDA
2015-01-13,19.84,20.24,19.525,19.655,5917960,NVDA
2015-01-14,19.45,19.8,19.4,19.74,3881531,NVDA
2015-01-15,19.88,20.0,19.59,19.6,4723757,NVDA
2015-01-16,19.57,19.98,19.51,19.96,4537800,NVDA
2015-01-20,20.1,20.21,19.77,20.02,3507719,NVDA
2015-01-21,19.91,20.35,19.77,20.3,3619494,NVDA
2015-01-22,20.34,20.705,20.13,20.65,3992810,NVDA
2015-01-23,20.67,20.745,20.5,20.71,3010389,NVDA
2015-01-26,20.62,20.72,20.49,20.615,3331008,NVDA
2015-01-27,20.3,20.32,19.59,19.63,8948721,NVDA
2015-01-28,19.87,19.95,19.3,19.31,6818214,NVDA
2015-01-29,19.32,19.89,19.23,19.78,5883531,NVDA
2015-01-30,19.64,19.869,19.17,19.205,7454968,NVDA
2015-02-02,19.32,19.7,18.94,19.62,6490149,NVDA
2015-02-03,19.76,20.13,19.66,20.11,4586670,NVDA
2015-02-04,20.05,20.385,19.985,20.16,4537872,NVDA
2015-02-05,20.18,20.5,20.16,20.485,3511195,NVDA
2015-02-06,20.47,20.71,20.31,20.4,5263073,NVDA
2015-02-09,20.28,20.44,20.15,20.38,6849193,NVDA
2015-02-10,20.4,20.96,20.31,20.95,5655113,NVDA
2015-02-11,21.0,21.0,20.67,20.81,8020778,NVDA
2015-02-12,22.0,22.5,21.87,22.3,16922588,NVDA
2015-02-13,22.25,22.34,21.91,22.31,7752149,NVDA
2015-02-17,22.27,22.49,22.13,22.375,5083466,NVDA
2015-02-18,22.35,22.39,22.08,22.12,4273997,NVDA
2015-02-19,22.4,22.44,22.08,22.175,4235760,NVDA
2015-02-20,22.16,22.35,22.0,22.335,3943820,NVDA
2015-02-23,22.33,22.33,22.05,22.16,3125918,NVDA
2015-02-24,22.16,22.31,21.96,22.31,3733318,NVDA
2015-02-25,22.22,22.32,22.035,22.14,3095526,NVDA
2015-02-26,22.16,22.325,22.02,22.2,3821597,NVDA
2015-02-27,22.14,22.19,21.981,22.06,3937273,NVDA
2015-03-02,22.0,22.72,21.971,22.595,7537781,NVDA
2015-03-03,22.43,22.54,22.11,22.18,4008638,NVDA
2015-03-04,22.1,22.48,22.01,22.43,5670997,NVDA
2015-03-05,22.43,22.9,22.37,22.86,8076425,NVDA
2015-03-06,22.73,22.84,22.525,22.55,6434807,NVDA
2015-03-09,22.56,22.78,22.51,22.61,5559693,NVDA
2015-03-10,22.71,23.149,22.67,22.995,13180267,NVDA
2015-03-11,23.0,23.3,22.815,22.88,6552965,NVDA
2015-03-12,22.66,22.83,22.24,22.67,10174260,NVDA
2015-03-13,22.56,22.76,22.25,22.7,8982188,NVDA
2015-03-16,22.88,23.11,22.73,22.97,5923864,NVDA
2015-03-17,22.92,23.26,22.76,23.25,7498556,NVDA
2015-03-18,23.25,23.37,22.66,22.87,10346084,NVDA
2015-03-19,22.95,23.3,22.78,23.215,7768859,NVDA
2015-03-20,23.41,23.605,23.19,23.47,11552119,NVDA
2015-03-23,22.77,23.07,22.7,22.71,10650277,NVDA
2015-03-24,22.64,22.8,22.3,22.4,8262025,NVDA
2015-03-25,22.39,22.39,20.97,21.04,13563840,NVDA
2015-03-26,20.61,21.055,20.46,20.965,7797997,NVDA
2015-03-27,21.09,21.46,20.75,21.38,7957152,NVDA
2015-03-30,21.48,21.58,21.2,21.47,6331256,NVDA
2015-03-31,21.41,21.43,20.91,20.925,8931942,NVDA
2015-04-01,21.01,21.08,20.65,21.01,8269223,NVDA
2015-04-02,21.13,21.19,20.88,21.06,4805086,NVDA
2015-04-06,20.97,21.74,20.75,21.665,12896584,NVDA
2015-04-07,21.67,22.1,21.55,21.86,10349069,NVDA
2015-04-08,21.88,22.1,21.67,22.02,9160786,NVDA
2015-04-09,21.85,22.6,21.84,22.525,9485827,NVDA
2015-04-10,22.55,22.77,22.47,22.76,6468219,NVDA
2015-04-13,22.71,22.84,22.45,22.55,5918106,NVDA
2015-04-14,22.46,22.55,22.1438,22.36,5506852,NVDA
2015-04-15,22.42,22.795,22.31,22.63,6088960,NVDA
2015-04-16,22.5,22.69,22.33,22.49,3882058,NVDA
2015-04-17,22.02,22.42,22.01,22.2,7340917,NVDA
2015-04-20,22.3,22.44,22.05,22.09,5790646,NVDA
2015-04-21,22.36,22.36,21.95,22.055,5761365,NVDA
2015-04-22,22.19,22.34,21.85,22.31,5185481,NVDA
2015-04-23,21.9,22.43,21.65,22.22,6484469,NVDA
2015-04-24,22.21,22.22,21.78,22.03,6023972,NVDA
2015-04-27,22.1,22.59,21.91,22.2,6211356,NVDA
2015-04-28,22.16,22.385,21.95,22.305,5862106,NVDA
2015-04-29,22.15,22.37,22.05,22.14,4878919,NVDA
2015-04-30,22.03,22.305,21.98,22.195,5471083,NVDA
2015-05-01,22.38,22.82,22.28,22.75,6424185,NVDA
2015-05-04,22.73,22.88,22.54,22.61,5018024,NVDA
2015-05-05,22.53,22.56,21.93,22.03,7323195,NVDA
2015-05-06,22.15,22.36,21.81,22.1,7912111,NVDA
2015-05-07,22.01,22.56,21.9401,22.49,13364077,NVDA
2015-05-08,21.01,21.84,20.49,20.825,28663778,NVDA
2015-05-11,20.54,20.84,20.38,20.63,13603644,NVDA
2015-05-12,20.48,21.0,20.47,20.83,9719994,NVDA
2015-05-13,20.98,21.14,20.75,20.95,7713070,NVDA
2015-05-14,21.01,21.4,20.96,21.29,7326280,NVDA
2015-05-15,21.38,21.48,21.17,21.3,5395619,NVDA
2015-05-18,21.25,21.4,21.15,21.27,8124292,NVDA
2015-05-19,21.2,21.27,21.0,21.04,6345222,NVDA
2015-05-20,21.05,21.3,21.02,21.04,4920581,NVDA
2015-05-21,21.05,21.14,20.87,20.89,5992250,NVDA
2015-05-22,20.94,21.015,20.81,20.86,5315282,NVDA
2015-05-26,20.76,20.9,20.574,20.73,6493277,NVDA
2015-05-27,20.87,21.935,20.8,21.84,10808271,NVDA
2015-05-28,21.84,22.2139,21.8,22.14,8191431,NVDA
2015-05-29,22.14,22.28,22.1,22.13,8379244,NVDA
2015-06-01,22.27,22.6001,22.13,22.38,9316504,NVDA
2015-06-02,22.24,22.36,21.92,21.935,5607582,NVDA
2015-06-03,22.0,22.17,21.66,21.7,6269692,NVDA
2015-06-04,21.57,22.16,21.57,22.09,8092765,NVDA
2015-06-05,22.02,22.36,21.79,22.26,7833001,NVDA
2015-06-08,22.19,22.34,21.5,21.75,8570301,NVDA
2015-06-09,21.77,22.02,21.73,21.86,6422222,NVDA
2015-06-10,21.6,21.74,21.35,21.47,13236526,NVDA
2015-06-11,21.47,21.85,21.47,21.7,7076296,NVDA
2015-06-12,21.56,21.69,21.06,21.11,8093164,NVDA
2015-06-15,21.0,21.165,20.84,21.07,7663673,NVDA
2015-06-16,21.03,21.36,20.82,21.33,6422253,NVDA
2015-06-17,21.32,21.7,21.27,21.58,5838648,NVDA
2015-06-18,21.76,22.08,21.7,21.94,7485090,NVDA
2015-06-19,21.94,22.12,21.67,21.87,8891427,NVDA
2015-06-22,21.91,22.03,21.45,21.775,12855929,NVDA
2015-06-23,21.82,21.99,21.05,21.22,10351627,NVDA
2015-06-24,21.19,21.3,20.91,21.01,6334204,NVDA
2015-06-25,21.01,21.3,21.01,21.17,8761548,NVDA
2015-06-26,21.0,21.17,20.65,20.74,10532373,NVDA
2015-06-29,20.5,20.71,20.09,20.12,9793096,NVDA
2015-06-30,20.24,20.33,19.97,20.11,7897857,NVDA
2015-07-01,20.61,20.9,20.22,20.4,7573001,NVDA
2015-07-02,20.39,20.55,20.29,20.42,3644115,NVDA
2015-07-06,20.25,20.53,20.015,20.17,5369413,NVDA
2015-07-07,20.05,20.13,19.16,19.79,14856327,NVDA
2015-07-08,19.68,19.8,19.49,19.65,8312287,NVDA
2015-07-09,19.96,20.05,19.2901,19.41,8939745,NVDA
2015-07-10,19.66,19.93,19.61,19.75,5417717,NVDA
2015-07-13,19.95,19.9899,19.745,19.88,5311791,NVDA
2015-07-14,19.91,19.93,19.63,19.89,6230429,NVDA
2015-07-15,19.84,19.97,19.57,19.75,6643348,NVDA
2015-07-16,19.87,20.19,19.8,20.19,7072291,NVDA
2015-07-17,20.12,20.14,19.8099,20.07,5509308,NVDA
2015-07-20,20.07,20.15,19.65,19.7,4710259,NVDA
2015-07-21,19.66,20.07,19.66,19.79,3743010,NVDA
2015-07-22,19.65,19.65,19.17,19.405,8911819,NVDA
2015-07-23,19.45,19.94,19.41,19.65,4247872,NVDA
2015-07-24,19.79,19.81,19.34,19.42,4721099,NVDA
2015-07-27,19.25,19.53,19.09,19.31,4810520,NVDA
2015-07-28,19.36,19.86,19.16,19.73,4957733,NVDA
2015-07-29,19.69,20.13,19.61,19.97,5817033,NVDA
2015-07-30,19.92,20.22,19.92,20.02,4754479,NVDA
2015-07-31,20.1,20.11,19.83,19.95,5459211,NVDA
2015-08-03,20.11,20.31,19.85,20.29,9928278,NVDA
2015-08-04,20.22,20.43,20.14,20.37,6502514,NVDA
2015-08-05,20.87,20.89,20.535,20.58,5865652,NVDA
2015-08-06,20.53,20.68,20.11,20.45,16391890,NVDA
2015-08-07,22.46,23.37,21.88,22.98,35131171,NVDA
2015-08-10,22.82,23.95,22.68,23.78,16557636,NVDA
2015-08-11,23.43,23.89,23.43,23.66,10875209,NVDA
2015-08-12,23.28,23.89,23.28,23.72,9602012,NVDA
2015-08-13,23.75,23.8,23.46,23.52,6922146,NVDA
2015-08-14,23.5,23.68,23.36,23.54,5366261,NVDA
2015-08-17,23.5,23.5,23.1,23.39,6846973,NVDA
2015-08-18,23.22,23.38,22.9,23.08,7177055,NVDA
2015-08-19,23.05,23.305,22.74,22.99,6231842,NVDA
2015-08-20,22.73,22.84,22.05,22.16,10673329,NVDA
2015-08-21,22.0,22.37,21.45,21.47,9566639,NVDA
2015-08-24,20.27,21.83,20.0,20.71,17057073,NVDA
2015-08-25,21.62,21.7,20.28,20.28,15567110,NVDA
2015-08-26,20.94,21.83,20.78,21.81,15374439,NVDA
2015-08-27,22.04,22.64,21.91,22.63,11594083,NVDA
2015-08-28,22.62,22.87,22.465,22.73,8023632,NVDA
2015-08-31,22.63,22.78,22.385,22.48,5483810,NVDA
2015-09-01,21.83,22.2,21.4,21.56,8835220,NVDA
2015-09-02,22.13,22.22,21.78,22.21,8601065,NVDA
2015-09-03,22.54,22.65,22.23,22.27,6563938,NVDA
2015-09-04,21.89,22.24,21.74,21.75,7200245,NVDA
2015-09-08,22.28,22.77,22.192,22.68,5961218,NVDA
2015-09-09,22.75,22.94,22.18,22.23,7234849,NVDA
2015-09-10,22.1,22.86,21.995,22.58,8926896,NVDA
2015-09-11,22.33,22.8,22.235,22.65,7539608,NVDA
2015-09-14,22.76,22.83,22.5701,22.69,4811636,NVDA
2015-09-15,22.7,23.06,22.63,22.94,8199412,NVDA
2015-09-16,22.9,23.23,22.725,23.1,4337684,NVDA
2015-09-17,23.5,23.71,23.26,23.31,6717769,NVDA
2015-09-18,22.99,23.49,22.85,23.29,8160255,NVDA
2015-09-21,23.32,23.58,23.2,23.53,7046616,NVDA
2015-09-22,23.02,23.18,22.765,22.89,5708923,NVDA
2015-09-23,22.91,23.14,22.8201,23.0,4040849,NVDA
2015-09-24,22.86,23.68,22.5,23.44,9561031,NVDA
2015-09-25,23.73,24.07,23.38,23.61,9242268,NVDA
2015-09-28,23.61,23.755,23.15,23.3,9889576,NVDA
2015-09-29,23.55,23.75,23.22,23.71,9518373,NVDA
2015-09-30,23.93,24.68,23.79,24.65,13909541,NVDA
2015-10-01,24.65,24.72,23.47,24.17,12232427,NVDA
2015-10-02,24.04,24.8006,23.79,24.8,9653639,NVDA
2015-10-05,24.96,25.73,24.83,25.42,12050571,NVDA
2015-10-06,25.15,25.86,25.05,25.75,11360526,NVDA
2015-10-07,25.81,26.28,25.39,26.02,7753799,NVDA
2015-10-08,25.91,26.2399,25.47,26.17,11501741,NVDA
2015-10-09,26.03,26.28,25.58,26.07,10581210,NVDA
2015-10-12,26.1,26.5,25.905,26.35,5689727,NVDA
2015-10-13,26.14,26.555,26.05,26.4,7461071,NVDA
2015-10-14,26.43,27.785,26.4,27.36,15304756,NVDA
2015-10-15,27.41,27.99,27.13,27.43,13151151,NVDA
2015-10-16,27.52,28.12,27.45,27.86,11209897,NVDA
2015-10-19,27.95,28.075,27.49,27.81,7367780,NVDA
2015-10-20,27.69,27.9,27.48,27.77,6620614,NVDA
2015-10-21,27.94,28.11,27.36,27.41,9667049,NVDA
2015-10-22,27.73,28.49,27.69,28.4,7672091,NVDA
2015-10-23,28.65,28.78,28.22,28.59,9544357,NVDA
2015-10-26,28.61,28.68,28.2,28.46,6185935,NVDA
2015-10-27,28.32,28.6175,28.3,28.44,5206678,NVDA
2015-10-28,28.62,28.67,28.2,28.67,5425852,NVDA
2015-10-29,28.21,28.5,27.63,27.68,8179177,NVDA
2015-10-30,27.98,28.57,27.77,28.37,7528965,NVDA
2015-11-02,28.46,28.73,28.29,28.7,4752197,NVDA
2015-11-03,28.53,28.69,28.18,28.5,9419230,NVDA
2015-11-04,28.42,28.63,27.9,28.03,11056571,NVDA
2015-11-05,28.17,28.245,27.63,27.71,11969974,NVDA
2015-11-06,30.45,31.94,29.82,31.55,29306777,NVDA
2015-11-09,31.24,31.5,30.97,31.41,12314225,NVDA
2015-11-10,31.0,31.17,30.1501,30.81,13806497,NVDA
2015-11-11,30.83,31.05,30.4,30.51,15503157,NVDA
2015-11-12,30.44,30.72,30.27,30.4,7277017,NVDA
2015-11-13,30.43,30.56,29.65,29.8,7323501,NVDA
2015-11-16,30.19,30.42,29.95,30.4,8607008,NVDA
2015-11-17,30.48,30.66,30.2735,30.4,6426235,NVDA
2015-11-18,30.41,31.07,30.075,31.03,8755358,NVDA
2015-11-19,31.14,31.43,30.8899,31.12,6351803,NVDA
2015-11-20,31.35,31.57,31.16,31.39,5993587,NVDA
2015-11-23,31.65,31.65,30.805,30.92,6063751,NVDA
2015-11-24,30.92,31.44,30.78,31.17,4885692,NVDA
2015-11-25,31.11,31.48,31.02,31.13,3457476,NVDA
2015-11-27,31.19,31.49,31.03,31.39,2175202,NVDA
2015-11-30,31.42,31.86,31.39,31.72,8181080,NVDA
2015-12-01,32.0,32.78,31.97,32.75,10237433,NVDA
2015-12-02,32.8,33.14,32.43,32.5,7356004,NVDA
2015-12-03,32.76,33.1,32.27,32.43,6166405,NVDA
2015-12-04,32.43,33.81,32.43,33.75,11468924,NVDA
2015-12-07,33.74,33.74,33.01,33.11,8339679,NVDA
2015-12-08,32.7,33.7,32.49,33.56,7862233,NVDA
2015-12-09,33.55,33.75,32.37,32.71,9316871,NVDA
2015-12-10,32.81,33.16,32.7,32.98,5914923,NVDA
2015-12-11,32.65,32.88,32.42,32.49,5683038,NVDA
2015-12-14,32.52,32.75,32.18,32.57,6908645,NVDA
2015-12-15,32.94,33.2,32.76,32.97,7682354,NVDA
2015-12-16,33.04,33.28,32.75,33.17,5908874,NVDA
2015-12-17,33.22,33.56,32.65,32.67,6354044,NVDA
2015-12-18,32.44,32.77,32.1,32.14,9897424,NVDA
2015-12-21,32.49,32.93,32.2,32.895,7105373,NVDA
2015-12-22,33.0,33.26,32.73,32.93,3250269,NVDA
2015-12-23,32.98,33.185,32.92,33.055,3063139,NVDA
2015-12-24,32.96,33.25,32.91,33.17,1311231,NVDA
2015-12-28,32.82,33.14,32.36,33.14,3550703,NVDA
2015-12-29,33.16,33.78,33.07,33.68,5091512,NVDA
2015-12-30,33.65,33.94,33.38,33.39,4508570,NVDA
2015-12-31,33.34,33.49,32.96,32.96,3713202,NVDA
2016-01-04,32.29,32.58,32.04,32.37,8951907,NVDA
2016-01-05,32.98,33.44,32.5,32.89,12256814,NVDA
2016-01-06,32.35,32.5,31.16,31.53,11233604,NVDA
2016-01-07,30.74,30.953,29.88,30.28,16132575,NVDA
2016-01-08,30.67,30.7,29.565,29.63,9961782,NVDA
2016-01-11,29.66,29.89,29.15,29.68,10235095,NVDA
2016-01-12,30.21,30.62,29.97,30.18,11733893,NVDA
2016-01-13,30.41,30.61,29.23,29.26,12041762,NVDA
2016-01-14,28.66,29.0,27.82,28.67,15005864,NVDA
2016-01-15,27.52,27.85,26.64,27.11,21036303,NVDA
2016-01-19,27.67,28.45,27.215,27.33,11428537,NVDA
2016-01-20,26.81,27.83,26.45,27.48,12029457,NVDA
2016-01-21,27.78,28.23,27.21,27.8,12036422,NVDA
2016-01-22,28.33,28.64,28.27,28.45,6450312,NVDA
2016-01-25,28.44,28.765,28.355,28.42,6768203,NVDA
2016-01-26,28.48,28.82,28.185,28.7,5699182,NVDA
2016-01-27,28.66,28.745,27.815,28.36,5792528,NVDA
2016-01-28,28.59,28.69,27.5,28.05,6919451,NVDA
2016-01-29,28.29,29.345,28.18,29.29,7762622,NVDA
2016-02-01,29.26,29.45,29.01,29.3,7247099,NVDA
2016-02-02,29.0,29.15,27.86,28.06,8547710,NVDA
2016-02-03,28.28,28.45,27.55,28.2,8169351,NVDA
2016-02-04,28.24,28.85,27.93,28.21,8703450,NVDA
2016-02-05,28.02,28.33,26.35,26.43,15010685,NVDA
2016-02-08,26.03,26.16,24.85,25.22,15221320,NVDA
2016-02-09,24.92,26.55,24.8,25.49,10634314,NVDA
2016-02-10,25.65,26.39,25.29,25.43,8394980,NVDA
2016-02-11,24.78,25.56,24.78,25.3,8503635,NVDA
2016-02-12,25.7,25.78,24.75,25.73,8520367,NVDA
2016-02-16,26.1,27.03,26.02,26.99,12133795,NVDA
2016-02-17,27.33,27.92,27.22,27.66,19286666,NVDA
2016-02-18,29.93,30.975,29.9,30.04,26716489,NVDA
2016-02-19,29.88,30.71,29.65,30.44,13140732,NVDA
2016-02-22,30.88,31.87,30.82,31.52,11241697,NVDA
2016-02-23,31.27,31.9,31.12,31.6,9234450,NVDA
2016-02-24,31.47,31.8679,30.6,31.82,8421336,NVDA
2016-02-25,31.94,32.05,31.32,31.89,8740367,NVDA
2016-02-26,32.04,32.1162,31.36,31.68,9049073,NVDA
2016-02-29,31.61,32.02,31.34,31.36,8083618,NVDA
2016-03-01,31.44,32.75,31.39,32.75,8717512,NVDA
2016-03-02,32.57,33.06,32.51,32.94,5845933,NVDA
2016-03-03,32.9,33.04,32.21,32.65,7550088,NVDA
2016-03-04,32.9,32.93,32.3,32.55,4382634,NVDA
2016-03-07,32.37,32.59,31.915,32.34,6005495,NVDA
2016-03-08,32.01,32.2,31.645,31.75,6873478,NVDA
2016-03-09,32.03,32.075,31.32,31.73,5569737,NVDA
2016-03-10,31.92,32.1,31.04,31.68,7152137,NVDA
2016-03-11,32.15,32.23,31.77,32.22,6934986,NVDA
2016-03-14,32.07,32.43,31.92,32.3,4757868,NVDA
2016-03-15,32.13,32.34,31.57,32.14,5655420,NVDA
2016-03-16,31.9,33.21,31.75,33.1,9091068,NVDA
2016-03-17,32.98,33.14,32.3739,32.82,8841959,NVDA
2016-03-18,33.21,34.25,33.0,33.81,13637802,NVDA
2016-03-21,33.51,33.92,33.15,33.91,8444539,NVDA
2016-03-22,33.8,34.085,33.43,33.85,6050266,NVDA
2016-03-23,34.0,34.68,33.85,34.43,10725171,NVDA
2016-03-24,34.12,34.54,34.01,34.48,6123854,NVDA
2016-03-28,34.42,34.98,34.38,34.83,6634700,NVDA
2016-03-29,34.68,35.47,34.6,35.39,6545266,NVDA
2016-03-30,35.52,36.25,35.5,35.76,9417474,NVDA
2016-03-31,35.92,36.0,35.35,35.63,9497052,NVDA
2016-04-01,35.41,36.17,35.14,36.15,8707319,NVDA
2016-04-04,36.45,36.64,35.66,35.8,9848551,NVDA
2016-04-05,35.48,36.08,35.34,35.75,8489215,NVDA
2016-04-06,35.3,35.82,34.63,35.8,11334379,NVDA
2016-04-07,35.57,35.89,35.28,35.43,9452644,NVDA
2016-04-08,35.72,35.95,35.305,35.66,6398373,NVDA
2016-04-11,35.87,36.47,35.76,35.88,9688098,NVDA
2016-04-12,36.0,36.05,35.14,35.84,7319077,NVDA
2016-04-13,36.0,36.75,36.0,36.74,8767861,NVDA
2016-04-14,36.64,37.0,36.49,36.84,10414131,NVDA
2016-04-15,36.83,37.46,36.712,37.13,10924273,NVDA
2016-04-18,37.06,37.06,36.61,36.97,7683044,NVDA
2016-04-19,37.11,37.18,36.08,36.31,7728777,NVDA
2016-04-20,36.25,36.67,36.21,36.45,5004434,NVDA
2016-04-21,36.46,36.63,36.25,36.41,4456989,NVDA
2016-04-22,36.53,36.78,36.145,36.27,5588539,NVDA
2016-04-25,36.28,36.65,36.18,36.45,4799765,NVDA
2016-04-26,36.67,37.09,36.32,36.48,5363364,NVDA
2016-04-27,36.39,37.33,36.323,37.31,8809858,NVDA
2016-04-28,37.08,37.3,36.11,36.2,9530551,NVDA
2016-04-29,36.05,36.13,35.14,35.53,8047562,NVDA
2016-05-02,35.87,36.22,35.7,36.0,6401920,NVDA
2016-05-03,35.59,35.74,35.261,35.57,5600585,NVDA
2016-05-04,35.14,35.17,34.4,34.76,13144065,NVDA
2016-05-05,35.05,35.38,34.71,34.97,6172113,NVDA
2016-05-06,34.91,35.425,34.84,35.33,4581000,NVDA
2016-05-09,35.42,35.57,34.99,35.28,8333411,NVDA
2016-05-10,35.5,36.02,35.16,35.96,6741929,NVDA
2016-05-11,36.07,36.46,35.87,36.06,8204441,NVDA
2016-05-12,36.32,36.48,34.93,35.57,16763533,NVDA
2016-05-13,39.19,41.0,39.0,40.98,52756404,NVDA
2016-05-16,40.67,42.8,40.54,42.19,24325757,NVDA
2016-05-17,42.0,42.58,41.4601,42.28,15709762,NVDA
2016-05-18,42.0,43.85,42.0,43.36,13526797,NVDA
2016-05-19,43.19,43.8586,43.13,43.55,9971981,NVDA
2016-05-20,43.82,44.51,43.75,44.33,9777090,NVDA
2016-05-23,44.52,44.69,44.13,44.4,10340877,NVDA
2016-05-24,44.42,45.5,44.3,45.36,10394721,NVDA
2016-05-25,45.5,45.69,44.81,45.17,11469411,NVDA
2016-05-26,45.25,45.98,45.12,45.65,7749081,NVDA
2016-05-27,45.7,45.97,45.55,45.9,6935389,NVDA
2016-05-31,46.1,46.815,46.07,46.72,10313131,NVDA
2016-06-01,46.5,47.26,46.36,46.81,9678267,NVDA
2016-06-02,47.06,47.54,46.6,47.14,8230202,NVDA
2016-06-03,46.68,46.74,45.66,46.48,11526864,NVDA
2016-06-06,46.6,46.96,46.0,46.24,8062841,NVDA
2016-06-07,46.52,46.78,46.31,46.33,4835017,NVDA
2016-06-08,46.34,46.51,45.8,46.18,5865431,NVDA
2016-06-09,46.02,47.45,45.92,47.38,11804167,NVDA
2016-06-10,46.82,47.24,46.14,46.2,10000592,NVDA
2016-06-13,46.25,47.6986,46.25,46.79,11889674,NVDA
2016-06-14,46.68,47.1,46.155,46.88,7458639,NVDA
2016-06-15,47.27,47.77,46.75,47.36,7525868,NVDA
2016-06-16,47.01,47.63,46.551,47.55,6161428,NVDA
2016-06-17,47.61,47.62,46.53,46.72,11775048,NVDA
2016-06-20,47.47,48.17,47.44,47.56,7344230,NVDA
2016-06-21,47.76,47.89,47.2,47.27,5312661,NVDA
2016-06-22,47.37,47.68,47.15,47.23,5065516,NVDA
2016-06-23,47.68,48.54,47.65,48.49,7446994,NVDA
2016-06-24,46.5,47.36,45.3,45.73,25442111,NVDA
2016-06-27,45.35,45.7,44.57,45.24,11258487,NVDA
2016-06-28,46.1,46.1499,45.27,45.9,9547980,NVDA
2016-06-29,46.3,47.01,46.18,46.65,7973264,NVDA
2016-06-30,46.73,47.3,46.35,47.01,10773475,NVDA
2016-07-01,46.75,47.36,46.5,46.66,5462198,NVDA
2016-07-05,46.4,47.43,46.03,47.35,9277061,NVDA
2016-07-06,47.02,47.925,46.78,47.65,6827594,NVDA
2016-07-07,47.97,49.06,47.75,48.89,9884992,NVDA
2016-07-08,49.41,51.091,49.22,50.85,12048273,NVDA
2016-07-11,51.58,52.4,51.52,52.02,11219437,NVDA
2016-07-12,52.6,53.28,51.94,52.8,10919045,NVDA
2016-07-13,52.9,53.2,52.7,52.78,8115130,NVDA
2016-07-14,53.06,53.8,52.62,53.32,7922283,NVDA
2016-07-15,52.64,52.935,51.841,52.7,10715357,NVDA
2016-07-18,53.35,53.43,52.77,52.97,6324838,NVDA
2016-07-19,52.94,53.7293,52.84,53.52,9566250,NVDA
2016-07-20,53.7,54.505,53.48,54.22,7411502,NVDA
2016-07-21,54.1,54.27,53.04,53.22,9032697,NVDA
2016-07-22,53.41,54.67,53.02,54.67,7894165,NVDA
2016-07-25,55.0,55.81,54.76,55.68,7813211,NVDA
2016-07-26,56.17,56.92,56.09,56.63,12862739,NVDA
2016-07-27,57.12,57.22,55.72,56.06,11166886,NVDA
2016-07-28,56.19,56.6,56.0137,56.18,5547934,NVDA
2016-07-29,56.39,57.25,55.38,57.1,10239664,NVDA
2016-08-01,57.34,57.55,56.36,56.73,7527970,NVDA
2016-08-02,57.0,57.03,55.5,56.04,7068720,NVDA
2016-08-03,55.97,56.3,55.66,56.19,7495709,NVDA
2016-08-04,56.46,57.49,56.35,57.23,6817803,NVDA
2016-08-05,57.89,58.23,57.61,58.2,9289735,NVDA
2016-08-08,59.0,59.14,58.12,58.74,7626603,NVDA
2016-08-09,59.03,59.46,58.74,58.89,9308559,NVDA
2016-08-10,59.41,59.5,58.3237,58.51,9393453,NVDA
2016-08-11,58.82,59.95,58.7,59.7,17026556,NVDA
2016-08-12,61.9,63.38,60.63,63.04,35643642,NVDA
2016-08-15,63.11,63.4964,62.1302,62.98,14332617,NVDA
2016-08-16,62.89,62.99,62.41,62.6,7191345,NVDA
2016-08-17,62.6,62.74,60.655,61.15,14880304,NVDA
2016-08-18,61.06,62.2,60.82,62.1,8292095,NVDA
2016-08-19,62.07,62.73,61.8,62.26,7288978,NVDA
2016-08-22,62.45,62.612,61.711,62.52,6118683,NVDA
2016-08-23,63.04,63.32,62.73,62.91,8494058,NVDA
2016-08-24,63.13,63.16,61.65,61.94,7461244,NVDA
2016-08-25,61.96,61.99,60.76,61.53,10150783,NVDA
2016-08-26,61.69,62.38,61.2,62.03,7500624,NVDA
2016-08-29,62.28,62.53,61.885,61.99,6866279,NVDA
2016-08-30,61.91,62.2426,61.46,61.63,7138622,NVDA
2016-08-31,61.75,61.92,61.16,61.34,9713642,NVDA
2016-09-01,61.39,63.38,61.34,63.15,10712305,NVDA
2016-09-02,63.28,63.35,61.82,62.53,8078742,NVDA
2016-09-06,62.75,63.12,62.429,63.12,7670320,NVDA
2016-09-07,62.92,63.2285,61.83,62.19,9949700,NVDA
2016-09-08,62.13,62.74,61.42,62.64,7895219,NVDA
2016-09-09,61.95,62.3,59.0,59.52,17443966,NVDA
2016-09-12,58.73,60.865,57.315,60.75,14956524,NVDA
2016-09-13,60.6,61.3,59.53,59.87,11794183,NVDA
2016-09-14,60.01,60.6,59.51,60.4,7984326,NVDA
2016-09-15,60.5,62.76,60.36,62.69,12884799,NVDA
2016-09-16,62.91,63.25,62.12,62.84,22561149,NVDA
2016-09-19,63.5,65.26,63.21,63.67,10428207,NVDA
2016-09-20,64.4,64.4,62.74,63.09,8277832,NVDA
2016-09-21,63.28,64.98,63.27,64.86,8405337,NVDA
2016-09-22,65.24,65.44,64.65,65.02,7718287,NVDA
2016-09-23,65.1,65.29,64.66,64.95,6903344,NVDA
2016-09-26,64.21,64.6,63.53,64.34,5751035,NVDA
2016-09-27,64.09,66.64,64.06,66.54,10068769,NVDA
2016-09-28,66.64,66.83,65.93,66.78,7994701,NVDA
2016-09-29,66.67,67.61,66.0514,67.4,8417136,NVDA
2016-09-30,67.77,69.19,67.37,68.52,10748304,NVDA
2016-10-03,68.52,69.51,68.331,68.45,6064853,NVDA
2016-10-04,68.55,69.7,67.79,68.3,7040645,NVDA
2016-10-05,68.88,69.58,68.02,68.23,7636009,NVDA
2016-10-06,67.41,67.83,66.26,67.34,9005317,NVDA
2016-10-07,67.79,67.97,66.66,66.85,7156502,NVDA
2016-10-10,67.2,67.56,66.47,67.1,7196868,NVDA
2016-10-11,66.88,66.98,65.62,66.13,9713476,NVDA
2016-10-12,65.86,66.7791,65.31,66.43,10498025,NVDA
2016-10-13,65.65,65.8,63.7,65.35,9752910,NVDA
2016-10-14,66.15,66.6,65.6,65.99,8265851,NVDA
2016-10-17,65.98,66.6,65.52,65.61,4883160,NVDA
2016-10-18,66.52,66.99,66.25,66.61,6734274,NVDA
2016-10-19,66.16,66.78,65.82,66.47,4976462,NVDA
2016-10-20,67.25,67.95,66.3,67.73,7802072,NVDA
2016-10-21,67.49,67.66,66.9,67.54,6987654,NVDA
2016-10-24,68.0,70.79,67.99,70.71,8495946,NVDA
2016-10-25,70.59,72.3,70.25,71.87,9936532,NVDA
2016-10-26,71.27,72.95,71.2,72.16,8344781,NVDA
2016-10-27,72.71,72.85,70.385,70.68,9716622,NVDA
2016-10-28,71.02,72.1,70.43,70.56,7271374,NVDA
2016-10-31,70.79,71.625,70.75,71.16,6309718,NVDA
2016-11-01,71.42,71.81,68.29,69.05,11830629,NVDA
2016-11-02,69.58,70.52,68.6355,68.76,7396231,NVDA
2016-11-03,69.08,69.14,66.64,67.96,7741593,NVDA
2016-11-04,67.51,68.7305,66.575,67.57,8219490,NVDA
2016-11-07,69.55,71.72,69.5,71.27,12189524,NVDA
2016-11-08,71.54,71.77,70.5,71.16,10747107,NVDA
2016-11-09,69.23,70.9,68.72,69.96,11413254,NVDA
2016-11-10,71.49,71.5,66.76,67.77,21732039,NVDA
2016-11-11,79.51,88.77,78.5,87.97,54383633,NVDA
2016-11-14,88.09,88.19,83.62,83.64,33719913,NVDA
2016-11-15,84.29,87.45,83.93,86.19,15652258,NVDA
2016-11-16,87.34,92.555,86.3452,91.63,24699644,NVDA
2016-11-17,92.31,94.7923,90.65,92.39,20824744,NVDA
2016-11-18,92.39,94.33,91.8,93.36,14401499,NVDA
2016-11-21,94.09,94.35,92.4,92.98,10910868,NVDA
2016-11-22,93.3,93.7396,92.38,93.65,8259232,NVDA
2016-11-23,93.72,95.2499,92.77,93.97,11080857,NVDA
2016-11-25,94.42,95.1,93.41,94.16,4889078,NVDA
2016-11-28,93.87,94.74,93.6,94.11,6968370,NVDA
2016-11-29,94.0,94.44,92.53,93.25,11114187,NVDA
2016-11-30,93.6,94.16,92.1,92.2,11012545,NVDA
2016-12-01,92.1,92.17,84.77,87.64,25888074,NVDA
2016-12-02,86.25,88.8,85.12,88.45,11957300,NVDA
2016-12-05,89.99,92.61,89.0,91.88,15057125,NVDA
2016-12-06,92.21,93.73,91.57,93.39,12469875,NVDA
2016-12-07,92.84,95.3,92.1,95.07,12020093,NVDA
2016-12-08,95.19,96.62,93.0531,93.48,9538602,NVDA
2016-12-09,94.2,94.27,90.71,91.82,9557799,NVDA
2016-12-12,89.85,89.95,87.54,89.59,15033300,NVDA
2016-12-13,90.09,92.29,90.05,91.17,9694874,NVDA
2016-12-14,92.54,97.11,91.57,96.45,24599538,NVDA
2016-12-15,96.9,99.94,96.6,98.71,18663653,NVDA
2016-12-16,99.83,100.7,97.726,100.41,27238183,NVDA
2016-12-19,99.7,102.4499,99.0,101.63,18616431,NVDA
2016-12-20,104.58,106.13,104.12,105.17,21201433,NVDA
2016-12-21,105.64,105.95,103.71,105.83,14403361,NVDA
2016-12-22,106.82,108.87,106.53,107.11,17965259,NVDA
2016-12-23,106.38,109.835,106.27,109.78,16192331,NVDA
2016-12-27,112.06,117.36,111.22,117.32,29856842,NVDA
2016-12-28,119.6,119.93,108.69,109.25,57394116,NVDA
2016-12-29,104.9,111.49,102.8,111.43,54384182,NVDA
2016-12-30,111.35,111.92,106.3,106.74,30323259,NVDA
2017-01-03,104.4,106.37,99.38,102.01,37549876,NVDA
2017-01-04,103.4,105.5,101.53,104.39,29980506,NVDA
2017-01-05,104.53,105.82,101.05,101.74,24607382,NVDA
2017-01-06,102.85,104.25,101.2,103.1,20571416,NVDA
2017-01-09,103.5,108.0,103.5,107.28,22906225,NVDA
2017-01-10,107.81,109.19,105.63,106.47,22022969,NVDA
2017-01-11,106.0,106.2,104.15,105.16,13141588,NVDA
2017-01-12,104.23,104.7,101.62,103.44,15640414,NVDA
2017-01-13,103.6,105.0,103.06,103.43,11445543,NVDA
2017-01-17,103.0,103.2,100.57,101.11,14515259,NVDA
2017-01-18,100.24,103.23,99.11,102.95,16360615,NVDA
2017-01-19,103.07,106.46,102.98,105.16,16121778,NVDA
2017-01-20,106.08,106.8,103.12,104.01,12300557,NVDA
2017-01-23,103.8,105.9,103.7,105.09,9247639,NVDA
2017-01-24,105.5,107.58,104.9,107.33,10701271,NVDA
2017-01-25,109.05,109.3,106.3346,107.79,13084499,NVDA
2017-01-26,107.9,109.95,106.7,109.65,11469970,NVDA
2017-01-27,109.93,111.89,108.85,111.77,11799929,NVDA
2017-01-30,110.92,111.01,107.9106,110.02,12400084,NVDA
2017-01-31,108.95,110.05,108.2,109.18,9068865,NVDA
2017-02-01,110.58,114.12,109.86,113.95,14750082,NVDA
2017-02-02,113.3,115.74,112.06,115.39,12081040,NVDA
2017-02-03,115.45,115.9,113.9,114.38,9318633,NVDA
2017-02-06,114.0,117.3261,114.0,117.31,12669205,NVDA
2017-02-07,118.7,120.92,117.9,119.13,18655567,NVDA
2017-02-08,118.4,119.31,116.38,118.61,11239487,NVDA
2017-02-09,118.86,119.06,115.6,116.38,21064178,NVDA
2017-02-10,119.93,120.7,112.6,113.62,41277341,NVDA
2017-02-13,113.39,113.98,108.2,108.38,29518071,NVDA
2017-02-14,107.99,110.15,106.29,108.78,21265787,NVDA
2017-02-15,108.9,109.8,107.76,109.0,9325512,NVDA
2017-02-16,109.39,109.44,105.66,107.25,16179386,NVDA
2017-02-17,106.7,107.41,104.79,107.23,14093465,NVDA
2017-02-21,108.23,111.23,108.22,111.07,13798783,NVDA
2017-02-22,111.42,111.8,109.99,110.76,10844256,NVDA
2017-02-23,105.5,106.39,99.68,100.49,39822213,NVDA
2017-02-24,97.07,102.0,95.7,101.46,25747597,NVDA
2017-02-27,102.2,105.02,101.56,104.41,17885019,NVDA
2017-02-28,104.8,105.2,100.775,101.48,15633968,NVDA
2017-03-01,103.79,104.37,101.11,102.79,12620139,NVDA
2017-03-02,102.27,102.84,98.89,99.0,18858278,NVDA
2017-03-03,98.57,98.77,96.22,98.43,21636424,NVDA
2017-03-06,96.96,98.1,95.17,97.67,22089169,NVDA
2017-03-07,97.67,99.53,97.15,98.74,15085007,NVDA
2017-03-08,100.7,101.3,98.47,98.56,15967822,NVDA
2017-03-09,97.91,99.45,97.4,98.54,11951471,NVDA
2017-03-10,99.61,100.09,98.38,99.12,12493513,NVDA
2017-03-13,99.54,102.25,99.51,101.85,19353402,NVDA
2017-03-14,102.37,102.75,100.47,101.78,13050415,NVDA
2017-03-15,102.25,102.99,100.32,102.55,15375852,NVDA
2017-03-16,102.98,103.83,102.41,103.81,13077495,NVDA
2017-03-17,104.52,106.12,103.81,106.07,27992169,NVDA
2017-03-20,106.78,109.61,106.13,109.45,18714152,NVDA
2017-03-21,108.75,109.96,105.585,105.91,22837103,NVDA
2017-03-22,105.46,108.26,105.3,108.07,15419106,NVDA
2017-03-23,107.75,108.5572,106.7,107.09,13348542,NVDA
2017-03-24,108.97,109.29,106.42,107.47,10987546,NVDA
2017-03-27,105.58,108.405,103.575,108.25,12666100,NVDA
2017-03-28,108.3,108.89,107.27,107.69,10811109,NVDA
2017-03-29,107.99,108.49,107.25,107.34,8749791,NVDA
2017-03-30,107.63,110.0,107.4,109.4,13138349,NVDA
2017-03-31,109.01,109.89,108.4021,108.93,11020165,NVDA
2017-04-03,108.95,109.65,107.42,108.38,11130813,NVDA
2017-04-04,103.4,104.42,100.34,100.78,31782004,NVDA
2017-04-05,100.015,102.37,99.5,100.03,18676232,NVDA
2017-04-06,100.24,101.25,98.41,100.76,15878004,NVDA
2017-04-07,101.02,101.73,99.72,100.33,10628889,NVDA
2017-04-10,100.36,100.63,97.6,97.77,18908264,NVDA
2017-04-11,96.55,98.8999,96.35,98.12,15453747,NVDA
2017-04-12,98.12,98.7,97.1,97.31,10352296,NVDA
2017-04-13,96.33,97.21,95.49,95.49,12672345,NVDA
2017-04-17,96.01,99.24,95.8,99.23,12432305,NVDA
2017-04-18,98.65,99.54,97.6,99.29,9252944,NVDA
2017-04-19,100.0,100.98,99.41,99.68,9520659,NVDA
2017-04-20,100.27,101.4464,99.41,101.26,10100358,NVDA
2017-04-21,100.84,101.79,100.36,101.68,8547390,NVDA
2017-04-24,102.96,103.48,102.11,102.95,9295490,NVDA
2017-04-25,103.54,105.33,102.67,104.74,9710972,NVDA
2017-04-26,105.29,105.39,103.94,104.02,8175145,NVDA
2017-04-27,104.32,105.98,103.59,105.64,7992465,NVDA
2017-04-28,105.36,105.64,104.07,104.3,8706157,NVDA
2017-05-01,104.74,106.85,104.45,106.64,7693333,NVDA
2017-05-02,105.55,105.5955,102.56,103.48,15749327,NVDA
2017-05-03,103.2,104.64,102.6,104.25,8422633,NVDA
2017-05-04,104.5,104.95,103.53,103.85,5244692,NVDA
2017-05-05,103.38,104.15,102.75,103.86,5710736,NVDA
2017-05-08,104.34,104.4,102.31,102.77,9130990,NVDA
2017-05-09,103.0,104.93,102.66,102.94,21191792,NVDA
2017-05-10,114.29,121.82,114.02,121.29,53227434,NVDA
2017-05-11,120.05,130.43,119.91,126.5,48494808,NVDA
2017-05-12,126.63,129.6,125.78,127.89,24065459,NVDA
2017-05-15,129.56,134.41,129.38,134.31,27188548,NVDA
2017-05-16,136.38,137.44,133.3635,136.81,28017471,NVDA
2017-05-17,134.1,134.86,127.55,127.72,31784158,NVDA
2017-05-18,129.5,133.43,127.05,133.07,28900757,NVDA
2017-05-19,137.025,138.22,135.22,136.0,25459271,NVDA
2017-05-22,137.77,139.48,137.33,138.9,20915225,NVDA
2017-05-23,139.7,139.79,135.71,137.03,17031247,NVDA
2017-05-24,140.96,141.07,138.08,138.57,20434495,NVDA
2017-05-25,140.0,140.03,136.44,138.26,15205701,NVDA
2017-05-26,137.93,145.28,137.11,141.84,19478497,NVDA
2017-05-30,143.7,146.2911,143.05,144.87,24741298,NVDA
2017-05-31,146.69,147.0,142.05,144.35,22182894,NVDA
2017-06-01,144.99,145.03,142.52,144.36,12583467,NVDA
2017-06-02,144.24,145.3,143.4,143.64,12186434,NVDA
2017-06-05,142.98,148.53,142.51,148.01,20434442,NVDA
2017-06-06,147.82,149.69,146.8,147.34,18968189,NVDA
2017-06-07,148.33,149.88,147.7,149.12,15315293,NVDA
2017-06-08,153.46,160.0,151.79,159.94,29043605,NVDA
2017-06-09,164.74,168.5,142.75,149.6,92323196,NVDA
2017-06-12,145.88,151.7,142.11,149.97,42438280,NVDA
2017-06-13,154.4,154.77,145.65,151.4,41812580,NVDA
2017-06-14,151.52,154.06,148.5,151.72,29616036,NVDA
2017-06-15,146.96,153.6,146.5,152.37,24095612,NVDA
2017-06-16,152.76,154.7,150.24,151.62,23123950,NVDA
2017-06-19,153.41,157.53,153.26,157.32,19454439,NVDA
2017-06-20,159.03,161.74,156.92,157.09,27386086,NVDA
2017-06-21,158.21,159.62,155.7,159.47,17066279,NVDA
2017-06-22,159.8,160.34,157.4,158.37,11728324,NVDA
2017-06-23,158.68,159.32,153.22,153.83,27214702,NVDA
2017-06-26,155.16,156.6,148.33,152.15,26598996,NVDA
2017-06-27,151.44,151.79,146.35,146.58,24987313,NVDA
2017-06-28,149.32,151.94,145.75,151.75,24873679,NVDA
2017-06-29,150.6,150.72,144.08,146.68,26610631,NVDA
2017-06-30,147.38,147.93,143.5,144.56,18276526,NVDA
2017-07-03,145.05,145.6537,138.58,139.33,17726821,NVDA
2017-07-05,141.9,144.22,141.13,143.05,20504738,NVDA
2017-07-06,141.87,145.3799,139.76,143.48,18657132,NVDA
2017-07-07,145.78,147.5,144.85,146.76,16374302,NVDA
2017-07-10,149.74,154.0,148.6842,153.7,23962269,NVDA
2017-07-11,153.85,156.19,152.15,155.88,18948883,NVDA
2017-07-12,158.3,163.0,156.56,162.51,28630213,NVDA
2017-07-13,163.0,166.3,158.75,160.63,34228333,NVDA
2017-07-14,161.29,165.01,161.01,164.95,23548708,NVDA
2017-07-17,166.33,167.5,161.75,164.25,23269759,NVDA
2017-07-18,161.78,166.55,161.3,165.96,19415987,NVDA
2017-07-19,166.33,167.4,164.61,165.1,17176140,NVDA
2017-07-20,165.93,167.51,163.9121,167.5,17489889,NVDA
2017-07-21,166.67,169.3,166.09,168.1,16208257,NVDA
2017-07-24,168.39,168.78,165.72,166.15,16313052,NVDA
2017-07-25,165.22,165.93,163.581,165.35,12413896,NVDA
2017-07-26,167.68,169.927,165.85,167.26,16010113,NVDA
2017-07-27,168.27,168.74,157.56,161.74,19571379,NVDA
2017-07-28,160.29,165.38,159.28,164.39,12833737,NVDA
2017-07-31,164.94,166.4,160.62,162.51,13991802,NVDA
2017-08-01,162.125,164.56,161.0,164.49,10784578,NVDA
2017-08-02,165.75,165.91,161.27,164.39,11961082,NVDA
2017-08-03,164.37,166.63,163.68,166.48,11060541,NVDA
2017-08-04,167.4,170.07,166.48,167.21,14727353,NVDA
2017-08-07,168.39,172.37,168.0,172.35,17935280,NVDA
2017-08-08,173.89,174.56,168.71,170.3,18883354,NVDA
2017-08-09,168.43,172.21,167.67,172.11,13269623,NVDA
2017-08-10,172.16,172.66,164.33,164.74,33202199,NVDA
2017-08-11,157.14,159.0,152.91,155.96,37429859,NVDA
2017-08-14,159.67,168.55,159.2,168.4,31975541,NVDA
2017-08-15,168.61,169.67,165.59,166.98,19113263,NVDA
2017-08-16,167.59,168.54,163.84,165.15,14915786,NVDA
2017-08-17,164.81,165.5,161.38,161.47,13136065,NVDA
2017-08-18,163.67,164.36,159.64,161.5,15030107,NVDA
2017-08-21,162.49,162.95,157.37,159.15,15591767,NVDA
2017-08-22,160.49,162.79,159.71,162.55,11261403,NVDA
2017-08-23,161.2,166.25,160.85,165.8,14487996,NVDA
2017-08-24,167.1,167.28,164.12,165.19,11742501,NVDA
2017-08-25,166.17,166.58,163.55,163.81,8930022,NVDA
2017-08-28,164.58,165.1,162.33,164.97,9737393,NVDA
2017-08-29,162.59,165.58,162.261,164.7,8102357,NVDA
2017-08-30,165.5,166.13,164.27,165.68,9610039,NVDA
2017-08-31,166.5,169.6,166.2,169.44,15317105,NVDA
2017-09-01,169.95,171.9,169.6,170.46,11135787,NVDA
2017-09-05,168.38,168.5843,163.5625,165.91,17417392,NVDA
2017-09-06,167.24,167.8,164.4,165.81,9941783,NVDA
2017-09-07,166.49,167.89,164.95,166.58,8821702,NVDA
2017-09-08,166.11,166.71,162.71,163.69,12471422,NVDA
2017-09-11,165.54,169.4325,165.32,169.0,14186078,NVDA
2017-09-12,170.0,170.0,166.97,169.61,10287203,NVDA
2017-09-13,168.59,171.54,167.28,170.37,14523973,NVDA
2017-09-14,168.79,172.56,167.8,169.4,12842837,NVDA
2017-09-15,172.86,180.11,172.65,180.11,34119764,NVDA
2017-09-18,185.14,191.2,184.86,187.55,42111516,NVDA
2017-09-19,185.51,189.85,184.615,187.35,21856994,NVDA
2017-09-20,187.5,189.42,184.21,185.84,18122991,NVDA
2017-09-21,181.64,182.7,177.61,180.76,26889994,NVDA
2017-09-22,180.3,182.31,178.6,179.0,12280771,NVDA
2017-09-25,177.75,177.8,170.16,171.0,21864476,NVDA
2017-09-26,176.45,178.68,170.35,171.96,28140511,NVDA
2017-09-27,175.62,176.27,172.75,175.73,17842967,NVDA
2017-09-28,176.02,176.18,173.76,175.68,10881065,NVDA
2017-09-29,179.08,179.73,177.25,178.77,15477293,NVDA
2017-10-02,180.8,181.98,177.0,179.0,12586960,NVDA
2017-10-03,179.25,180.58,177.58,179.37,9758268,NVDA
2017-10-04,179.62,181.77,178.14,180.87,10696220,NVDA
2017-10-05,181.86,182.0,179.56,180.77,10934105,NVDA
2017-10-06,179.65,181.84,179.0,181.3,7969957,NVDA
2017-10-09,182.79,186.73,182.03,185.39,14087272,NVDA
2017-10-10,191.43,192.95,187.26,188.93,24371902,NVDA
2017-10-11,189.6,191.0,187.74,190.94,13237734,NVDA
2017-10-12,191.08,193.09,189.9301,191.03,13207315,NVDA
2017-10-13,193.55,195.0,191.65,194.59,15718233,NVDA
2017-10-16,195.8,198.048,193.24,197.93,14415958,NVDA
2017-10-17,197.09,198.9,196.35,197.75,11964867,NVDA
2017-10-18,198.11,198.14,193.32,197.58,14182907,NVDA
2017-10-19,194.44,198.0,192.4501,197.8,14269253,NVDA
2017-10-20,198.49,199.59,196.54,196.9,11290462,NVDA
2017-10-23,197.78,198.85,195.8,196.62,10717376,NVDA
2017-10-24,196.99,198.75,195.94,198.68,10181132,NVDA
2017-10-25,197.08,199.22,191.17,193.66,20704030,NVDA
2017-10-26,194.78,196.16,193.81,195.69,8068563,NVDA
2017-10-27,197.8,201.87,196.75,201.86,14304835,NVDA
2017-10-30,201.86,206.0899,201.22,203.84,12601417,NVDA
2017-10-31,205.13,207.89,204.9,206.81,10297707,NVDA
2017-11-01,209.35,209.97,204.6,207.2,12564446,NVDA
2017-11-02,206.0,207.81,203.65,205.94,8557738,NVDA
2017-11-03,207.2,208.69,205.341,208.69,8841024,NVDA
2017-11-06,207.2,209.98,206.7,209.63,9748616,NVDA
2017-11-07,210.55,212.9,210.0556,212.03,10692542,NVDA
2017-11-08,211.85,212.0,207.2401,209.16,13074705,NVDA
2017-11-09,205.27,206.33,200.37,205.32,23432127,NVDA
2017-11-10,213.08,218.67,211.63,216.14,31331374,NVDA
2017-11-13,216.14,217.17,212.01,212.63,14559413,NVDA
2017-11-14,213.0,214.8,211.23,214.18,13232319,NVDA
2017-11-15,211.95,212.0,207.8,209.98,12548731,NVDA
2017-11-16,212.98,214.2,211.25,211.61,11044183,NVDA
2017-11-17,213.92,215.35,210.75,211.36,12891568,NVDA
2017-11-20,211.99,214.57,210.5,214.08,9902511,NVDA
2017-11-21,215.69,216.52,214.4,216.05,9979358,NVDA
2017-11-22,217.0,217.0,213.61,214.93,8915998,NVDA
2017-11-24,215.59,217.0,214.6,216.96,4518800,NVDA
2017-11-27,217.31,217.36,214.01,214.14,10572364,NVDA
2017-11-28,214.35,214.73,208.24,210.71,12818804,NVDA
2017-11-29,210.01,210.1226,191.23,196.42,34919741,NVDA
2017-11-30,199.2,202.68,196.65,200.71,20594199,NVDA
2017-12-01,199.31,200.13,192.47,197.68,20288748,NVDA
2017-12-04,200.05,200.3,184.5,186.66,31021123,NVDA
2017-12-05,182.4,192.7,180.58,187.74,24537194,NVDA
2017-12-06,185.7,190.14,184.84,189.26,11675760,NVDA
2017-12-07,191.96,193.6,190.12,191.99,13564988,NVDA
2017-12-08,194.01,194.78,191.15,191.49,11671856,NVDA
2017-12-11,192.06,194.78,191.42,194.66,9318741,NVDA
2017-12-12,192.9,193.84,189.89,190.84,11375445,NVDA
2017-12-13,192.5,192.55,185.88,186.18,13856992,NVDA
2017-12-14,185.92,189.34,184.6,186.47,10954056,NVDA
2017-12-15,188.251,192.38,185.62,191.56,16750878,NVDA
2017-12-18,193.2,198.02,192.0,197.9,11942558,NVDA
2017-12-19,197.52,197.73,194.96,196.11,9327493,NVDA
2017-12-20,197.7,198.07,194.55,196.8,7220456,NVDA
2017-12-21,196.94,197.95,195.55,195.89,7522626,NVDA
2017-12-22,194.4,195.65,191.25,195.27,11656871,NVDA
2017-12-26,193.03,197.75,191.82,197.44,8877033,NVDA
2017-12-27,196.9,199.97,196.31,197.17,8237223,NVDA
2017-12-28,198.13,199.38,197.1514,197.4,6006248,NVDA
2017-12-29,198.46,198.46,193.5,193.5,6999116,NVDA
2018-01-02,195.78,199.5,194.5,199.35,8890417,NVDA
2018-01-03,204.1,213.7,203.75,212.47,22867591,NVDA
2018-01-04,215.76,218.05,212.69,213.59,14581720,NVDA
2018-01-05,214.19,216.91,211.08,215.4,14503103,NVDA
2018-01-08,220.4,225.0,218.58,222.0,22030422,NVDA
2018-01-09,222.22,223.82,218.64,221.94,12424995,NVDA
2018-01-10,218.2,223.82,216.0,223.68,14566626,NVDA
2018-01-11,225.0,226.27,223.21,224.08,10150767,NVDA
2018-01-12,223.6,224.99,221.34,222.98,8997902,NVDA
2018-01-16,224.05,227.51,216.69,220.11,17558687,NVDA
2018-01-17,220.7,225.12,216.9,224.72,13460222,NVDA
2018-01-18,223.94,226.64,222.68,224.44,10215841,NVDA
2018-01-19,228.09,231.09,227.0,230.11,15234486,NVDA
2018-01-22,230.43,233.76,228.1,233.69,13773561,NVDA
2018-01-23,235.85,239.83,235.101,238.91,11880705,NVDA
2018-01-24,239.04,240.4936,233.55,235.8,14499309,NVDA
2018-01-25,238.0,239.75,235.75,236.35,10247091,NVDA
2018-01-26,238.12,243.34,237.6,243.33,12908854,NVDA
2018-01-29,242.74,248.11,240.61,246.85,11377853,NVDA
2018-01-30,241.11,246.42,238.41,242.72,14270844,NVDA
2018-01-31,245.77,249.27,244.45,245.8,11964444,NVDA
2018-02-01,238.52,246.9,238.06,240.5,12980572,NVDA
2018-02-02,237.0,237.97,231.17,233.52,17961555,NVDA
2018-02-05,227.0,233.23,205.0,213.7,29130140,NVDA
2018-02-06,204.4,225.7,204.0,225.58,27870031,NVDA
2018-02-07,229.58,234.97,226.7,228.8,20073316,NVDA
